solid exported
	facet normal 0.7071067656645049 0.7071067967085898 0
		outer loop
			vertex -0.001735533936880529 0.051350001245737076 0
			vertex -0.004387184511870146 0.05400165170431137 -3.37703234868572e-17
			vertex -0.004387184511870146 0.05400165170431137 0.0024999999441206455
		endloop
	endfacet
	facet normal 0.7071067656645049 0.7071067967085898 0
		outer loop
			vertex -0.001735533936880529 0.051350001245737076 0
			vertex -0.004387184511870146 0.05400165170431137 0.0024999999441206455
			vertex -0.001735533936880529 0.051350001245737076 0.0024999999441206455
		endloop
	endfacet
	facet normal -0.7071067845819944 -0.7071067777911006 0
		outer loop
			vertex 0.00003223304884159006 0.053117766976356506 0
			vertex -0.0026194173842668533 0.0557694174349308 0.0024999999441206455
			vertex -0.0026194173842668533 0.0557694174349308 -3.3802560369689615e-17
		endloop
	endfacet
	facet normal -0.7071067845819944 -0.7071067777911006 0
		outer loop
			vertex 0.00003223304884159006 0.053117766976356506 0
			vertex 0.00003223304884159006 0.053117766976356506 0.0024999999441206455
			vertex -0.0026194173842668533 0.0557694174349308 0.0024999999441206455
		endloop
	endfacet
	facet normal -0.7071067501424627 -0.707106812230631 0
		outer loop
			vertex 0.004451650660485029 0.04869835078716278 -3.2658658918034933e-17
			vertex 0.0017999999690800905 0.051350001245737076 0.0024999999441206455
			vertex 0.0017999999690800905 0.051350001245737076 0
		endloop
	endfacet
	facet normal -0.7071067501424628 -0.707106812230631 0
		outer loop
			vertex 0.004451650660485029 0.04869835078716278 -3.2658658918034933e-17
			vertex 0.004451650660485029 0.04869835078716278 0.0024999999441206455
			vertex 0.0017999999690800905 0.051350001245737076 0.0024999999441206455
		endloop
	endfacet
	facet normal -0.7071072468473288 0.7071063155254596 0
		outer loop
			vertex 0.004451650660485029 0.04869835078716278 -3.2658658918034933e-17
			vertex 0.0026838835328817368 0.04693058133125305 0.0024999999441206455
			vertex 0.004451650660485029 0.04869835078716278 0.0024999999441206455
		endloop
	endfacet
	facet normal -0.7071072468473288 0.7071063155254596 0
		outer loop
			vertex 0.004451650660485029 0.04869835078716278 -3.2658658918034933e-17
			vertex 0.0026838835328817368 0.04693058133125305 -3.262643857881477e-17
			vertex 0.0026838835328817368 0.04693058133125305 0.0024999999441206455
		endloop
	endfacet
	facet normal 0.7071065017896372 -0.7071070605833476 0
		outer loop
			vertex -0.0026194173842668533 0.0557694174349308 0.0024999999441206455
			vertex -0.004387184511870146 0.05400165170431137 -3.37703234868572e-17
			vertex -0.0026194173842668533 0.0557694174349308 -3.3802560369689615e-17
		endloop
	endfacet
	facet normal 0.7071065017896372 -0.7071070605833476 0
		outer loop
			vertex -0.0026194173842668533 0.0557694174349308 0.0024999999441206455
			vertex -0.004387184511870146 0.05400165170431137 0.0024999999441206455
			vertex -0.004387184511870146 0.05400165170431137 -3.37703234868572e-17
		endloop
	endfacet
	facet normal 0.7071067777911006 0.7071067845819944 0
		outer loop
			vertex 0.0026838835328817368 0.04693058133125305 -3.262643857881477e-17
			vertex 0.00003223304884159006 0.04958223178982735 0
			vertex 0.00003223304884159006 0.04958223178982735 0.0024999999441206455
		endloop
	endfacet
	facet normal 0.7071067777911008 0.7071067845819944 0
		outer loop
			vertex 0.0026838835328817368 0.04693058133125305 -3.262643857881477e-17
			vertex 0.00003223304884159006 0.04958223178982735 0.0024999999441206455
			vertex 0.0026838835328817368 0.04693058133125305 0.0024999999441206455
		endloop
	endfacet
	facet normal 0 0 -1
		outer loop
			vertex -0.041430164128541946 -0.07205051928758621 0
			vertex -0.04201694577932358 -0.07959005236625671 0
			vertex -0.04743416607379913 -0.0764852911233902 0
		endloop
	endfacet
	facet normal 0 0 -1
		outer loop
			vertex -0.041430164128541946 -0.07205051928758621 0
			vertex -0.04743416607379913 -0.0764852911233902 0
			vertex -0.0418793261051178 -0.07164867222309113 0
		endloop
	endfacet
	facet normal 0 0 -1
		outer loop
			vertex -0.04221927002072334 -0.0711510181427002 0
			vertex -0.0418793261051178 -0.07164867222309113 0
			vertex -0.04743416607379913 -0.0764852911233902 0
		endloop
	endfacet
	facet normal 0 0 -1
		outer loop
			vertex -0.04243024066090584 -0.07058646529912949 0
			vertex -0.04743416607379913 -0.0764852911233902 0
			vertex -0.05262308195233345 -0.07301240414381027 0
		endloop
	endfacet
	facet normal 0 0 -1
		outer loop
			vertex -0.04243024066090584 -0.07058646529912949 0
			vertex -0.04221927002072334 -0.0711510181427002 0
			vertex -0.04743416607379913 -0.0764852911233902 0
		endloop
	endfacet
	facet normal 0 0 -1
		outer loop
			vertex -0.04249997064471245 -0.06998782604932785 0
			vertex -0.04243024066090584 -0.07058646529912949 0
			vertex -0.05262308195233345 -0.07301240414381027 0
		endloop
	endfacet
	facet normal 0 0 -1
		outer loop
			vertex -0.036792460829019547 -0.0750294104218483 0
			vertex -0.03639749437570572 -0.08231174200773239 0
			vertex -0.04201694577932358 -0.07959005236625671 0
		endloop
	endfacet
	facet normal 0 0 -1
		outer loop
			vertex -0.036792460829019547 -0.0750294104218483 0
			vertex -0.04201694577932358 -0.07959005236625671 0
			vertex -0.041430164128541946 -0.07205051928758621 0
		endloop
	endfacet
	facet normal 0 0 -1
		outer loop
			vertex -0.042424414306879044 -0.06938990205526352 0
			vertex -0.04249997064471245 -0.06998782604932785 0
			vertex -0.05262308195233345 -0.07301240414381027 0
		endloop
	endfacet
	facet normal 0 0 -1
		outer loop
			vertex -0.042207956314086914 -0.06882742792367935 0
			vertex -0.05262308195233345 -0.07301240414381027 0
			vertex -0.05755871906876564 -0.06918810307979584 0
		endloop
	endfacet
	facet normal 0 0 -1
		outer loop
			vertex -0.042207956314086914 -0.06882742792367935 0
			vertex -0.042424414306879044 -0.06938990205526352 0
			vertex -0.05262308195233345 -0.07301240414381027 0
		endloop
	endfacet
	facet normal 0 0 -1
		outer loop
			vertex -0.041863180696964264 -0.06833310425281525 0
			vertex -0.042207956314086914 -0.06882742792367935 0
			vertex -0.05755871906876564 -0.06918810307979584 0
		endloop
	endfacet
	facet normal 0 0 -1
		outer loop
			vertex -0.03194162994623184 -0.07764696329832077 0
			vertex -0.030602863058447838 -0.08463725447654724 0
			vertex -0.03639749437570572 -0.08231174200773239 0
		endloop
	endfacet
	facet normal 0 0 -1
		outer loop
			vertex -0.03194162994623184 -0.07764696329832077 0
			vertex -0.03639749437570572 -0.08231174200773239 0
			vertex -0.036792460829019547 -0.0750294104218483 0
		endloop
	endfacet
	facet normal 0 0 -1
		outer loop
			vertex -0.04141012579202652 -0.06793565303087234 0
			vertex -0.041863180696964264 -0.06833310425281525 0
			vertex -0.05755871906876564 -0.06918810307979584 0
		endloop
	endfacet
	facet normal 0 0 -1
		outer loop
			vertex -0.06780000030994415 -0.03999999910593033 0
			vertex -0.07765518128871918 -0.04549366235733032 0
			vertex -0.08062257617712021 -0.03999999910593033 0
		endloop
	endfacet
	facet normal 0 0 -1
		outer loop
			vertex -0.06780000030994415 -0.03999999910593033 0
			vertex -0.07431402057409286 -0.05076836049556732 0
			vertex -0.07765518128871918 -0.04549366235733032 0
		endloop
	endfacet
	facet normal 0 0 -1
		outer loop
			vertex -0.06780000030994415 -0.03999999910593033 0
			vertex -0.07061517983675003 -0.05579870939254761 0
			vertex -0.07431402057409286 -0.05076836049556732 0
		endloop
	endfacet
	facet normal 0 0 -1
		outer loop
			vertex -0.06780000030994415 -0.03999999910593033 0
			vertex -0.06657647341489792 -0.06056049466133118 0
			vertex -0.07061517983675003 -0.05579870939254761 0
		endloop
	endfacet
	facet normal 0 0 -1
		outer loop
			vertex -0.02690577507019043 -0.0798880085349083 0
			vertex -0.02466093748807907 -0.08655540645122528 0
			vertex -0.030602863058447838 -0.08463725447654724 0
		endloop
	endfacet
	facet normal 0 0 -1
		outer loop
			vertex -0.02690577507019043 -0.0798880085349083 0
			vertex -0.030602863058447838 -0.08463725447654724 0
			vertex -0.03194162994623184 -0.07764696329832077 0
		endloop
	endfacet
	facet normal 0 0 -1
		outer loop
			vertex -0.021714065223932266 -0.08173955976963043 0
			vertex -0.01860031671822071 -0.08805695921182632 0
			vertex -0.02466093748807907 -0.08655540645122528 0
		endloop
	endfacet
	facet normal 0 0 -1
		outer loop
			vertex -0.021714065223932266 -0.08173955976963043 0
			vertex -0.02466093748807907 -0.08655540645122528 0
			vertex -0.02690577507019043 -0.0798880085349083 0
		endloop
	endfacet
	facet normal 0 0 -1
		outer loop
			vertex -0.016396572813391685 -0.08319089561700821 0
			vertex -0.01860031671822071 -0.08805695921182632 0
			vertex -0.021714065223932266 -0.08173955976963043 0
		endloop
	endfacet
	facet normal 0 0 -1
		outer loop
			vertex -0.016396572813391685 -0.08319089561700821 0
			vertex -0.012450171634554863 -0.08913469314575195 0
			vertex -0.01860031671822071 -0.08805695921182632 0
		endloop
	endfacet
	facet normal 0 0 -1
		outer loop
			vertex -0.010984102264046669 -0.0842336118221283 0
			vertex -0.0062401024624705315 -0.08978341519832611 0
			vertex -0.012450171634554863 -0.08913469314575195 0
		endloop
	endfacet
	facet normal 0 0 -1
		outer loop
			vertex -0.010984102264046669 -0.0842336118221283 0
			vertex -0.012450171634554863 -0.08913469314575195 0
			vertex -0.016396572813391685 -0.08319089561700821 0
		endloop
	endfacet
	facet normal 0 0 -1
		outer loop
			vertex -0.029999999329447746 -0.061250001192092896 0
			vertex -0.03856983780860901 -0.06794948130846024 0
			vertex -0.039102114737033844 -0.06766680628061295 0
		endloop
	endfacet
	facet normal 0 0 -1
		outer loop
			vertex -0.029999999329447746 -0.061250001192092896 0
			vertex -0.039102114737033844 -0.06766680628061295 0
			vertex -0.039686575531959534 -0.06751972436904907 0
		endloop
	endfacet
	facet normal 0 0 -1
		outer loop
			vertex -0.029999999329447746 -0.061250001192092896 0
			vertex -0.029120666906237602 -0.07345826178789139 0
			vertex -0.03395714610815048 -0.07089579850435257 0
		endloop
	endfacet
	facet normal 0 0 -1
		outer loop
			vertex -0.029999999329447746 -0.061250001192092896 0
			vertex -0.03395714610815048 -0.07089579850435257 0
			vertex -0.03856983780860901 -0.06794948130846024 0
		endloop
	endfacet
	facet normal 0 0 -1
		outer loop
			vertex -0.005508003756403923 -0.08486167341470718 0
			vertex -0.0062401024624705315 -0.08978341519832611 0
			vertex -0.010984102264046669 -0.0842336118221283 0
		endloop
	endfacet
	facet normal 0 0 -1
		outer loop
			vertex -3.3627695049940395e-16 -0.09000000357627869 0
			vertex -0.0062401024624705315 -0.08978341519832611 0
			vertex -0.005508003756403923 -0.08486167341470718 0
		endloop
	endfacet
	facet normal 0 0 -1
		outer loop
			vertex -0.029999999329447746 -0.05874999985098839 0
			vertex -0.029999999329447746 -0.061250001192092896 0
			vertex -0.039686575531959534 -0.06751972436904907 0
		endloop
	endfacet
	facet normal 0 0 -1
		outer loop
			vertex -0.029999999329447746 -0.05874999985098839 0
			vertex -0.039686575531959534 -0.06751972436904907 0
			vertex -0.0402892529964447 -0.06751678884029388 0
		endloop
	endfacet
	facet normal 0 0 -1
		outer loop
			vertex -0.04405000060796738 -0.04374999925494194 0
			vertex -0.06221732124686241 -0.06503079831600189 0
			vertex -0.06657647341489792 -0.06056049466133118 0
		endloop
	endfacet
	facet normal 0 0 -1
		outer loop
			vertex -0.04405000060796738 -0.04374999925494194 0
			vertex -0.05755871906876564 -0.06918810307979584 0
			vertex -0.06221732124686241 -0.06503079831600189 0
		endloop
	endfacet
	facet normal 0 0 -1
		outer loop
			vertex -0.04405000060796738 -0.04374999925494194 0
			vertex -0.0402892529964447 -0.06751678884029388 0
			vertex -0.04087511822581291 -0.06765817105770111 0
		endloop
	endfacet
	facet normal 0 0 -1
		outer loop
			vertex -0.04405000060796738 -0.04374999925494194 0
			vertex -0.04087511822581291 -0.06765817105770111 0
			vertex -0.04141012579202652 -0.06793565303087234 0
		endloop
	endfacet
	facet normal 0 0 -1
		outer loop
			vertex -0.04405000060796738 -0.04374999925494194 0
			vertex -0.04141012579202652 -0.06793565303087234 0
			vertex -0.05755871906876564 -0.06918810307979584 0
		endloop
	endfacet
	facet normal 0 0 -1
		outer loop
			vertex -0.04780000075697899 -0.03999999910593033 0
			vertex -0.06657647341489792 -0.06056049466133118 0
			vertex -0.06780000030994415 -0.03999999910593033 0
		endloop
	endfacet
	facet normal 0 0 -1
		outer loop
			vertex -0.04780000075697899 -0.03999999910593033 0
			vertex -0.04405000060796738 -0.04374999925494194 0
			vertex -0.06657647341489792 -0.06056049466133118 0
		endloop
	endfacet
	facet normal 0 0 -1
		outer loop
			vertex -0.02500000037252903 -0.061250001192092896 0
			vertex -0.029120666906237602 -0.07345826178789139 0
			vertex -0.029999999329447746 -0.061250001192092896 0
		endloop
	endfacet
	facet normal 0 0 -1
		outer loop
			vertex -0.02500000037252903 -0.061250001192092896 0
			vertex -0.02409227564930916 -0.07561996579170227 0
			vertex -0.029120666906237602 -0.07345826178789139 0
		endloop
	endfacet
	facet normal 0 0 -1
		outer loop
			vertex -0.04154999926686287 -0.04374999925494194 0
			vertex -0.029999999329447746 -0.05874999985098839 0
			vertex -0.0402892529964447 -0.06751678884029388 0
		endloop
	endfacet
	facet normal 0 0 -1
		outer loop
			vertex -0.04154999926686287 -0.04374999925494194 0
			vertex -0.0402892529964447 -0.06751678884029388 0
			vertex -0.04405000060796738 -0.04374999925494194 0
		endloop
	endfacet
	facet normal 0 0 -1
		outer loop
			vertex -0.04780000075697899 -0.03750000149011612 0
			vertex -0.04780000075697899 -0.03999999910593033 0
			vertex -0.06780000030994415 -0.03999999910593033 0
		endloop
	endfacet
	facet normal 0 0 -1
		outer loop
			vertex -3.164135580477027e-17 -0.08507142961025238 0
			vertex -3.3627695049940395e-16 -0.09000000357627869 0
			vertex -0.005508003756403923 -0.08486167341470718 0
		endloop
	endfacet
	facet normal 0 0 -1
		outer loop
			vertex -0.04405000060796738 -0.03999999910593033 0
			vertex -0.04405000060796738 -0.04374999925494194 0
			vertex -0.04780000075697899 -0.03999999910593033 0
		endloop
	endfacet
	facet normal 0 0 -1
		outer loop
			vertex 0.005508003756403923 -0.08486167341470718 0
			vertex 0.0062401024624705315 -0.08978341519832611 0
			vertex -3.3627695049940395e-16 -0.09000000357627869 0
		endloop
	endfacet
	facet normal 0 0 -1
		outer loop
			vertex 0.005508003756403923 -0.08486167341470718 0
			vertex -3.3627695049940395e-16 -0.09000000357627869 0
			vertex -3.164135580477027e-17 -0.08507142961025238 0
		endloop
	endfacet
	facet normal 0 0 -1
		outer loop
			vertex -0.04405000060796738 -0.03375000134110451 0
			vertex -0.04780000075697899 -0.03750000149011612 0
			vertex -0.06780000030994415 -0.03999999910593033 0
		endloop
	endfacet
	facet normal 0 0 -1
		outer loop
			vertex -0.04405000060796738 -0.03375000134110451 0
			vertex -0.04405000060796738 -0.03750000149011612 0
			vertex -0.04780000075697899 -0.03750000149011612 0
		endloop
	endfacet
	facet normal 0 0 -1
		outer loop
			vertex -0.03779999911785126 -0.03999999910593033 0
			vertex -0.029999999329447746 -0.05874999985098839 0
			vertex -0.04154999926686287 -0.04374999925494194 0
		endloop
	endfacet
	facet normal 0 0 -1
		outer loop
			vertex -0.03779999911785126 -0.03999999910593033 0
			vertex -0.04154999926686287 -0.04374999925494194 0
			vertex -0.04154999926686287 -0.03999999910593033 0
		endloop
	endfacet
	facet normal 0 0 -1
		outer loop
			vertex -0.014999999664723873 -0.061250001192092896 0
			vertex -0.02409227564930916 -0.07561996579170227 0
			vertex -0.02500000037252903 -0.061250001192092896 0
		endloop
	endfacet
	facet normal 0 0 -1
		outer loop
			vertex -0.014999999664723873 -0.061250001192092896 0
			vertex -0.013593352399766445 -0.07868689298629761 0
			vertex -0.01890510879456997 -0.07736668735742569 0
		endloop
	endfacet
	facet normal 0 0 -1
		outer loop
			vertex -0.014999999664723873 -0.061250001192092896 0
			vertex -0.01890510879456997 -0.07736668735742569 0
			vertex -0.02409227564930916 -0.07561996579170227 0
		endloop
	endfacet
	facet normal 0 0 -1
		outer loop
			vertex -0.03779999911785126 -0.03750000149011612 0
			vertex -0.04154999926686287 -0.03750000149011612 0
			vertex -0.04154999926686287 -0.03375000134110451 0
		endloop
	endfacet
	facet normal 0 0 -1
		outer loop
			vertex -0.014999999664723873 -0.05874999985098839 0
			vertex -0.02500000037252903 -0.061250001192092896 0
			vertex -0.02500000037252903 -0.05874999985098839 0
		endloop
	endfacet
	facet normal 0 0 -1
		outer loop
			vertex -0.014999999664723873 -0.05874999985098839 0
			vertex -0.014999999664723873 -0.061250001192092896 0
			vertex -0.02500000037252903 -0.061250001192092896 0
		endloop
	endfacet
	facet normal 0 0 -1
		outer loop
			vertex 0.010984102264046669 -0.0842336118221283 0
			vertex 0.012450171634554863 -0.08913469314575195 0
			vertex 0.0062401024624705315 -0.08978341519832611 0
		endloop
	endfacet
	facet normal 0 0 -1
		outer loop
			vertex 0.010984102264046669 -0.0842336118221283 0
			vertex 0.0062401024624705315 -0.08978341519832611 0
			vertex 0.005508003756403923 -0.08486167341470718 0
		endloop
	endfacet
	facet normal 0 0 -1
		outer loop
			vertex 0.016396572813391685 -0.08319089561700821 0
			vertex 0.01860031671822071 -0.08805695921182632 0
			vertex 0.012450171634554863 -0.08913469314575195 0
		endloop
	endfacet
	facet normal 0 0 -1
		outer loop
			vertex 0.016396572813391685 -0.08319089561700821 0
			vertex 0.012450171634554863 -0.08913469314575195 0
			vertex 0.010984102264046669 -0.0842336118221283 0
		endloop
	endfacet
	facet normal 0 0 -1
		outer loop
			vertex -0.004999999888241291 -0.061250001192092896 0
			vertex -0.0027366820722818375 -0.0800158679485321 0
			vertex -0.008192011155188084 -0.07957190275192261 0
		endloop
	endfacet
	facet normal 0 0 -1
		outer loop
			vertex -0.004999999888241291 -0.061250001192092896 0
			vertex -0.008192011155188084 -0.07957190275192261 0
			vertex -0.013593352399766445 -0.07868689298629761 0
		endloop
	endfacet
	facet normal 0 0 -1
		outer loop
			vertex -0.004999999888241291 -0.061250001192092896 0
			vertex -0.013593352399766445 -0.07868689298629761 0
			vertex -0.014999999664723873 -0.061250001192092896 0
		endloop
	endfacet
	facet normal 0 0 -1
		outer loop
			vertex -0.001500000013038516 -0.061500001698732376 0
			vertex -0.0027366820722818375 -0.0800158679485321 0
			vertex -0.004999999888241291 -0.061250001192092896 0
		endloop
	endfacet
	facet normal 0 0 -1
		outer loop
			vertex -0.02679533138871193 -0.03616727143526077 0
			vertex -0.03779999911785126 -0.03999999910593033 0
			vertex -0.02685866877436638 -0.03610393777489662 0
		endloop
	endfacet
	facet normal 0 0 -1
		outer loop
			vertex -0.026719488203525543 -0.036214929074048996 0
			vertex -0.03779999911785126 -0.03999999910593033 0
			vertex -0.02679533138871193 -0.03616727143526077 0
		endloop
	endfacet
	facet normal 0 0 -1
		outer loop
			vertex -0.026906322687864304 -0.036028094589710236 0
			vertex -0.02685866877436638 -0.03610393777489662 0
			vertex -0.03779999911785126 -0.03999999910593033 0
		endloop
	endfacet
	facet normal 0 0 -1
		outer loop
			vertex -0.026906322687864304 -0.036028094589710236 0
			vertex -0.03779999911785126 -0.03999999910593033 0
			vertex -0.03779999911785126 -0.03750000149011612 0
		endloop
	endfacet
	facet normal 0 0 -1
		outer loop
			vertex -0.02693590708076954 -0.03594354912638664 0
			vertex -0.026906322687864304 -0.036028094589710236 0
			vertex -0.03779999911785126 -0.03750000149011612 0
		endloop
	endfacet
	facet normal 0 0 -1
		outer loop
			vertex -0.0266349446028471 -0.03624451160430908 0
			vertex -0.03779999911785126 -0.03999999910593033 0
			vertex -0.026719488203525543 -0.036214929074048996 0
		endloop
	endfacet
	facet normal 0 0 -1
		outer loop
			vertex -0.0266349446028471 -0.03624451160430908 0
			vertex -0.029999999329447746 -0.05874999985098839 0
			vertex -0.03779999911785126 -0.03999999910593033 0
		endloop
	endfacet
	facet normal 0 0 -1
		outer loop
			vertex -0.02654593624174595 -0.03625454008579254 0
			vertex -0.029999999329447746 -0.05874999985098839 0
			vertex -0.0266349446028471 -0.03624451160430908 0
		endloop
	endfacet
	facet normal 0 0 -1
		outer loop
			vertex -0.02654593624174595 -0.03625454008579254 0
			vertex -0.02500000037252903 -0.05874999985098839 0
			vertex -0.029999999329447746 -0.05874999985098839 0
		endloop
	endfacet
	facet normal 0 0 -1
		outer loop
			vertex -0.026945935562253 -0.03585454076528549 0
			vertex -0.02693590708076954 -0.03594354912638664 0
			vertex -0.03779999911785126 -0.03750000149011612 0
		endloop
	endfacet
	facet normal 0 0 -1
		outer loop
			vertex 0.021714065223932266 -0.08173955976963043 0
			vertex 0.02466093748807907 -0.08655540645122528 0
			vertex 0.01860031671822071 -0.08805695921182632 0
		endloop
	endfacet
	facet normal 0 0 -1
		outer loop
			vertex 0.021714065223932266 -0.08173955976963043 0
			vertex 0.01860031671822071 -0.08805695921182632 0
			vertex 0.016396572813391685 -0.08319089561700821 0
		endloop
	endfacet
	facet normal 0 0 -1
		outer loop
			vertex 0.001500000013038516 -0.061500001698732376 0
			vertex 0.0027366820722818375 -0.0800158679485321 0
			vertex -0.0027366820722818375 -0.0800158679485321 0
		endloop
	endfacet
	facet normal 0 0 -1
		outer loop
			vertex 0.001500000013038516 -0.061500001698732376 0
			vertex -0.0027366820722818375 -0.0800158679485321 0
			vertex -0.001500000013038516 -0.061500001698732376 0
		endloop
	endfacet
	facet normal 0 0 -1
		outer loop
			vertex -0.001500000013038516 -0.05849999934434891 0
			vertex -0.004999999888241291 -0.061250001192092896 0
			vertex -0.004999999888241291 -0.05874999985098839 0
		endloop
	endfacet
	facet normal 0 0 -1
		outer loop
			vertex -0.001500000013038516 -0.05849999934434891 0
			vertex -0.001500000013038516 -0.061500001698732376 0
			vertex -0.004999999888241291 -0.061250001192092896 0
		endloop
	endfacet
	facet normal -1.5543135579654614e-15 2.9280607182927884e-16 -1
		outer loop
			vertex -0.06530000269412994 0.005499999970197678 9.436895808575504e-18
			vertex -0.06780000030994415 -0.03999999910593033 0
			vertex -0.06780000030994415 0.005499999970197678 1.3322675997716858e-17
		endloop
	endfacet
	facet normal -5.538082492198989e-17 2.1044720732458426e-16 -1
		outer loop
			vertex -0.06530000269412994 0.005499999970197678 9.436895808575504e-18
			vertex -0.04405000060796738 -0.03375000134110451 0
			vertex -0.06780000030994415 -0.03999999910593033 0
		endloop
	endfacet
	facet normal 0 0 -1
		outer loop
			vertex -0.02014593593776226 -0.03625454008579254 0
			vertex -0.014999999664723873 -0.05874999985098839 0
			vertex -0.02500000037252903 -0.05874999985098839 0
		endloop
	endfacet
	facet normal 0 0 -1
		outer loop
			vertex -0.02014593593776226 -0.03625454008579254 0
			vertex -0.02500000037252903 -0.05874999985098839 0
			vertex -0.02654593624174595 -0.03625454008579254 0
		endloop
	endfacet
	facet normal 0 0 -1
		outer loop
			vertex -0.026945935562253 -0.029454540461301804 0
			vertex -0.026945935562253 -0.03585454076528549 0
			vertex -0.03779999911785126 -0.03750000149011612 0
		endloop
	endfacet
	facet normal 0 0 -1
		outer loop
			vertex -0.026945935562253 -0.029454540461301804 0
			vertex -0.03779999911785126 -0.03750000149011612 0
			vertex -0.04154999926686287 -0.03375000134110451 0
		endloop
	endfacet
	facet normal 0 0 -1
		outer loop
			vertex -0.02005692757666111 -0.03624451160430908 0
			vertex -0.014999999664723873 -0.05874999985098839 0
			vertex -0.02014593593776226 -0.03625454008579254 0
		endloop
	endfacet
	facet normal 0 0 -1
		outer loop
			vertex -0.02693590708076954 -0.029365532100200653 0
			vertex -0.026945935562253 -0.029454540461301804 0
			vertex -0.04154999926686287 -0.03375000134110451 0
		endloop
	endfacet
	facet normal 0 0 -1
		outer loop
			vertex 0.004999999888241291 -0.061250001192092896 0
			vertex 0.0027366820722818375 -0.0800158679485321 0
			vertex 0.001500000013038516 -0.061500001698732376 0
		endloop
	endfacet
	facet normal 0 0 -1
		outer loop
			vertex 0.004999999888241291 -0.061250001192092896 0
			vertex 0.013593352399766445 -0.07868689298629761 0
			vertex 0.008192011155188084 -0.07957190275192261 0
		endloop
	endfacet
	facet normal 0 0 -1
		outer loop
			vertex 0.004999999888241291 -0.061250001192092896 0
			vertex 0.008192011155188084 -0.07957190275192261 0
			vertex 0.0027366820722818375 -0.0800158679485321 0
		endloop
	endfacet
	facet normal 0 0 -1
		outer loop
			vertex -0.026906322687864304 -0.02928098663687706 0
			vertex -0.02693590708076954 -0.029365532100200653 0
			vertex -0.04154999926686287 -0.03375000134110451 0
		endloop
	endfacet
	facet normal 0 0 -1
		outer loop
			vertex -0.019972382113337517 -0.036214929074048996 0
			vertex -0.014999999664723873 -0.05874999985098839 0
			vertex -0.02005692757666111 -0.03624451160430908 0
		endloop
	endfacet
	facet normal 0 0 -1
		outer loop
			vertex -0.01989653892815113 -0.03616727143526077 0
			vertex -0.014999999664723873 -0.05874999985098839 0
			vertex -0.019972382113337517 -0.036214929074048996 0
		endloop
	endfacet
	facet normal 0 0 -1
		outer loop
			vertex -0.02685866877436638 -0.029205143451690674 0
			vertex -0.026906322687864304 -0.02928098663687706 0
			vertex -0.04154999926686287 -0.03375000134110451 0
		endloop
	endfacet
	facet normal 0 0 -1
		outer loop
			vertex -0.01983320340514183 -0.03610393777489662 0
			vertex -0.014999999664723873 -0.05874999985098839 0
			vertex -0.01989653892815113 -0.03616727143526077 0
		endloop
	endfacet
	facet normal 0 0 -1
		outer loop
			vertex -0.01983320340514183 -0.03610393777489662 0
			vertex -0.004999999888241291 -0.05874999985098839 0
			vertex -0.014999999664723873 -0.05874999985098839 0
		endloop
	endfacet
	facet normal 0 0 -1
		outer loop
			vertex -0.02679533138871193 -0.029141807928681374 0
			vertex -0.02685866877436638 -0.029205143451690674 0
			vertex -0.04154999926686287 -0.03375000134110451 0
		endloop
	endfacet
	facet normal 0 0 -1
		outer loop
			vertex -0.019785547628998756 -0.036028094589710236 0
			vertex -0.004999999888241291 -0.05874999985098839 0
			vertex -0.01983320340514183 -0.03610393777489662 0
		endloop
	endfacet
	facet normal 0 0 -1
		outer loop
			vertex -0.019785547628998756 -0.036028094589710236 0
			vertex -0.001500000013038516 -0.05849999934434891 0
			vertex -0.004999999888241291 -0.05874999985098839 0
		endloop
	endfacet
	facet normal 0 0 -1
		outer loop
			vertex -0.01975596509873867 -0.03594354912638664 0
			vertex -0.001500000013038516 -0.05849999934434891 0
			vertex -0.019785547628998756 -0.036028094589710236 0
		endloop
	endfacet
	facet normal 0 0 -1
		outer loop
			vertex 0.004999999888241291 -0.05874999985098839 0
			vertex 0.004999999888241291 -0.061250001192092896 0
			vertex 0.001500000013038516 -0.061500001698732376 0
		endloop
	endfacet
	facet normal 0 0 -1
		outer loop
			vertex 0.004999999888241291 -0.05874999985098839 0
			vertex 0.001500000013038516 -0.061500001698732376 0
			vertex 0.001500000013038516 -0.05849999934434891 0
		endloop
	endfacet
	facet normal 0 0 -1
		outer loop
			vertex 0.02690577507019043 -0.0798880085349083 0
			vertex 0.02466093748807907 -0.08655540645122528 0
			vertex 0.021714065223932266 -0.08173955976963043 0
		endloop
	endfacet
	facet normal 0 0 -1
		outer loop
			vertex 0.02690577507019043 -0.0798880085349083 0
			vertex 0.030602863058447838 -0.08463725447654724 0
			vertex 0.02466093748807907 -0.08655540645122528 0
		endloop
	endfacet
	facet normal 0 0 -1
		outer loop
			vertex 0.014999999664723873 -0.061250001192092896 0
			vertex 0.013593352399766445 -0.07868689298629761 0
			vertex 0.004999999888241291 -0.061250001192092896 0
		endloop
	endfacet
	facet normal 0 0 -1
		outer loop
			vertex 0.014999999664723873 -0.061250001192092896 0
			vertex 0.02409227564930916 -0.07561996579170227 0
			vertex 0.01890510879456997 -0.07736668735742569 0
		endloop
	endfacet
	facet normal 0 0 -1
		outer loop
			vertex 0.014999999664723873 -0.061250001192092896 0
			vertex 0.01890510879456997 -0.07736668735742569 0
			vertex 0.013593352399766445 -0.07868689298629761 0
		endloop
	endfacet
	facet normal 0 0 -1
		outer loop
			vertex -0.021304838359355927 -0.024471314623951912 0
			vertex -0.02014593593776226 -0.029054539278149605 0
			vertex -0.02654593624174595 -0.029054539278149605 0
		endloop
	endfacet
	facet normal 0 0 -1
		outer loop
			vertex -0.021304838359355927 -0.024471314623951912 0
			vertex -0.02654593624174595 -0.029054539278149605 0
			vertex -0.021593552082777023 -0.024215536192059517 0
		endloop
	endfacet
	facet normal 0 0 -1
		outer loop
			vertex -0.021812664344906807 -0.02389809675514698 0
			vertex -0.021593552082777023 -0.024215536192059517 0
			vertex -0.02654593624174595 -0.029054539278149605 0
		endloop
	endfacet
	facet normal 0 0 -1
		outer loop
			vertex 0.03194162994623184 -0.07764696329832077 0
			vertex 0.03639749437570572 -0.08231174200773239 0
			vertex 0.030602863058447838 -0.08463725447654724 0
		endloop
	endfacet
	facet normal 0 0 -1
		outer loop
			vertex 0.03194162994623184 -0.07764696329832077 0
			vertex 0.030602863058447838 -0.08463725447654724 0
			vertex 0.02690577507019043 -0.0798880085349083 0
		endloop
	endfacet
	facet normal 0 0 -1
		outer loop
			vertex -0.020963303744792938 -0.024650566279888153 0
			vertex -0.02014593593776226 -0.029054539278149605 0
			vertex -0.021304838359355927 -0.024471314623951912 0
		endloop
	endfacet
	facet normal 0 0 -1
		outer loop
			vertex -0.021949442103505135 -0.023537445813417435 0
			vertex -0.021812664344906807 -0.02389809675514698 0
			vertex -0.02654593624174595 -0.029054539278149605 0
		endloop
	endfacet
	facet normal 0 0 -1
		outer loop
			vertex -0.020588794723153114 -0.02474287338554859 0
			vertex -0.02014593593776226 -0.029054539278149605 0
			vertex -0.020963303744792938 -0.024650566279888153 0
		endloop
	endfacet
	facet normal 0 0 -1
		outer loop
			vertex -0.02199593558907509 -0.023154539987444878 0
			vertex -0.021949442103505135 -0.023537445813417435 0
			vertex -0.02654593624174595 -0.029054539278149605 0
		endloop
	endfacet
	facet normal 0 0 -1
		outer loop
			vertex -0.02199593558907509 -0.023154539987444878 0
			vertex -0.02654593624174595 -0.029054539278149605 0
			vertex -0.0266349446028471 -0.029064569622278214 0
		endloop
	endfacet
	facet normal 0 0 -1
		outer loop
			vertex -0.02199593558907509 -0.023154539987444878 0
			vertex -0.0266349446028471 -0.029064569622278214 0
			vertex -0.026719488203525543 -0.0290941521525383 0
		endloop
	endfacet
	facet normal 0 0 -1
		outer loop
			vertex -0.02020307630300522 -0.02474287338554859 0
			vertex -0.02014593593776226 -0.029054539278149605 0
			vertex -0.020588794723153114 -0.02474287338554859 0
		endloop
	endfacet
	facet normal 0 0 -1
		outer loop
			vertex -0.02020307630300522 -0.02474287338554859 0
			vertex -0.02005692757666111 -0.029064569622278214 0
			vertex -0.02014593593776226 -0.029054539278149605 0
		endloop
	endfacet
	facet normal 0 0 -1
		outer loop
			vertex -0.021949442103505135 -0.02277163416147232 0
			vertex -0.026719488203525543 -0.0290941521525383 0
			vertex -0.02679533138871193 -0.029141807928681374 0
		endloop
	endfacet
	facet normal 0 0 -1
		outer loop
			vertex -0.021949442103505135 -0.02277163416147232 0
			vertex -0.02199593558907509 -0.023154539987444878 0
			vertex -0.026719488203525543 -0.0290941521525383 0
		endloop
	endfacet
	facet normal 0 0 -1
		outer loop
			vertex -0.019828567281365395 -0.024650566279888153 0
			vertex -0.01989653892815113 -0.029141807928681374 0
			vertex -0.019972382113337517 -0.0290941521525383 0
		endloop
	endfacet
	facet normal 0 0 -1
		outer loop
			vertex -0.019828567281365395 -0.024650566279888153 0
			vertex -0.019972382113337517 -0.0290941521525383 0
			vertex -0.02005692757666111 -0.029064569622278214 0
		endloop
	endfacet
	facet normal 0 0 -1
		outer loop
			vertex -0.019828567281365395 -0.024650566279888153 0
			vertex -0.02005692757666111 -0.029064569622278214 0
			vertex -0.02020307630300522 -0.02474287338554859 0
		endloop
	endfacet
	facet normal 0 0 -1
		outer loop
			vertex -0.021812664344906807 -0.022410983219742775 0
			vertex -0.02679533138871193 -0.029141807928681374 0
			vertex -0.04154999926686287 -0.03375000134110451 0
		endloop
	endfacet
	facet normal 0 0 -1
		outer loop
			vertex -0.021812664344906807 -0.022410983219742775 0
			vertex -0.021949442103505135 -0.02277163416147232 0
			vertex -0.02679533138871193 -0.029141807928681374 0
		endloop
	endfacet
	facet normal 0 0 -1
		outer loop
			vertex -0.019487032666802406 -0.024471314623951912 0
			vertex -0.01989653892815113 -0.029141807928681374 0
			vertex -0.019828567281365395 -0.024650566279888153 0
		endloop
	endfacet
	facet normal 0 0 -1
		outer loop
			vertex -0.019487032666802406 -0.024471314623951912 0
			vertex -0.01983320340514183 -0.029205143451690674 0
			vertex -0.01989653892815113 -0.029141807928681374 0
		endloop
	endfacet
	facet normal 0 0 -1
		outer loop
			vertex -0.01919831894338131 -0.024215536192059517 0
			vertex -0.019785547628998756 -0.02928098663687706 0
			vertex -0.01983320340514183 -0.029205143451690674 0
		endloop
	endfacet
	facet normal 0 0 -1
		outer loop
			vertex -0.01919831894338131 -0.024215536192059517 0
			vertex -0.01983320340514183 -0.029205143451690674 0
			vertex -0.019487032666802406 -0.024471314623951912 0
		endloop
	endfacet
	facet normal 0 0 -1
		outer loop
			vertex -0.018979206681251526 -0.02389809675514698 0
			vertex -0.01975596509873867 -0.029365532100200653 0
			vertex -0.019785547628998756 -0.02928098663687706 0
		endloop
	endfacet
	facet normal 0 0 -1
		outer loop
			vertex -0.018979206681251526 -0.02389809675514698 0
			vertex -0.019785547628998756 -0.02928098663687706 0
			vertex -0.01919831894338131 -0.024215536192059517 0
		endloop
	endfacet
	facet normal -1.4945307639442086e-15 -5.687104534349504e-16 -1
		outer loop
			vertex -0.0471000000834465 0.005499999970197678 -1.776356799695581e-17
			vertex -0.04405000060796738 -0.03375000134110451 0
			vertex -0.06530000269412994 0.005499999970197678 9.436895808575504e-18
		endloop
	endfacet
	facet normal 3.033363529858718e-16 -5.280043764642857e-16 -1
		outer loop
			vertex -0.044599998742341995 0.005499999970197678 -2.1649348186097164e-17
			vertex -0.021812664344906807 -0.022410983219742775 0
			vertex -0.04154999926686287 -0.03375000134110451 0
		endloop
	endfacet
	facet normal -1.5543112418590166e-15 -5.733558144589652e-16 -1
		outer loop
			vertex -0.044599998742341995 0.005499999970197678 -2.1649348186097164e-17
			vertex -0.04405000060796738 -0.03375000134110451 0
			vertex -0.0471000000834465 0.005499999970197678 -1.776356799695581e-17
		endloop
	endfacet
	facet normal 2.871922005108166e-16 -5.47197608829047e-16 -1
		outer loop
			vertex -0.044599998742341995 0.005499999970197678 -2.1649348186097164e-17
			vertex -0.020963303744792938 -0.021658513695001602 0
			vertex -0.021304838359355927 -0.021837765350937843 0
		endloop
	endfacet
	facet normal 3.9978061713688486e-16 -4.512583397717115e-16 -1
		outer loop
			vertex -0.044599998742341995 0.005499999970197678 -2.1649348186097164e-17
			vertex -0.021304838359355927 -0.021837765350937843 0
			vertex -0.021593552082777023 -0.02209354378283024 0
		endloop
	endfacet
	facet normal 5.148127013819423e-16 -3.553489656800966e-16 -1
		outer loop
			vertex -0.044599998742341995 0.005499999970197678 -2.1649348186097164e-17
			vertex -0.021593552082777023 -0.02209354378283024 0
			vertex -0.021812664344906807 -0.022410983219742775 0
		endloop
	endfacet
	facet normal 0 -5.515757315366803e-16 -1
		outer loop
			vertex -0.044599998742341995 0.005499999970197678 -2.1649348186097164e-17
			vertex -0.04154999926686287 -0.03375000134110451 0
			vertex -0.04405000060796738 -0.03375000134110451 0
		endloop
	endfacet
	facet normal 0 0 -1
		outer loop
			vertex 0.036792460829019547 -0.0750294104218483 0
			vertex 0.03639749437570572 -0.08231174200773239 0
			vertex 0.03194162994623184 -0.07764696329832077 0
		endloop
	endfacet
	facet normal 0 0 -1
		outer loop
			vertex 0.04201694577932358 -0.07959005236625671 0
			vertex 0.03639749437570572 -0.08231174200773239 0
			vertex 0.036792460829019547 -0.0750294104218483 0
		endloop
	endfacet
	facet normal 0 0 -1
		outer loop
			vertex 0.02500000037252903 -0.061250001192092896 0
			vertex 0.02409227564930916 -0.07561996579170227 0
			vertex 0.014999999664723873 -0.061250001192092896 0
		endloop
	endfacet
	facet normal 0 0 -1
		outer loop
			vertex 0.02500000037252903 -0.061250001192092896 0
			vertex 0.029120666906237602 -0.07345826178789139 0
			vertex 0.02409227564930916 -0.07561996579170227 0
		endloop
	endfacet
	facet normal 0 0 -1
		outer loop
			vertex 0.02500000037252903 -0.05874999985098839 0
			vertex 0.014999999664723873 -0.061250001192092896 0
			vertex 0.014999999664723873 -0.05874999985098839 0
		endloop
	endfacet
	facet normal 0 0 -1
		outer loop
			vertex 0.02500000037252903 -0.05874999985098839 0
			vertex 0.02500000037252903 -0.061250001192092896 0
			vertex 0.014999999664723873 -0.061250001192092896 0
		endloop
	endfacet
	facet normal 0 0 -1
		outer loop
			vertex 0.029999999329447746 -0.061250001192092896 0
			vertex 0.03395714610815048 -0.07089579850435257 0
			vertex 0.029120666906237602 -0.07345826178789139 0
		endloop
	endfacet
	facet normal 0 0 -1
		outer loop
			vertex 0.029999999329447746 -0.061250001192092896 0
			vertex 0.029120666906237602 -0.07345826178789139 0
			vertex 0.02500000037252903 -0.061250001192092896 0
		endloop
	endfacet
	facet normal 0 0 -1
		outer loop
			vertex 0.041430164128541946 -0.07205051928758621 0
			vertex 0.04201694577932358 -0.07959005236625671 0
			vertex 0.036792460829019547 -0.0750294104218483 0
		endloop
	endfacet
	facet normal 0 0 -1
		outer loop
			vertex -0.006050489842891693 -0.02448951080441475 0
			vertex -0.01975596509873867 -0.029365532100200653 0
			vertex -0.018979206681251526 -0.02389809675514698 0
		endloop
	endfacet
	facet normal 0 0 -1
		outer loop
			vertex -0.006050489842891693 -0.02448951080441475 0
			vertex -0.01974593475461006 -0.029454540461301804 0
			vertex -0.01975596509873867 -0.029365532100200653 0
		endloop
	endfacet
	facet normal 0 0 -1
		outer loop
			vertex -0.006050489842891693 -0.02448951080441475 0
			vertex -0.01974593475461006 -0.03585454076528549 0
			vertex -0.01974593475461006 -0.029454540461301804 0
		endloop
	endfacet
	facet normal 0 0 -1
		outer loop
			vertex -0.006050489842891693 -0.02448951080441475 0
			vertex -0.01975596509873867 -0.03594354912638664 0
			vertex -0.01974593475461006 -0.03585454076528549 0
		endloop
	endfacet
	facet normal 0 0 -1
		outer loop
			vertex -0.006050489842891693 -0.02448951080441475 0
			vertex -0.001500000013038516 -0.05849999934434891 0
			vertex -0.01975596509873867 -0.03594354912638664 0
		endloop
	endfacet
	facet normal 0 0 -1
		outer loop
			vertex -0.006050489842891693 -0.02448951080441475 0
			vertex -0.018795935437083244 -0.023154539987444878 0
			vertex -0.018842428922653198 -0.02277163416147232 0
		endloop
	endfacet
	facet normal 0 0 -1
		outer loop
			vertex -0.006050489842891693 -0.02448951080441475 0
			vertex -0.018842428922653198 -0.02277163416147232 0
			vertex -0.018979206681251526 -0.022410983219742775 0
		endloop
	endfacet
	facet normal 0 0 -1
		outer loop
			vertex -0.006050489842891693 -0.02448951080441475 0
			vertex -0.018979206681251526 -0.022410983219742775 0
			vertex -0.01919831894338131 -0.02209354378283024 0
		endloop
	endfacet
	facet normal 0 0 -1
		outer loop
			vertex -0.006050489842891693 -0.02448951080441475 0
			vertex -0.018979206681251526 -0.02389809675514698 0
			vertex -0.018842428922653198 -0.023537445813417435 0
		endloop
	endfacet
	facet normal 0 0 -1
		outer loop
			vertex -0.006050489842891693 -0.02448951080441475 0
			vertex -0.018842428922653198 -0.023537445813417435 0
			vertex -0.018795935437083244 -0.023154539987444878 0
		endloop
	endfacet
	facet normal 0 0 -1
		outer loop
			vertex 0.03856983780860901 -0.06794948130846024 0
			vertex 0.03395714610815048 -0.07089579850435257 0
			vertex 0.029999999329447746 -0.061250001192092896 0
		endloop
	endfacet
	facet normal 0 0 -1
		outer loop
			vertex 0.04743416607379913 -0.0764852911233902 0
			vertex 0.04201694577932358 -0.07959005236625671 0
			vertex 0.041430164128541946 -0.07205051928758621 0
		endloop
	endfacet
	facet normal 0 0 -1
		outer loop
			vertex 0.04743416607379913 -0.0764852911233902 0
			vertex 0.041430164128541946 -0.07205051928758621 0
			vertex 0.0418793261051178 -0.07164867222309113 0
		endloop
	endfacet
	facet normal 0 0 -1
		outer loop
			vertex 0.04221927002072334 -0.0711510181427002 0
			vertex 0.04743416607379913 -0.0764852911233902 0
			vertex 0.0418793261051178 -0.07164867222309113 0
		endloop
	endfacet
	facet normal 0 0 -1
		outer loop
			vertex 0.039102114737033844 -0.06766680628061295 0
			vertex 0.03856983780860901 -0.06794948130846024 0
			vertex 0.029999999329447746 -0.061250001192092896 0
		endloop
	endfacet
	facet normal 0 0 -1
		outer loop
			vertex 0.04243024066090584 -0.07058646529912949 0
			vertex 0.04743416607379913 -0.0764852911233902 0
			vertex 0.04221927002072334 -0.0711510181427002 0
		endloop
	endfacet
	facet normal 0 0 -1
		outer loop
			vertex 0.039686575531959534 -0.06751972436904907 0
			vertex 0.029999999329447746 -0.061250001192092896 0
			vertex 0.029999999329447746 -0.05874999985098839 0
		endloop
	endfacet
	facet normal 0 0 -1
		outer loop
			vertex 0.039686575531959534 -0.06751972436904907 0
			vertex 0.039102114737033844 -0.06766680628061295 0
			vertex 0.029999999329447746 -0.061250001192092896 0
		endloop
	endfacet
	facet normal -1.3322686221678695e-15 -9.18805267660158e-16 -1
		outer loop
			vertex -0.06780000030994415 0.03999999910593033 0
			vertex -0.06530000269412994 0.025499999523162842 9.992007618673103e-18
			vertex -0.06780000030994415 0.025499999523162842 1.3322675997716858e-17
		endloop
	endfacet
	facet normal 0 0 -1
		outer loop
			vertex -0.06780000030994415 0.03999999910593033 0
			vertex -0.08062257617712021 0.03999999910593033 0
			vertex -0.07765518128871918 0.04549366235733032 0
		endloop
	endfacet
	facet normal 0 0 -1
		outer loop
			vertex 0.0402892529964447 -0.06751678884029388 0
			vertex 0.039686575531959534 -0.06751972436904907 0
			vertex 0.029999999329447746 -0.05874999985098839 0
		endloop
	endfacet
	facet normal 0 0 -1
		outer loop
			vertex -0.07431402057409286 0.05076836049556732 0
			vertex -0.06780000030994415 0.03999999910593033 0
			vertex -0.07765518128871918 0.04549366235733032 0
		endloop
	endfacet
	facet normal -1.5250314084755312e-15 2.7755591125265744e-17 -1
		outer loop
			vertex -0.0471000000834465 0.025499999523162842 -1.776356799695581e-17
			vertex -0.06530000269412994 0.005499999970197678 9.436895808575504e-18
			vertex -0.06530000269412994 0.025499999523162842 9.992007618673103e-18
		endloop
	endfacet
	facet normal -1.4945307639442086e-15 0 -1
		outer loop
			vertex -0.0471000000834465 0.025499999523162842 -1.776356799695581e-17
			vertex -0.0471000000834465 0.005499999970197678 -1.776356799695581e-17
			vertex -0.06530000269412994 0.005499999970197678 9.436895808575504e-18
		endloop
	endfacet
	facet normal -1.5250314084755312e-15 -9.520402000776444e-16 -1
		outer loop
			vertex -0.0471000000834465 0.025499999523162842 -1.776356799695581e-17
			vertex -0.06530000269412994 0.025499999523162842 9.992007618673103e-18
			vertex -0.06780000030994415 0.03999999910593033 0
		endloop
	endfacet
	facet normal 0 0 -1
		outer loop
			vertex 0.01514133159071207 -0.03610393777489662 0
			vertex 0.01520466897636652 -0.03616727143526077 0
			vertex 0.004999999888241291 -0.05874999985098839 0
		endloop
	endfacet
	facet normal 0 0 -1
		outer loop
			vertex 0.01514133159071207 -0.03610393777489662 0
			vertex 0.004999999888241291 -0.05874999985098839 0
			vertex 0.001500000013038516 -0.05849999934434891 0
		endloop
	endfacet
	facet normal 0 0 -1
		outer loop
			vertex 0.015280511230230331 -0.036214929074048996 0
			vertex 0.004999999888241291 -0.05874999985098839 0
			vertex 0.01520466897636652 -0.03616727143526077 0
		endloop
	endfacet
	facet normal 0 0 -1
		outer loop
			vertex 0.015280511230230331 -0.036214929074048996 0
			vertex 0.014999999664723873 -0.05874999985098839 0
			vertex 0.004999999888241291 -0.05874999985098839 0
		endloop
	endfacet
	facet normal 0 0 -1
		outer loop
			vertex 0.015093676745891571 -0.036028094589710236 0
			vertex 0.01514133159071207 -0.03610393777489662 0
			vertex 0.001500000013038516 -0.05849999934434891 0
		endloop
	endfacet
	facet normal 0 0 -1
		outer loop
			vertex 0.015093676745891571 -0.036028094589710236 0
			vertex 0.001500000013038516 -0.05849999934434891 0
			vertex -0.001500000013038516 -0.05849999934434891 0
		endloop
	endfacet
	facet normal 0 0 -1
		outer loop
			vertex 0.01506409328430891 -0.03594354912638664 0
			vertex -0.001500000013038516 -0.05849999934434891 0
			vertex -0.006050489842891693 -0.02448951080441475 0
		endloop
	endfacet
	facet normal 0 0 -1
		outer loop
			vertex 0.01506409328430891 -0.03594354912638664 0
			vertex 0.015093676745891571 -0.036028094589710236 0
			vertex -0.001500000013038516 -0.05849999934434891 0
		endloop
	endfacet
	facet normal 0 0 -1
		outer loop
			vertex 0.01536505576223135 -0.03624451160430908 0
			vertex 0.014999999664723873 -0.05874999985098839 0
			vertex 0.015280511230230331 -0.036214929074048996 0
		endloop
	endfacet
	facet normal 0 0 -1
		outer loop
			vertex 0.0154540641233325 -0.03625454008579254 0
			vertex 0.014999999664723873 -0.05874999985098839 0
			vertex 0.01536505576223135 -0.03624451160430908 0
		endloop
	endfacet
	facet normal 0 0 -1
		outer loop
			vertex 0.05262308195233345 -0.07301240414381027 0
			vertex 0.04243024066090584 -0.07058646529912949 0
			vertex 0.04249997064471245 -0.06998782604932785 0
		endloop
	endfacet
	facet normal 0 0 -1
		outer loop
			vertex 0.05262308195233345 -0.07301240414381027 0
			vertex 0.04249997064471245 -0.06998782604932785 0
			vertex 0.042424414306879044 -0.06938990205526352 0
		endloop
	endfacet
	facet normal 0 0 -1
		outer loop
			vertex 0.05262308195233345 -0.07301240414381027 0
			vertex 0.042424414306879044 -0.06938990205526352 0
			vertex 0.042207956314086914 -0.06882742792367935 0
		endloop
	endfacet
	facet normal 0 0 -1
		outer loop
			vertex 0.05262308195233345 -0.07301240414381027 0
			vertex 0.04743416607379913 -0.0764852911233902 0
			vertex 0.04243024066090584 -0.07058646529912949 0
		endloop
	endfacet
	facet normal 0 0 -1
		outer loop
			vertex 0.006049510091543198 -0.02448951080441475 0
			vertex 0.01506409328430891 -0.03594354912638664 0
			vertex -0.006050489842891693 -0.02448951080441475 0
		endloop
	endfacet
	facet normal 0 0 -1
		outer loop
			vertex 0.006049510091543198 -0.02448951080441475 0
			vertex 0.015054064802825451 -0.03585454076528549 0
			vertex 0.01506409328430891 -0.03594354912638664 0
		endloop
	endfacet
	facet normal 1.2959411463677774e-15 3.307403908808925e-16 -1
		outer loop
			vertex -0.029999999329447746 0.013749999925494194 0
			vertex -0.020963303744792938 -0.021658513695001602 0
			vertex -0.044599998742341995 0.005499999970197678 -2.1649348186097164e-17
		endloop
	endfacet
	facet normal 0 0 -1
		outer loop
			vertex -0.07061517983675003 0.05579870939254761 0
			vertex -0.06780000030994415 0.03999999910593033 0
			vertex -0.07431402057409286 0.05076836049556732 0
		endloop
	endfacet
	facet normal 0 0 -1
		outer loop
			vertex 0.021854065358638763 -0.03625454008579254 0
			vertex 0.02500000037252903 -0.05874999985098839 0
			vertex 0.014999999664723873 -0.05874999985098839 0
		endloop
	endfacet
	facet normal 0 0 -1
		outer loop
			vertex 0.021854065358638763 -0.03625454008579254 0
			vertex 0.014999999664723873 -0.05874999985098839 0
			vertex 0.0154540641233325 -0.03625454008579254 0
		endloop
	endfacet
	facet normal 0 0 -1
		outer loop
			vertex 0.015054064802825451 -0.029454540461301804 0
			vertex 0.015054064802825451 -0.03585454076528549 0
			vertex 0.006049510091543198 -0.02448951080441475 0
		endloop
	endfacet
	facet normal 0 0 -1
		outer loop
			vertex 0.021943073719739914 -0.03624451160430908 0
			vertex 0.02500000037252903 -0.05874999985098839 0
			vertex 0.021854065358638763 -0.03625454008579254 0
		endloop
	endfacet
	facet normal 0 0 -1
		outer loop
			vertex 0.01506409328430891 -0.029365532100200653 0
			vertex 0.015054064802825451 -0.029454540461301804 0
			vertex 0.006049510091543198 -0.02448951080441475 0
		endloop
	endfacet
	facet normal 0 0 -1
		outer loop
			vertex 0.022027617320418358 -0.036214929074048996 0
			vertex 0.02500000037252903 -0.05874999985098839 0
			vertex 0.021943073719739914 -0.03624451160430908 0
		endloop
	endfacet
	facet normal 0 0 -1
		outer loop
			vertex 0.022027617320418358 -0.036214929074048996 0
			vertex 0.029999999329447746 -0.05874999985098839 0
			vertex 0.02500000037252903 -0.05874999985098839 0
		endloop
	endfacet
	facet normal 0 0 -1
		outer loop
			vertex 0.015093676745891571 -0.02928098663687706 0
			vertex 0.01506409328430891 -0.029365532100200653 0
			vertex 0.006049510091543198 -0.02448951080441475 0
		endloop
	endfacet
	facet normal 0 0 -1
		outer loop
			vertex 0.01514133159071207 -0.029205143451690674 0
			vertex 0.015093676745891571 -0.02928098663687706 0
			vertex 0.006049510091543198 -0.02448951080441475 0
		endloop
	endfacet
	facet normal 0 0 -1
		outer loop
			vertex 0.01520466897636652 -0.029141807928681374 0
			vertex 0.01514133159071207 -0.029205143451690674 0
			vertex 0.006049510091543198 -0.02448951080441475 0
		endloop
	endfacet
	facet normal 0 0 -1
		outer loop
			vertex 0.015280511230230331 -0.0290941521525383 0
			vertex 0.01520466897636652 -0.029141807928681374 0
			vertex 0.006049510091543198 -0.02448951080441475 0
		endloop
	endfacet
	facet normal 1.4623956781101011e-15 2.7755549766234195e-17 -1
		outer loop
			vertex -0.029999999329447746 0.016249999403953552 0
			vertex -0.044599998742341995 0.005499999970197678 -2.1649348186097164e-17
			vertex -0.044599998742341995 0.025499999523162842 -2.1094237203180178e-17
		endloop
	endfacet
	facet normal 1.4828321271696188e-15 0 -1
		outer loop
			vertex -0.029999999329447746 0.016249999403953552 0
			vertex -0.029999999329447746 0.013749999925494194 0
			vertex -0.044599998742341995 0.005499999970197678 -2.1649348186097164e-17
		endloop
	endfacet
	facet normal 0 0 -1
		outer loop
			vertex -0.006050489842891693 -0.005789509974420071 0
			vertex -0.01919831894338131 -0.02209354378283024 0
			vertex -0.019487032666802406 -0.021837765350937843 0
		endloop
	endfacet
	facet normal 0 0 -1
		outer loop
			vertex -0.006050489842891693 -0.005789509974420071 0
			vertex -0.019487032666802406 -0.021837765350937843 0
			vertex -0.019828567281365395 -0.021658513695001602 0
		endloop
	endfacet
	facet normal 0 0 -1
		outer loop
			vertex -0.006050489842891693 -0.005789509974420071 0
			vertex -0.019828567281365395 -0.021658513695001602 0
			vertex -0.02020307630300522 -0.021566206589341164 0
		endloop
	endfacet
	facet normal 0 0 -1
		outer loop
			vertex -0.006050489842891693 -0.005789509974420071 0
			vertex -0.02020307630300522 -0.021566206589341164 0
			vertex -0.020588794723153114 -0.021566206589341164 0
		endloop
	endfacet
	facet normal 0 0 -1
		outer loop
			vertex -0.006050489842891693 -0.005789509974420071 0
			vertex -0.006050489842891693 -0.02448951080441475 0
			vertex -0.01919831894338131 -0.02209354378283024 0
		endloop
	endfacet
	facet normal 0 0 -1
		outer loop
			vertex 0.05755871906876564 -0.06918810307979584 0
			vertex 0.05262308195233345 -0.07301240414381027 0
			vertex 0.042207956314086914 -0.06882742792367935 0
		endloop
	endfacet
	facet normal 0 0 -1
		outer loop
			vertex 0.05755871906876564 -0.06918810307979584 0
			vertex 0.042207956314086914 -0.06882742792367935 0
			vertex 0.041863180696964264 -0.06833310425281525 0
		endloop
	endfacet
	facet normal 0 0 -1
		outer loop
			vertex 0.05755871906876564 -0.06918810307979584 0
			vertex 0.041863180696964264 -0.06833310425281525 0
			vertex 0.04141012579202652 -0.06793565303087234 0
		endloop
	endfacet
	facet normal 0 0 -1
		outer loop
			vertex -0.02500000037252903 0.013749999925494194 0
			vertex -0.006050489842891693 -0.005789509974420071 0
			vertex -0.020588794723153114 -0.021566206589341164 0
		endloop
	endfacet
	facet normal 0 0 -1
		outer loop
			vertex -0.02500000037252903 0.013749999925494194 0
			vertex -0.020963303744792938 -0.021658513695001602 0
			vertex -0.029999999329447746 0.013749999925494194 0
		endloop
	endfacet
	facet normal 0 0 -1
		outer loop
			vertex -0.02500000037252903 0.013749999925494194 0
			vertex -0.020588794723153114 -0.021566206589341164 0
			vertex -0.020963303744792938 -0.021658513695001602 0
		endloop
	endfacet
	facet normal 0 -2.2804580466300966e-15 -1
		outer loop
			vertex -0.02500000037252903 0.016249999403953552 0
			vertex -0.029999999329447746 0.016249999403953552 0
			vertex -0.044599998742341995 0.025499999523162842 -2.1094237203180178e-17
		endloop
	endfacet
	facet normal 0 0 -1
		outer loop
			vertex -0.06657647341489792 0.06056049466133118 0
			vertex -0.06780000030994415 0.03999999910593033 0
			vertex -0.07061517983675003 0.05579870939254761 0
		endloop
	endfacet
	facet normal 0 0 -1
		outer loop
			vertex 0.020695161074399948 -0.024471314623951912 0
			vertex 0.021854065358638763 -0.029054539278149605 0
			vertex 0.0154540641233325 -0.029054539278149605 0
		endloop
	endfacet
	facet normal 0 0 -1
		outer loop
			vertex 0.020695161074399948 -0.024471314623951912 0
			vertex 0.0154540641233325 -0.029054539278149605 0
			vertex 0.02040644735097885 -0.024215536192059517 0
		endloop
	endfacet
	facet normal 0 0 -1
		outer loop
			vertex 0.020187335088849068 -0.02389809675514698 0
			vertex 0.02040644735097885 -0.024215536192059517 0
			vertex 0.0154540641233325 -0.029054539278149605 0
		endloop
	endfacet
	facet normal 0 0 -1
		outer loop
			vertex 0.021036697551608086 -0.024650566279888153 0
			vertex 0.021854065358638763 -0.029054539278149605 0
			vertex 0.020695161074399948 -0.024471314623951912 0
		endloop
	endfacet
	facet normal 0 0 -1
		outer loop
			vertex 0.02005055733025074 -0.023537445813417435 0
			vertex 0.020187335088849068 -0.02389809675514698 0
			vertex 0.0154540641233325 -0.029054539278149605 0
		endloop
	endfacet
	facet normal 0 0 -1
		outer loop
			vertex 0.02141120657324791 -0.02474287338554859 0
			vertex 0.021854065358638763 -0.029054539278149605 0
			vertex 0.021036697551608086 -0.024650566279888153 0
		endloop
	endfacet
	facet normal 0 0 -1
		outer loop
			vertex 0.020004063844680786 -0.023154539987444878 0
			vertex 0.015280511230230331 -0.0290941521525383 0
			vertex 0.006049510091543198 -0.02448951080441475 0
		endloop
	endfacet
	facet normal 0 0 -1
		outer loop
			vertex 0.020004063844680786 -0.023154539987444878 0
			vertex 0.02005055733025074 -0.023537445813417435 0
			vertex 0.0154540641233325 -0.029054539278149605 0
		endloop
	endfacet
	facet normal 0 0 -1
		outer loop
			vertex 0.020004063844680786 -0.023154539987444878 0
			vertex 0.0154540641233325 -0.029054539278149605 0
			vertex 0.01536505576223135 -0.029064569622278214 0
		endloop
	endfacet
	facet normal 0 0 -1
		outer loop
			vertex 0.020004063844680786 -0.023154539987444878 0
			vertex 0.01536505576223135 -0.029064569622278214 0
			vertex 0.015280511230230331 -0.0290941521525383 0
		endloop
	endfacet
	facet normal 0 0 -1
		outer loop
			vertex 0.021796923130750656 -0.02474287338554859 0
			vertex 0.021943073719739914 -0.029064569622278214 0
			vertex 0.021854065358638763 -0.029054539278149605 0
		endloop
	endfacet
	facet normal 0 0 -1
		outer loop
			vertex 0.021796923130750656 -0.02474287338554859 0
			vertex 0.021854065358638763 -0.029054539278149605 0
			vertex 0.02141120657324791 -0.02474287338554859 0
		endloop
	endfacet
	facet normal 0 0 -1
		outer loop
			vertex 0.02005055733025074 -0.02277163416147232 0
			vertex 0.020004063844680786 -0.023154539987444878 0
			vertex 0.006049510091543198 -0.02448951080441475 0
		endloop
	endfacet
	facet normal 0 0 -1
		outer loop
			vertex 0.02217143215239048 -0.024650566279888153 0
			vertex 0.022103460505604744 -0.029141807928681374 0
			vertex 0.022027617320418358 -0.0290941521525383 0
		endloop
	endfacet
	facet normal 0 0 -1
		outer loop
			vertex 0.02217143215239048 -0.024650566279888153 0
			vertex 0.022027617320418358 -0.0290941521525383 0
			vertex 0.021943073719739914 -0.029064569622278214 0
		endloop
	endfacet
	facet normal 0 0 -1
		outer loop
			vertex 0.02217143215239048 -0.024650566279888153 0
			vertex 0.021943073719739914 -0.029064569622278214 0
			vertex 0.021796923130750656 -0.02474287338554859 0
		endloop
	endfacet
	facet normal 0 0 -1
		outer loop
			vertex 0.020187335088849068 -0.022410983219742775 0
			vertex 0.02005055733025074 -0.02277163416147232 0
			vertex 0.006049510091543198 -0.02448951080441475 0
		endloop
	endfacet
	facet normal 0 0 -1
		outer loop
			vertex 0.04154999926686287 -0.04374999925494194 0
			vertex 0.0402892529964447 -0.06751678884029388 0
			vertex 0.029999999329447746 -0.05874999985098839 0
		endloop
	endfacet
	facet normal 0 0 -1
		outer loop
			vertex 0.03779999911785126 -0.03999999910593033 0
			vertex 0.022027617320418358 -0.036214929074048996 0
			vertex 0.022103460505604744 -0.03616727143526077 0
		endloop
	endfacet
	facet normal 0 0 -1
		outer loop
			vertex 0.03779999911785126 -0.03999999910593033 0
			vertex 0.022103460505604744 -0.03616727143526077 0
			vertex 0.022166797891259193 -0.03610393777489662 0
		endloop
	endfacet
	facet normal 0 0 -1
		outer loop
			vertex 0.03779999911785126 -0.03999999910593033 0
			vertex 0.022166797891259193 -0.03610393777489662 0
			vertex 0.022214451804757118 -0.036028094589710236 0
		endloop
	endfacet
	facet normal 0 0 -1
		outer loop
			vertex 0.03779999911785126 -0.03999999910593033 0
			vertex 0.04154999926686287 -0.04374999925494194 0
			vertex 0.029999999329447746 -0.05874999985098839 0
		endloop
	endfacet
	facet normal 0 0 -1
		outer loop
			vertex 0.03779999911785126 -0.03999999910593033 0
			vertex 0.029999999329447746 -0.05874999985098839 0
			vertex 0.022027617320418358 -0.036214929074048996 0
		endloop
	endfacet
	facet normal 0 0 -1
		outer loop
			vertex 0.022512968629598618 -0.024471314623951912 0
			vertex 0.022103460505604744 -0.029141807928681374 0
			vertex 0.02217143215239048 -0.024650566279888153 0
		endloop
	endfacet
	facet normal 0 0 -1
		outer loop
			vertex 0.022512968629598618 -0.024471314623951912 0
			vertex 0.022166797891259193 -0.029205143451690674 0
			vertex 0.022103460505604744 -0.029141807928681374 0
		endloop
	endfacet
	facet normal 0 0 -1
		outer loop
			vertex 0.02040644735097885 -0.02209354378283024 0
			vertex 0.020187335088849068 -0.022410983219742775 0
			vertex 0.006049510091543198 -0.02448951080441475 0
		endloop
	endfacet
	facet normal 0 0 -1
		outer loop
			vertex 0.022801682353019714 -0.024215536192059517 0
			vertex 0.022214451804757118 -0.02928098663687706 0
			vertex 0.022166797891259193 -0.029205143451690674 0
		endloop
	endfacet
	facet normal 0 0 -1
		outer loop
			vertex 0.022801682353019714 -0.024215536192059517 0
			vertex 0.022166797891259193 -0.029205143451690674 0
			vertex 0.022512968629598618 -0.024471314623951912 0
		endloop
	endfacet
	facet normal 0 0 -1
		outer loop
			vertex -0.014999999664723873 0.013749999925494194 0
			vertex -0.006050489842891693 -0.005789509974420071 0
			vertex -0.02500000037252903 0.013749999925494194 0
		endloop
	endfacet
	facet normal 0 0 -1
		outer loop
			vertex 0.023020794615149498 -0.02389809675514698 0
			vertex 0.022214451804757118 -0.02928098663687706 0
			vertex 0.022801682353019714 -0.024215536192059517 0
		endloop
	endfacet
	facet normal 0 0 -1
		outer loop
			vertex 0.023020794615149498 -0.02389809675514698 0
			vertex 0.022244036197662354 -0.029365532100200653 0
			vertex 0.022214451804757118 -0.02928098663687706 0
		endloop
	endfacet
	facet normal 0 0 -1
		outer loop
			vertex 0.006049510091543198 -0.005789509974420071 0
			vertex 0.021036697551608086 -0.021658513695001602 0
			vertex 0.020695161074399948 -0.021837765350937843 0
		endloop
	endfacet
	facet normal 0 0 -1
		outer loop
			vertex 0.006049510091543198 -0.005789509974420071 0
			vertex 0.020695161074399948 -0.021837765350937843 0
			vertex 0.02040644735097885 -0.02209354378283024 0
		endloop
	endfacet
	facet normal 0 0 -1
		outer loop
			vertex 0.006049510091543198 -0.005789509974420071 0
			vertex 0.02040644735097885 -0.02209354378283024 0
			vertex 0.006049510091543198 -0.02448951080441475 0
		endloop
	endfacet
	facet normal 0 0 -1
		outer loop
			vertex 0.006049510091543198 -0.005789509974420071 0
			vertex 0.021796923130750656 -0.021566206589341164 0
			vertex 0.02141120657324791 -0.021566206589341164 0
		endloop
	endfacet
	facet normal 0 0 -1
		outer loop
			vertex 0.006049510091543198 -0.005789509974420071 0
			vertex 0.02141120657324791 -0.021566206589341164 0
			vertex 0.021036697551608086 -0.021658513695001602 0
		endloop
	endfacet
	facet normal 0 0 -1
		outer loop
			vertex 0.03779999911785126 -0.03750000149011612 0
			vertex 0.022254064679145813 -0.03585454076528549 0
			vertex 0.022254064679145813 -0.029454540461301804 0
		endloop
	endfacet
	facet normal 0 0 -1
		outer loop
			vertex 0.03779999911785126 -0.03750000149011612 0
			vertex 0.022214451804757118 -0.036028094589710236 0
			vertex 0.022244036197662354 -0.03594354912638664 0
		endloop
	endfacet
	facet normal 0 0 -1
		outer loop
			vertex 0.03779999911785126 -0.03750000149011612 0
			vertex 0.022244036197662354 -0.03594354912638664 0
			vertex 0.022254064679145813 -0.03585454076528549 0
		endloop
	endfacet
	facet normal 0 0 -1
		outer loop
			vertex 0.03779999911785126 -0.03750000149011612 0
			vertex 0.03779999911785126 -0.03999999910593033 0
			vertex 0.022214451804757118 -0.036028094589710236 0
		endloop
	endfacet
	facet normal 0 0 -1
		outer loop
			vertex 0.04405000060796738 -0.04374999925494194 0
			vertex 0.0402892529964447 -0.06751678884029388 0
			vertex 0.04154999926686287 -0.04374999925494194 0
		endloop
	endfacet
	facet normal 0 0 -1
		outer loop
			vertex 0.04405000060796738 -0.04374999925494194 0
			vertex 0.06221732124686241 -0.06503079831600189 0
			vertex 0.05755871906876564 -0.06918810307979584 0
		endloop
	endfacet
	facet normal 0 0 -1
		outer loop
			vertex 0.04405000060796738 -0.04374999925494194 0
			vertex 0.05755871906876564 -0.06918810307979584 0
			vertex 0.04141012579202652 -0.06793565303087234 0
		endloop
	endfacet
	facet normal 0 0 -1
		outer loop
			vertex 0.04405000060796738 -0.04374999925494194 0
			vertex 0.04141012579202652 -0.06793565303087234 0
			vertex 0.04087511822581291 -0.06765817105770111 0
		endloop
	endfacet
	facet normal 0 0 -1
		outer loop
			vertex 0.04405000060796738 -0.04374999925494194 0
			vertex 0.04087511822581291 -0.06765817105770111 0
			vertex 0.0402892529964447 -0.06751678884029388 0
		endloop
	endfacet
	facet normal 0 0 -1
		outer loop
			vertex -0.014999999664723873 0.016249999403953552 0
			vertex -0.02500000037252903 0.013749999925494194 0
			vertex -0.02500000037252903 0.016249999403953552 0
		endloop
	endfacet
	facet normal 0 0 -1
		outer loop
			vertex -0.014999999664723873 0.016249999403953552 0
			vertex -0.014999999664723873 0.013749999925494194 0
			vertex -0.02500000037252903 0.013749999925494194 0
		endloop
	endfacet
	facet normal 0 0 -1
		outer loop
			vertex 0.04154999926686287 -0.03999999910593033 0
			vertex 0.04154999926686287 -0.04374999925494194 0
			vertex 0.03779999911785126 -0.03999999910593033 0
		endloop
	endfacet
	facet normal 0 0 -1
		outer loop
			vertex -0.06221732124686241 0.06503079831600189 0
			vertex -0.06780000030994415 0.03999999910593033 0
			vertex -0.06657647341489792 0.06056049466133118 0
		endloop
	endfacet
	facet normal 0 0 -1
		outer loop
			vertex 0.06657647341489792 -0.06056049466133118 0
			vertex 0.06221732124686241 -0.06503079831600189 0
			vertex 0.04405000060796738 -0.04374999925494194 0
		endloop
	endfacet
	facet normal 0 0 -1
		outer loop
			vertex 0.04154999926686287 -0.03375000134110451 0
			vertex 0.022254064679145813 -0.029454540461301804 0
			vertex 0.022244036197662354 -0.029365532100200653 0
		endloop
	endfacet
	facet normal 0 0 -1
		outer loop
			vertex 0.04154999926686287 -0.03375000134110451 0
			vertex 0.023020794615149498 -0.02389809675514698 0
			vertex 0.023157572373747826 -0.023537445813417435 0
		endloop
	endfacet
	facet normal 0 0 -1
		outer loop
			vertex 0.04154999926686287 -0.03375000134110451 0
			vertex 0.023157572373747826 -0.023537445813417435 0
			vertex 0.02320406399667263 -0.023154539987444878 0
		endloop
	endfacet
	facet normal 0 0 -1
		outer loop
			vertex 0.04154999926686287 -0.03375000134110451 0
			vertex 0.022244036197662354 -0.029365532100200653 0
			vertex 0.023020794615149498 -0.02389809675514698 0
		endloop
	endfacet
	facet normal 0 0 -1
		outer loop
			vertex 0.04154999926686287 -0.03375000134110451 0
			vertex 0.04154999926686287 -0.03750000149011612 0
			vertex 0.03779999911785126 -0.03750000149011612 0
		endloop
	endfacet
	facet normal 0 0 -1
		outer loop
			vertex 0.04154999926686287 -0.03375000134110451 0
			vertex 0.03779999911785126 -0.03750000149011612 0
			vertex 0.022254064679145813 -0.029454540461301804 0
		endloop
	endfacet
	facet normal 0 0 -1
		outer loop
			vertex 0.04154999926686287 -0.03375000134110451 0
			vertex 0.02320406399667263 -0.023154539987444878 0
			vertex 0.023157572373747826 -0.02277163416147232 0
		endloop
	endfacet
	facet normal 0 0 -1
		outer loop
			vertex 0.04154999926686287 -0.03375000134110451 0
			vertex 0.023157572373747826 -0.02277163416147232 0
			vertex 0.023020794615149498 -0.022410983219742775 0
		endloop
	endfacet
	facet normal 0 0 -1
		outer loop
			vertex 0.04780000075697899 -0.03999999910593033 0
			vertex 0.04405000060796738 -0.04374999925494194 0
			vertex 0.04405000060796738 -0.03999999910593033 0
		endloop
	endfacet
	facet normal 0 0 -1
		outer loop
			vertex 0.04780000075697899 -0.03999999910593033 0
			vertex 0.06657647341489792 -0.06056049466133118 0
			vertex 0.04405000060796738 -0.04374999925494194 0
		endloop
	endfacet
	facet normal 0 0 -1
		outer loop
			vertex -0.004999999888241291 0.013749999925494194 0
			vertex -0.006050489842891693 -0.005789509974420071 0
			vertex -0.014999999664723873 0.013749999925494194 0
		endloop
	endfacet
	facet normal 0 0 -1
		outer loop
			vertex 0.04405000060796738 -0.03375000134110451 0
			vertex 0.04780000075697899 -0.03750000149011612 0
			vertex 0.04405000060796738 -0.03750000149011612 0
		endloop
	endfacet
	facet normal 0 0 -1
		outer loop
			vertex -0.001500000013038516 0.013500000350177288 0
			vertex 0.006049510091543198 -0.005789509974420071 0
			vertex -0.006050489842891693 -0.005789509974420071 0
		endloop
	endfacet
	facet normal 0 0 -1
		outer loop
			vertex -0.001500000013038516 0.013500000350177288 0
			vertex -0.006050489842891693 -0.005789509974420071 0
			vertex -0.004999999888241291 0.013749999925494194 0
		endloop
	endfacet
	facet normal 0 0 -1
		outer loop
			vertex 0.001500000013038516 0.013500000350177288 0
			vertex 0.006049510091543198 -0.005789509974420071 0
			vertex -0.001500000013038516 0.013500000350177288 0
		endloop
	endfacet
	facet normal 0 0 -1
		outer loop
			vertex -0.001500000013038516 0.016499999910593033 0
			vertex -0.004999999888241291 0.013749999925494194 0
			vertex -0.004999999888241291 0.016249999403953552 0
		endloop
	endfacet
	facet normal 0 0 -1
		outer loop
			vertex -0.001500000013038516 0.016499999910593033 0
			vertex -0.001500000013038516 0.013500000350177288 0
			vertex -0.004999999888241291 0.013749999925494194 0
		endloop
	endfacet
	facet normal 0 0 -1
		outer loop
			vertex 0.004999999888241291 0.013749999925494194 0
			vertex 0.006049510091543198 -0.005789509974420071 0
			vertex 0.001500000013038516 0.013500000350177288 0
		endloop
	endfacet
	facet normal 0 0 -1
		outer loop
			vertex 0.004999999888241291 0.016249999403953552 0
			vertex 0.001500000013038516 0.013500000350177288 0
			vertex 0.001500000013038516 0.016499999910593033 0
		endloop
	endfacet
	facet normal 0 0 -1
		outer loop
			vertex 0.004999999888241291 0.016249999403953552 0
			vertex 0.004999999888241291 0.013749999925494194 0
			vertex 0.001500000013038516 0.013500000350177288 0
		endloop
	endfacet
	facet normal 0 0 -1
		outer loop
			vertex -0.04141012579202652 0.06793565303087234 0
			vertex -0.05755871906876564 0.06918810307979584 0
			vertex -0.041863180696964264 0.06833310425281525 0
		endloop
	endfacet
	facet normal 0 0 -1
		outer loop
			vertex -0.04141012579202652 0.06793565303087234 0
			vertex -0.06221732124686241 0.06503079831600189 0
			vertex -0.05755871906876564 0.06918810307979584 0
		endloop
	endfacet
	facet normal 0 0 -1
		outer loop
			vertex -0.042207956314086914 0.06882742792367935 0
			vertex -0.041863180696964264 0.06833310425281525 0
			vertex -0.05755871906876564 0.06918810307979584 0
		endloop
	endfacet
	facet normal 0 0 -1
		outer loop
			vertex -0.042207956314086914 0.06882742792367935 0
			vertex -0.05755871906876564 0.06918810307979584 0
			vertex -0.05262308195233345 0.07301240414381027 0
		endloop
	endfacet
	facet normal 0 0 -1
		outer loop
			vertex -0.04087511822581291 0.06765817105770111 0
			vertex -0.06221732124686241 0.06503079831600189 0
			vertex -0.04141012579202652 0.06793565303087234 0
		endloop
	endfacet
	facet normal -1.332266967806053e-15 6.180716934800908e-16 -1
		outer loop
			vertex -0.04087511822581291 0.06765817105770111 0
			vertex -0.044599998742341995 0.025499999523162842 -2.1094237203180178e-17
			vertex -0.0471000000834465 0.025499999523162842 -1.776356799695581e-17
		endloop
	endfacet
	facet normal -5.102191179844084e-16 4.966918859552505e-16 -1
		outer loop
			vertex -0.04087511822581291 0.06765817105770111 0
			vertex -0.0471000000834465 0.025499999523162842 -1.776356799695581e-17
			vertex -0.06780000030994415 0.03999999910593033 0
		endloop
	endfacet
	facet normal 0 0 -1
		outer loop
			vertex -0.04087511822581291 0.06765817105770111 0
			vertex -0.06780000030994415 0.03999999910593033 0
			vertex -0.06221732124686241 0.06503079831600189 0
		endloop
	endfacet
	facet normal 0 0 -1
		outer loop
			vertex -0.042424414306879044 0.06938990205526352 0
			vertex -0.042207956314086914 0.06882742792367935 0
			vertex -0.05262308195233345 0.07301240414381027 0
		endloop
	endfacet
	facet normal 1.1822693829215078e-16 4.899134671266779e-16 -1
		outer loop
			vertex -0.0402892529964447 0.06751678884029388 0
			vertex -0.044599998742341995 0.025499999523162842 -2.1094237203180178e-17
			vertex -0.04087511822581291 0.06765817105770111 0
		endloop
	endfacet
	facet normal 0 0 -1
		outer loop
			vertex -0.04249997064471245 0.06998782604932785 0
			vertex -0.042424414306879044 0.06938990205526352 0
			vertex -0.05262308195233345 0.07301240414381027 0
		endloop
	endfacet
	facet normal 0 0 -1
		outer loop
			vertex 0.06780000030994415 -0.03999999910593033 0
			vertex 0.04780000075697899 -0.03999999910593033 0
			vertex 0.04780000075697899 -0.03750000149011612 0
		endloop
	endfacet
	facet normal 0 0 -1
		outer loop
			vertex 0.06780000030994415 -0.03999999910593033 0
			vertex 0.07061517983675003 -0.05579870939254761 0
			vertex 0.06657647341489792 -0.06056049466133118 0
		endloop
	endfacet
	facet normal 0 0 -1
		outer loop
			vertex 0.06780000030994415 -0.03999999910593033 0
			vertex 0.07431402057409286 -0.05076836049556732 0
			vertex 0.07061517983675003 -0.05579870939254761 0
		endloop
	endfacet
	facet normal 0 0 -1
		outer loop
			vertex 0.06780000030994415 -0.03999999910593033 0
			vertex 0.06657647341489792 -0.06056049466133118 0
			vertex 0.04780000075697899 -0.03999999910593033 0
		endloop
	endfacet
	facet normal 0 0 -1
		outer loop
			vertex 0.06780000030994415 -0.03999999910593033 0
			vertex 0.04780000075697899 -0.03750000149011612 0
			vertex 0.04405000060796738 -0.03375000134110451 0
		endloop
	endfacet
	facet normal -2.4465800533625297e-18 5.022940622246067e-16 -1
		outer loop
			vertex -0.039686575531959534 0.06751972436904907 0
			vertex -0.044599998742341995 0.025499999523162842 -2.1094237203180178e-17
			vertex -0.0402892529964447 0.06751678884029388 0
		endloop
	endfacet
	facet normal 0 0 -1
		outer loop
			vertex -0.04243024066090584 0.07058646529912949 0
			vertex -0.04249997064471245 0.06998782604932785 0
			vertex -0.05262308195233345 0.07301240414381027 0
		endloop
	endfacet
	facet normal -1.3016252321294637e-16 5.172280600496215e-16 -1
		outer loop
			vertex -0.039102114737033844 0.06766680628061295 0
			vertex -0.044599998742341995 0.025499999523162842 -2.1094237203180178e-17
			vertex -0.039686575531959534 0.06751972436904907 0
		endloop
	endfacet
	facet normal 0 0 -1
		outer loop
			vertex 0.014999999664723873 0.013749999925494194 0
			vertex 0.006049510091543198 -0.005789509974420071 0
			vertex 0.004999999888241291 0.013749999925494194 0
		endloop
	endfacet
	facet normal 0 0 -1
		outer loop
			vertex -0.04743416607379913 0.0764852911233902 0
			vertex -0.04221927002072334 0.0711510181427002 0
			vertex -0.04243024066090584 0.07058646529912949 0
		endloop
	endfacet
	facet normal 0 0 -1
		outer loop
			vertex -0.04743416607379913 0.0764852911233902 0
			vertex -0.04243024066090584 0.07058646529912949 0
			vertex -0.05262308195233345 0.07301240414381027 0
		endloop
	endfacet
	facet normal 0 0 -1
		outer loop
			vertex -0.0418793261051178 0.07164867222309113 0
			vertex -0.04221927002072334 0.0711510181427002 0
			vertex -0.04743416607379913 0.0764852911233902 0
		endloop
	endfacet
	facet normal 0 0 -1
		outer loop
			vertex -0.041430164128541946 0.07205051928758621 0
			vertex -0.0418793261051178 0.07164867222309113 0
			vertex -0.04743416607379913 0.0764852911233902 0
		endloop
	endfacet
	facet normal 0 0 -1
		outer loop
			vertex 0.07765518128871918 -0.04549366235733032 0
			vertex 0.07431402057409286 -0.05076836049556732 0
			vertex 0.06780000030994415 -0.03999999910593033 0
		endloop
	endfacet
	facet normal 0 0 -1
		outer loop
			vertex -0.04201694577932358 0.07959005236625671 0
			vertex -0.041430164128541946 0.07205051928758621 0
			vertex -0.04743416607379913 0.0764852911233902 0
		endloop
	endfacet
	facet normal 0 0 -1
		outer loop
			vertex -0.036792460829019547 0.0750294104218483 0
			vertex -0.041430164128541946 0.07205051928758621 0
			vertex -0.04201694577932358 0.07959005236625671 0
		endloop
	endfacet
	facet normal 0 0 -1
		outer loop
			vertex 0.02500000037252903 0.013749999925494194 0
			vertex 0.006049510091543198 -0.005789509974420071 0
			vertex 0.014999999664723873 0.013749999925494194 0
		endloop
	endfacet
	facet normal 0 0 -1
		outer loop
			vertex 0.02500000037252903 0.013749999925494194 0
			vertex 0.021796923130750656 -0.021566206589341164 0
			vertex 0.006049510091543198 -0.005789509974420071 0
		endloop
	endfacet
	facet normal 0 0 -1
		outer loop
			vertex 0.02500000037252903 0.013749999925494194 0
			vertex 0.02217143215239048 -0.021658513695001602 0
			vertex 0.021796923130750656 -0.021566206589341164 0
		endloop
	endfacet
	facet normal 0 0 -1
		outer loop
			vertex -0.000908903602976352 0.04103122651576996 0
			vertex -0.014999999664723873 0.016249999403953552 0
			vertex -0.001197617151774466 0.041287004947662354 0
		endloop
	endfacet
	facet normal 0 0 -1
		outer loop
			vertex -0.000908903602976352 0.04103122651576996 0
			vertex -0.004999999888241291 0.016249999403953552 0
			vertex -0.014999999664723873 0.016249999403953552 0
		endloop
	endfacet
	facet normal 0 0 -1
		outer loop
			vertex -0.0014167296467348933 0.04160444438457489 0
			vertex -0.001197617151774466 0.041287004947662354 0
			vertex -0.014999999664723873 0.016249999403953552 0
		endloop
	endfacet
	facet normal 0 0 -1
		outer loop
			vertex -0.0005673678242601454 0.04085197299718857 0
			vertex -0.004999999888241291 0.016249999403953552 0
			vertex -0.000908903602976352 0.04103122651576996 0
		endloop
	endfacet
	facet normal 0 0 -1
		outer loop
			vertex -0.0005673678242601454 0.04085197299718857 0
			vertex -0.001500000013038516 0.016499999910593033 0
			vertex -0.004999999888241291 0.016249999403953552 0
		endloop
	endfacet
	facet normal 0 0 -1
		outer loop
			vertex -0.0015535069396719337 0.041965093463659286 0
			vertex -0.0014167296467348933 0.04160444438457489 0
			vertex -0.014999999664723873 0.016249999403953552 0
		endloop
	endfacet
	facet normal 0 0 -1
		outer loop
			vertex -0.0015535069396719337 0.041965093463659286 0
			vertex -0.014999999664723873 0.016249999403953552 0
			vertex -0.02500000037252903 0.016249999403953552 0
		endloop
	endfacet
	facet normal 0 0 -1
		outer loop
			vertex -0.00019285868620499969 0.04075966402888298 0
			vertex -0.001500000013038516 0.016499999910593033 0
			vertex -0.0005673678242601454 0.04085197299718857 0
		endloop
	endfacet
	facet normal 0 0 -1
		outer loop
			vertex 0.08062257617712021 -0.03999999910593033 0
			vertex 0.07765518128871918 -0.04549366235733032 0
			vertex 0.06780000030994415 -0.03999999910593033 0
		endloop
	endfacet
	facet normal 0 0 -1
		outer loop
			vertex 0.00019285868620499969 0.04075966402888298 0
			vertex 0.001500000013038516 0.016499999910593033 0
			vertex -0.001500000013038516 0.016499999910593033 0
		endloop
	endfacet
	facet normal 0 0 -1
		outer loop
			vertex 0.00019285868620499969 0.04075966402888298 0
			vertex -0.001500000013038516 0.016499999910593033 0
			vertex -0.00019285868620499969 0.04075966402888298 0
		endloop
	endfacet
	facet normal 0 0 -1
		outer loop
			vertex 0.02500000037252903 0.016249999403953552 0
			vertex 0.02500000037252903 0.013749999925494194 0
			vertex 0.014999999664723873 0.013749999925494194 0
		endloop
	endfacet
	facet normal 0 0 -1
		outer loop
			vertex 0.02500000037252903 0.016249999403953552 0
			vertex 0.014999999664723873 0.013749999925494194 0
			vertex 0.014999999664723873 0.016249999403953552 0
		endloop
	endfacet
	facet normal 0 0 -1
		outer loop
			vertex 0.0005673678242601454 0.04085197299718857 0
			vertex 0.001500000013038516 0.016499999910593033 0
			vertex 0.00019285868620499969 0.04075966402888298 0
		endloop
	endfacet
	facet normal 0 0 -1
		outer loop
			vertex 0.0005673678242601454 0.04085197299718857 0
			vertex 0.004999999888241291 0.016249999403953552 0
			vertex 0.001500000013038516 0.016499999910593033 0
		endloop
	endfacet
	facet normal 0 0 -1
		outer loop
			vertex 0.000908903602976352 0.04103122651576996 0
			vertex 0.014999999664723873 0.016249999403953552 0
			vertex 0.004999999888241291 0.016249999403953552 0
		endloop
	endfacet
	facet normal 0 0 -1
		outer loop
			vertex 0.000908903602976352 0.04103122651576996 0
			vertex 0.004999999888241291 0.016249999403953552 0
			vertex 0.0005673678242601454 0.04085197299718857 0
		endloop
	endfacet
	facet normal 0 0 -1
		outer loop
			vertex 0.001197617151774466 0.041287004947662354 0
			vertex 0.014999999664723873 0.016249999403953552 0
			vertex 0.000908903602976352 0.04103122651576996 0
		endloop
	endfacet
	facet normal 0 0 -1
		outer loop
			vertex 0.0014167296467348933 0.04160444438457489 0
			vertex 0.014999999664723873 0.016249999403953552 0
			vertex 0.001197617151774466 0.041287004947662354 0
		endloop
	endfacet
	facet normal 0 0 -1
		outer loop
			vertex 0.0015535069396719337 0.041965093463659286 0
			vertex 0.02500000037252903 0.016249999403953552 0
			vertex 0.014999999664723873 0.016249999403953552 0
		endloop
	endfacet
	facet normal 0 0 -1
		outer loop
			vertex 0.0015535069396719337 0.041965093463659286 0
			vertex 0.014999999664723873 0.016249999403953552 0
			vertex 0.0014167296467348933 0.04160444438457489 0
		endloop
	endfacet
	facet normal 0 0 -1
		outer loop
			vertex 0.029999999329447746 0.013749999925494194 0
			vertex 0.02217143215239048 -0.021658513695001602 0
			vertex 0.02500000037252903 0.013749999925494194 0
		endloop
	endfacet
	facet normal 0 -1.1093011009020197e-14 -1
		outer loop
			vertex -0.0026194173842668533 0.04693058133125305 -3.321521250394021e-17
			vertex 0.00019285868620499969 0.04393633455038071 0
			vertex -0.00019285868620499969 0.04393633455038071 0
		endloop
	endfacet
	facet normal 2.278979995900389e-15 -9.246109555510103e-15 -1
		outer loop
			vertex -0.0026194173842668533 0.04693058133125305 -3.321521250394021e-17
			vertex -0.00019285868620499969 0.04393633455038071 0
			vertex -0.0005673678242601454 0.04384402558207512 0
		endloop
	endfacet
	facet normal 4.186937762908678e-15 -7.97763290565743e-15 -1
		outer loop
			vertex -0.0026194173842668533 0.04693058133125305 -3.321521250394021e-17
			vertex -0.0005673678242601454 0.04384402558207512 0
			vertex -0.000908903602976352 0.04366477578878403 0
		endloop
	endfacet
	facet normal 6.1545687651124635e-15 -6.94705717112686e-15 -1
		outer loop
			vertex -0.0026194173842668533 0.04693058133125305 -3.321521250394021e-17
			vertex -0.000908903602976352 0.04366477578878403 0
			vertex -0.001197617151774466 0.04340899735689163 0
		endloop
	endfacet
	facet normal 8.62156664833315e-15 -5.951034304866107e-15 -1
		outer loop
			vertex -0.0026194173842668533 0.04693058133125305 -3.321521250394021e-17
			vertex -0.001197617151774466 0.04340899735689163 0
			vertex -0.0014167296467348933 0.043091557919979095 0
		endloop
	endfacet
	facet normal 1.2493336089046241e-14 -4.738087904169015e-15 -1
		outer loop
			vertex -0.0026194173842668533 0.04693058133125305 -3.321521250394021e-17
			vertex -0.0014167296467348933 0.043091557919979095 0
			vertex -0.0015535069396719337 0.0427309051156044 0
		endloop
	endfacet
	facet normal -1.0277153726736988e-14 -1.0517415089618913e-14 -1
		outer loop
			vertex -0.004387184511870146 0.04869835078716278 -3.363996313104129e-17
			vertex -0.0026194173842668533 0.04693058133125305 -3.321521250394021e-17
			vertex -0.0015535069396719337 0.0427309051156044 0
		endloop
	endfacet
	facet normal 4.515826113219347e-16 -1.3235911999621633e-15 -1
		outer loop
			vertex -0.004387184511870146 0.04869835078716278 -3.363996313104129e-17
			vertex -0.02500000037252903 0.016249999403953552 0
			vertex -0.044599998742341995 0.025499999523162842 -2.1094237203180178e-17
		endloop
	endfacet
	facet normal -4.776197446001129e-16 8.993577273056581e-16 -1
		outer loop
			vertex -0.004387184511870146 0.04869835078716278 -3.363996313104129e-17
			vertex -0.039102114737033844 0.06766680628061295 0
			vertex -0.03856983780860901 0.06794948130846024 0
		endloop
	endfacet
	facet normal 3.749052915434932e-15 -3.418309276142884e-15 -1
		outer loop
			vertex -0.004387184511870146 0.04869835078716278 -3.363996313104129e-17
			vertex -0.0015535069396719337 0.041965093463659286 0
			vertex -0.02500000037252903 0.016249999403953552 0
		endloop
	endfacet
	facet normal -6.494241744076839e-16 5.84931558279756e-16 -1
		outer loop
			vertex -0.004387184511870146 0.04869835078716278 -3.363996313104129e-17
			vertex -0.044599998742341995 0.025499999523162842 -2.1094237203180178e-17
			vertex -0.039102114737033844 0.06766680628061295 0
		endloop
	endfacet
	facet normal 9.45405497973025e-15 -1.1479316185985397e-15 -1
		outer loop
			vertex -0.004387184511870146 0.04869835078716278 -3.363996313104129e-17
			vertex -0.0015535069396719337 0.0427309051156044 0
			vertex -0.0015999999595806003 0.04234800115227699 0
		endloop
	endfacet
	facet normal 1.6685504817916585e-14 2.0259700464256386e-15 -1
		outer loop
			vertex -0.004387184511870146 0.04869835078716278 -3.363996313104129e-17
			vertex -0.0015999999595806003 0.04234800115227699 0
			vertex -0.0015535069396719337 0.041965093463659286 0
		endloop
	endfacet
	facet normal 0 0 -1
		outer loop
			vertex -0.03639749437570572 0.08231174200773239 0
			vertex -0.036792460829019547 0.0750294104218483 0
			vertex -0.04201694577932358 0.07959005236625671 0
		endloop
	endfacet
	facet normal 0 0 -1
		outer loop
			vertex -0.03639749437570572 0.08231174200773239 0
			vertex -0.03194162994623184 0.07764696329832077 0
			vertex -0.036792460829019547 0.0750294104218483 0
		endloop
	endfacet
	facet normal -1.989040669094039e-14 -2.4151358116986443e-15 -1
		outer loop
			vertex 0.0026838835328817368 0.04693058133125305 -3.262643857881477e-17
			vertex 0.0015999999595806003 0.04234800115227699 0
			vertex 0.0015535069396719337 0.0427309051156044 0
		endloop
	endfacet
	facet normal -1.1981356753154832e-14 -4.543920142949621e-15 -1
		outer loop
			vertex 0.0026838835328817368 0.04693058133125305 -3.262643857881477e-17
			vertex 0.0015535069396719337 0.0427309051156044 0
			vertex 0.0014167296467348933 0.043091557919979095 0
		endloop
	endfacet
	facet normal -8.32936298140167e-15 -5.749340794063971e-15 -1
		outer loop
			vertex 0.0026838835328817368 0.04693058133125305 -3.262643857881477e-17
			vertex 0.0014167296467348933 0.043091557919979095 0
			vertex 0.001197617151774466 0.04340899735689163 0
		endloop
	endfacet
	facet normal -5.974110913522649e-15 -6.74336280035639e-15 -1
		outer loop
			vertex 0.0026838835328817368 0.04693058133125305 -3.262643857881477e-17
			vertex 0.001197617151774466 0.04340899735689163 0
			vertex 0.000908903602976352 0.04366477578878403 0
		endloop
	endfacet
	facet normal -4.079568300006784e-15 -7.77305519067514e-15 -1
		outer loop
			vertex 0.0026838835328817368 0.04693058133125305 -3.262643857881477e-17
			vertex 0.000908903602976352 0.04366477578878403 0
			vertex 0.0005673678242601454 0.04384402558207512 0
		endloop
	endfacet
	facet normal -2.2287246594724686e-15 -9.042217311086085e-15 -1
		outer loop
			vertex 0.0026838835328817368 0.04693058133125305 -3.262643857881477e-17
			vertex 0.0005673678242601454 0.04384402558207512 0
			vertex 0.00019285868620499969 0.04393633455038071 0
		endloop
	endfacet
	facet normal 1.1102027479180054e-16 -1.09887378194726e-14 -1
		outer loop
			vertex 0.0026838835328817368 0.04693058133125305 -3.262643857881477e-17
			vertex 0.00019285868620499969 0.04393633455038071 0
			vertex -0.0026194173842668533 0.04693058133125305 -3.321521250394021e-17
		endloop
	endfacet
	facet normal -6.02836101950309e-16 9.437874130048603e-16 -1
		outer loop
			vertex -0.004387184511870146 0.05400165170431137 -3.37703234868572e-17
			vertex -0.03856983780860901 0.06794948130846024 0
			vertex -0.03395714610815048 0.07089579850435257 0
		endloop
	endfacet
	facet normal -5.494992525300741e-16 1.0371433313409725e-15 -1
		outer loop
			vertex -0.004387184511870146 0.05400165170431137 -3.37703234868572e-17
			vertex -0.03395714610815048 0.07089579850435257 0
			vertex -0.029120666906237602 0.07345826178789139 0
		endloop
	endfacet
	facet normal -9.979674359747236e-16 -2.458098415543001e-17 -1
		outer loop
			vertex -0.004387184511870146 0.05400165170431137 -3.37703234868572e-17
			vertex -0.004387184511870146 0.04869835078716278 -3.363996313104129e-17
			vertex -0.03856983780860901 0.06794948130846024 0
		endloop
	endfacet
	facet normal 1.2711004846134838e-14 -2.4580984155430017e-17 -1
		outer loop
			vertex -0.001735533936880529 0.051350001245737076 0
			vertex -0.004387184511870146 0.04869835078716278 -3.363996313104129e-17
			vertex -0.004387184511870146 0.05400165170431137 -3.37703234868572e-17
		endloop
	endfacet
	facet normal 1.1102027479180053e-16 1.2415220655404617e-14 -1
		outer loop
			vertex 0.00003223304884159006 0.04958223178982735 0
			vertex 0.0026838835328817368 0.04693058133125305 -3.262643857881477e-17
			vertex -0.0026194173842668533 0.04693058133125305 -3.321521250394021e-17
		endloop
	endfacet
	facet normal -1.2708337686113572e-14 2.8097218751052324e-15 -1
		outer loop
			vertex 0.044599998742341995 0.005499999970197678 -2.0872192810013384e-16
			vertex 0.02217143215239048 -0.021658513695001602 0
			vertex 0.029999999329447746 0.013749999925494194 0
		endloop
	endfacet
	facet normal 0 -5.317755952278951e-15 -1
		outer loop
			vertex 0.044599998742341995 0.005499999970197678 -2.0872192810013384e-16
			vertex 0.04405000060796738 -0.03375000134110451 0
			vertex 0.04154999926686287 -0.03375000134110451 0
		endloop
	endfacet
	facet normal -1.4296023047493916e-14 0 -1
		outer loop
			vertex 0.044599998742341995 0.005499999970197678 -2.0872192810013384e-16
			vertex 0.029999999329447746 0.013749999925494194 0
			vertex 0.029999999329447746 0.016249999403953552 0
		endloop
	endfacet
	facet normal -3.1064976587988653e-15 -5.07635936849883e-15 -1
		outer loop
			vertex 0.044599998742341995 0.005499999970197678 -2.0872192810013384e-16
			vertex 0.04154999926686287 -0.03375000134110451 0
			vertex 0.023020794615149498 -0.022410983219742775 0
		endloop
	endfacet
	facet normal -5.110130788527414e-15 -3.527262799303046e-15 -1
		outer loop
			vertex 0.044599998742341995 0.005499999970197678 -2.0872192810013384e-16
			vertex 0.023020794615149498 -0.022410983219742775 0
			vertex 0.022801682353019714 -0.02209354378283024 0
		endloop
	endfacet
	facet normal -3.942244996603512e-15 -4.449867892248307e-15 -1
		outer loop
			vertex 0.044599998742341995 0.005499999970197678 -2.0872192810013384e-16
			vertex 0.022801682353019714 -0.02209354378283024 0
			vertex 0.022512968629598618 -0.021837765350937843 0
		endloop
	endfacet
	facet normal -2.8139143585792418e-15 -5.361481277117975e-15 -1
		outer loop
			vertex 0.044599998742341995 0.005499999970197678 -2.0872192810013384e-16
			vertex 0.022512968629598618 -0.021837765350937843 0
			vertex 0.02217143215239048 -0.021658513695001602 0
		endloop
	endfacet
	facet normal -4.824885595883964e-16 1.1223281496103214e-15 -1
		outer loop
			vertex -0.02409227564930916 0.07561996579170227 0
			vertex -0.004387184511870146 0.05400165170431137 -3.37703234868572e-17
			vertex -0.029120666906237602 0.07345826178789139 0
		endloop
	endfacet
	facet normal -1.5543099183707465e-15 -5.295975887902298e-15 -1
		outer loop
			vertex 0.0471000000834465 0.005499999970197678 -2.1260770498055274e-16
			vertex 0.04405000060796738 -0.03375000134110451 0
			vertex 0.044599998742341995 0.005499999970197678 -2.0872192810013384e-16
		endloop
	endfacet
	facet normal 9.301455301234198e-15 -9.31966960088412e-15 -1
		outer loop
			vertex 0.004451650660485029 0.04869835078716278 -3.2658658918034933e-17
			vertex 0.0015999999595806003 0.04234800115227699 0
			vertex 0.0026838835328817368 0.04693058133125305 -3.262643857881477e-17
		endloop
	endfacet
	facet normal -3.6137271929965625e-15 -3.294922068027644e-15 -1
		outer loop
			vertex 0.004451650660485029 0.04869835078716278 -3.2658658918034933e-17
			vertex 0.02500000037252903 0.016249999403953552 0
			vertex 0.0015535069396719337 0.041965093463659286 0
		endloop
	endfacet
	facet normal -1.569686253284522e-14 1.905928149099665e-15 -1
		outer loop
			vertex 0.004451650660485029 0.04869835078716278 -3.2658658918034933e-17
			vertex 0.0015535069396719337 0.041965093463659286 0
			vertex 0.0015999999595806003 0.04234800115227699 0
		endloop
	endfacet
	facet normal 0 0 -1
		outer loop
			vertex -0.030602863058447838 0.08463725447654724 0
			vertex -0.03194162994623184 0.07764696329832077 0
			vertex -0.03639749437570572 0.08231174200773239 0
		endloop
	endfacet
	facet normal 0 0 -1
		outer loop
			vertex -0.030602863058447838 0.08463725447654724 0
			vertex -0.02690577507019043 0.0798880085349083 0
			vertex -0.03194162994623184 0.07764696329832077 0
		endloop
	endfacet
	facet normal -1.2340931330817423e-14 -2.4580984155430017e-17 -1
		outer loop
			vertex 0.004451650660485029 0.05400165170431137 -3.278901927385084e-17
			vertex 0.004451650660485029 0.04869835078716278 -3.2658658918034933e-17
			vertex 0.0017999999690800905 0.051350001245737076 0
		endloop
	endfacet
	facet normal 1.110233942852084e-16 -1.2636720284831321e-14 -1
		outer loop
			vertex 0.0026838835328817368 0.0557694174349308 -3.321376990095192e-17
			vertex 0.00003223304884159006 0.053117766976356506 0
			vertex -0.0026194173842668533 0.0557694174349308 -3.3802560369689615e-17
		endloop
	endfacet
	facet normal -4.024871419926887e-16 1.195249433780543e-15 -1
		outer loop
			vertex -0.01890510879456997 0.07736668735742569 0
			vertex -0.004387184511870146 0.05400165170431137 -3.37703234868572e-17
			vertex -0.02409227564930916 0.07561996579170227 0
		endloop
	endfacet
	facet normal 4.924446378575395e-15 5.558539003095655e-15 -1
		outer loop
			vertex -0.000908903602976352 0.060335226356983185 0
			vertex -0.0026194173842668533 0.0557694174349308 -3.3802560369689615e-17
			vertex -0.001197617151774466 0.06059100478887558 0
		endloop
	endfacet
	facet normal 7.116478703637686e-15 4.912147713128768e-15 -1
		outer loop
			vertex -0.0014167296467348933 0.060908444225788116 0
			vertex -0.001197617151774466 0.06059100478887558 0
			vertex -0.0026194173842668533 0.0557694174349308 -3.3802560369689615e-17
		endloop
	endfacet
	facet normal 3.2471699102441176e-15 6.18690619127515e-15 -1
		outer loop
			vertex -0.0005673678242601454 0.060155972838401794 0
			vertex -0.0026194173842668533 0.0557694174349308 -3.3802560369689615e-17
			vertex -0.000908903602976352 0.060335226356983185 0
		endloop
	endfacet
	facet normal 1.0725252278220477e-14 4.0675855222093386e-15 -1
		outer loop
			vertex -0.0015535069396719337 0.06126909330487251 0
			vertex -0.0014167296467348933 0.060908444225788116 0
			vertex -0.0026194173842668533 0.0557694174349308 -3.3802560369689615e-17
		endloop
	endfacet
	facet normal -7.646507129767417e-15 7.628277225076333e-15 -1
		outer loop
			vertex -0.0015535069396719337 0.06126909330487251 0
			vertex -0.0026194173842668533 0.0557694174349308 -3.3802560369689615e-17
			vertex -0.004387184511870146 0.05400165170431137 -3.37703234868572e-17
		endloop
	endfacet
	facet normal 1.702936067373574e-15 6.909305451364862e-15 -1
		outer loop
			vertex -0.00019285868620499969 0.060063667595386505 0
			vertex -0.0026194173842668533 0.0557694174349308 -3.3802560369689615e-17
			vertex -0.0005673678242601454 0.060155972838401794 0
		endloop
	endfacet
	facet normal 3.0120351282937613e-15 3.3168715240512925e-15 -1
		outer loop
			vertex -0.0015999999595806003 0.06165200099349022 0
			vertex -0.004387184511870146 0.05400165170431137 -3.37703234868572e-17
			vertex -0.01890510879456997 0.07736668735742569 0
		endloop
	endfacet
	facet normal 9.087577787967705e-15 1.1034224372532002e-15 -1
		outer loop
			vertex -0.0015999999595806003 0.06165200099349022 0
			vertex -0.0015535069396719337 0.06126909330487251 0
			vertex -0.004387184511870146 0.05400165170431137 -3.37703234868572e-17
		endloop
	endfacet
	facet normal 1.110233942852084e-16 7.798877727962823e-15 -1
		outer loop
			vertex 0.00019285868620499969 0.060063667595386505 0
			vertex 0.0026838835328817368 0.0557694174349308 -3.321376990095192e-17
			vertex -0.0026194173842668533 0.0557694174349308 -3.3802560369689615e-17
		endloop
	endfacet
	facet normal 0 7.871586215671819e-15 -1
		outer loop
			vertex 0.00019285868620499969 0.060063667595386505 0
			vertex -0.0026194173842668533 0.0557694174349308 -3.3802560369689615e-17
			vertex -0.00019285868620499969 0.060063667595386505 0
		endloop
	endfacet
	facet normal 0 0 -1
		outer loop
			vertex -0.0015535069396719337 0.06203490495681763 0
			vertex -0.0015999999595806003 0.06165200099349022 0
			vertex -0.01890510879456997 0.07736668735742569 0
		endloop
	endfacet
	facet normal -1.6678566915896108e-15 6.7669782513141725e-15 -1
		outer loop
			vertex 0.0005673678242601454 0.060155972838401794 0
			vertex 0.0026838835328817368 0.0557694174349308 -3.321376990095192e-17
			vertex 0.00019285868620499969 0.060063667595386505 0
		endloop
	endfacet
	facet normal -3.1709718280255604e-15 6.041724263728327e-15 -1
		outer loop
			vertex 0.000908903602976352 0.060335226356983185 0
			vertex 0.0026838835328817368 0.0557694174349308 -3.321376990095192e-17
			vertex 0.0005673678242601454 0.060155972838401794 0
		endloop
	endfacet
	facet normal -4.793649789595154e-15 5.410900489966213e-15 -1
		outer loop
			vertex 0.001197617151774466 0.06059100478887558 0
			vertex 0.0026838835328817368 0.0557694174349308 -3.321376990095192e-17
			vertex 0.000908903602976352 0.060335226356983185 0
		endloop
	endfacet
	facet normal 0 0 -1
		outer loop
			vertex -0.02466093748807907 0.08655540645122528 0
			vertex -0.02690577507019043 0.0798880085349083 0
			vertex -0.030602863058447838 0.08463725447654724 0
		endloop
	endfacet
	facet normal 0 0 -1
		outer loop
			vertex -0.02466093748807907 0.08655540645122528 0
			vertex -0.021714065223932266 0.08173955976963043 0
			vertex -0.02690577507019043 0.0798880085349083 0
		endloop
	endfacet
	facet normal -6.898887754815812e-15 4.761955613051726e-15 -1
		outer loop
			vertex 0.0014167296467348933 0.060908444225788116 0
			vertex 0.0026838835328817368 0.0557694174349308 -3.321376990095192e-17
			vertex 0.001197617151774466 0.06059100478887558 0
		endloop
	endfacet
	facet normal 7.904052849041e-15 7.663783690119147e-15 -1
		outer loop
			vertex 0.0015535069396719337 0.06126909330487251 0
			vertex 0.004451650660485029 0.05400165170431137 -3.278901927385084e-17
			vertex 0.0026838835328817368 0.0557694174349308 -3.321376990095192e-17
		endloop
	endfacet
	facet normal -1.0327196276340821e-14 3.916621536629051e-15 -1
		outer loop
			vertex 0.0015535069396719337 0.06126909330487251 0
			vertex 0.0026838835328817368 0.0557694174349308 -3.321376990095192e-17
			vertex 0.0014167296467348933 0.060908444225788116 0
		endloop
	endfacet
	facet normal -8.673050862242543e-15 1.0530901791572809e-15 -1
		outer loop
			vertex 0.0015999999595806003 0.06165200099349022 0
			vertex 0.004451650660485029 0.05400165170431137 -3.278901927385084e-17
			vertex 0.0015535069396719337 0.06126909330487251 0
		endloop
	endfacet
	facet normal 0 0 -1
		outer loop
			vertex -0.013593352399766445 0.07868689298629761 0
			vertex -0.001197617151774466 0.06271299719810486 0
			vertex -0.0014167296467348933 0.06239555776119232 0
		endloop
	endfacet
	facet normal 0 0 -1
		outer loop
			vertex -0.013593352399766445 0.07868689298629761 0
			vertex -0.0014167296467348933 0.06239555776119232 0
			vertex -0.0015535069396719337 0.06203490495681763 0
		endloop
	endfacet
	facet normal 0 0 -1
		outer loop
			vertex -0.013593352399766445 0.07868689298629761 0
			vertex -0.0015535069396719337 0.06203490495681763 0
			vertex -0.01890510879456997 0.07736668735742569 0
		endloop
	endfacet
	facet normal 0 0 -1
		outer loop
			vertex -0.01860031671822071 0.08805695921182632 0
			vertex -0.016396572813391685 0.08319089561700821 0
			vertex -0.021714065223932266 0.08173955976963043 0
		endloop
	endfacet
	facet normal 0 0 -1
		outer loop
			vertex -0.01860031671822071 0.08805695921182632 0
			vertex -0.021714065223932266 0.08173955976963043 0
			vertex -0.02466093748807907 0.08655540645122528 0
		endloop
	endfacet
	facet normal -1.4296023047493916e-14 0 -1
		outer loop
			vertex 0.044599998742341995 0.025499999523162842 -2.0872192810013384e-16
			vertex 0.044599998742341995 0.005499999970197678 -2.0872192810013384e-16
			vertex 0.029999999329447746 0.016249999403953552 0
		endloop
	endfacet
	facet normal 0 -2.256453247678183e-14 -1
		outer loop
			vertex 0.044599998742341995 0.025499999523162842 -2.0872192810013384e-16
			vertex 0.029999999329447746 0.016249999403953552 0
			vertex 0.02500000037252903 0.016249999403953552 0
		endloop
	endfacet
	facet normal -7.833076134953242e-15 -5.966880855472634e-15 -1
		outer loop
			vertex 0.044599998742341995 0.025499999523162842 -2.0872192810013384e-16
			vertex 0.02500000037252903 0.016249999403953552 0
			vertex 0.004451650660485029 0.04869835078716278 -3.2658658918034933e-17
		endloop
	endfacet
	facet normal -4.422591957209012e-15 -5.0730903230179015e-15 -1
		outer loop
			vertex 0.06530000269412994 0.005499999970197678 -2.9309889014774435e-16
			vertex 0.04405000060796738 -0.03375000134110451 0
			vertex 0.0471000000834465 0.005499999970197678 -2.1260770498055274e-16
		endloop
	endfacet
	facet normal -1.7200633184220776e-15 -6.536242865527489e-15 -1
		outer loop
			vertex 0.06530000269412994 0.005499999970197678 -2.9309889014774435e-16
			vertex 0.06780000030994415 -0.03999999910593033 0
			vertex 0.04405000060796738 -0.03375000134110451 0
		endloop
	endfacet
	facet normal 0 0 -1
		outer loop
			vertex -0.008192011155188084 0.07957190275192261 0
			vertex -0.0005673678242601454 0.06314802914857864 0
			vertex -0.000908903602976352 0.06296877562999725 0
		endloop
	endfacet
	facet normal 0 0 -1
		outer loop
			vertex -0.008192011155188084 0.07957190275192261 0
			vertex -0.000908903602976352 0.06296877562999725 0
			vertex -0.001197617151774466 0.06271299719810486 0
		endloop
	endfacet
	facet normal 0 0 -1
		outer loop
			vertex -0.008192011155188084 0.07957190275192261 0
			vertex -0.001197617151774466 0.06271299719810486 0
			vertex -0.013593352399766445 0.07868689298629761 0
		endloop
	endfacet
	facet normal -1.5543069405142501e-15 -6.5271353807365064e-15 -1
		outer loop
			vertex 0.06780000030994415 0.005499999970197678 -2.9698465379327345e-16
			vertex 0.06780000030994415 -0.03999999910593033 0
			vertex 0.06530000269412994 0.005499999970197678 -2.9309889014774435e-16
		endloop
	endfacet
	facet normal 0 0 -1
		outer loop
			vertex -0.012450171634554863 0.08913469314575195 0
			vertex -0.016396572813391685 0.08319089561700821 0
			vertex -0.01860031671822071 0.08805695921182632 0
		endloop
	endfacet
	facet normal 0 0 -1
		outer loop
			vertex -0.012450171634554863 0.08913469314575195 0
			vertex -0.010984102264046669 0.0842336118221283 0
			vertex -0.016396572813391685 0.08319089561700821 0
		endloop
	endfacet
	facet normal 0 0 -1
		outer loop
			vertex -0.0027366820722818375 0.0800158679485321 0
			vertex 0.00019285868620499969 0.06324033439159393 0
			vertex -0.00019285868620499969 0.06324033439159393 0
		endloop
	endfacet
	facet normal 0 0 -1
		outer loop
			vertex -0.0027366820722818375 0.0800158679485321 0
			vertex -0.00019285868620499969 0.06324033439159393 0
			vertex -0.0005673678242601454 0.06314802914857864 0
		endloop
	endfacet
	facet normal 0 0 -1
		outer loop
			vertex -0.0027366820722818375 0.0800158679485321 0
			vertex -0.0005673678242601454 0.06314802914857864 0
			vertex -0.008192011155188084 0.07957190275192261 0
		endloop
	endfacet
	facet normal 0 0 -1
		outer loop
			vertex 0.0027366820722818375 0.0800158679485321 0
			vertex 0.0005673678242601454 0.06314802914857864 0
			vertex 0.00019285868620499969 0.06324033439159393 0
		endloop
	endfacet
	facet normal 0 0 -1
		outer loop
			vertex 0.0027366820722818375 0.0800158679485321 0
			vertex 0.00019285868620499969 0.06324033439159393 0
			vertex -0.0027366820722818375 0.0800158679485321 0
		endloop
	endfacet
	facet normal 0 0 -1
		outer loop
			vertex -0.0062401024624705315 0.08978341519832611 0
			vertex -0.010984102264046669 0.0842336118221283 0
			vertex -0.012450171634554863 0.08913469314575195 0
		endloop
	endfacet
	facet normal 0 0 -1
		outer loop
			vertex -0.0062401024624705315 0.08978341519832611 0
			vertex -0.005508003756403923 0.08486167341470718 0
			vertex -0.010984102264046669 0.0842336118221283 0
		endloop
	endfacet
	facet normal 0 0 -1
		outer loop
			vertex 0.008192011155188084 0.07957190275192261 0
			vertex 0.0005673678242601454 0.06314802914857864 0
			vertex 0.0027366820722818375 0.0800158679485321 0
		endloop
	endfacet
	facet normal 0 0 -1
		outer loop
			vertex 0.008192011155188084 0.07957190275192261 0
			vertex 0.001197617151774466 0.06271299719810486 0
			vertex 0.000908903602976352 0.06296877562999725 0
		endloop
	endfacet
	facet normal 0 0 -1
		outer loop
			vertex 0.008192011155188084 0.07957190275192261 0
			vertex 0.000908903602976352 0.06296877562999725 0
			vertex 0.0005673678242601454 0.06314802914857864 0
		endloop
	endfacet
	facet normal 0 0 -1
		outer loop
			vertex -3.4457118314570176e-17 0.09000000357627869 0
			vertex -0.005508003756403923 0.08486167341470718 0
			vertex -0.0062401024624705315 0.08978341519832611 0
		endloop
	endfacet
	facet normal 0 0 -1
		outer loop
			vertex -3.4457118314570176e-17 0.09000000357627869 0
			vertex -1.4432898790731443e-17 0.08507142961025238 0
			vertex -0.005508003756403923 0.08486167341470718 0
		endloop
	endfacet
	facet normal 0 0 -1
		outer loop
			vertex 0.005508003756403923 0.08486167341470718 0
			vertex -1.4432898790731443e-17 0.08507142961025238 0
			vertex -3.4457118314570176e-17 0.09000000357627869 0
		endloop
	endfacet
	facet normal -4.422591957209012e-15 0 -1
		outer loop
			vertex 0.06530000269412994 0.025499999523162842 -2.9309889014774435e-16
			vertex 0.06530000269412994 0.005499999970197678 -2.9309889014774435e-16
			vertex 0.0471000000834465 0.005499999970197678 -2.1260770498055274e-16
		endloop
	endfacet
	facet normal -4.453092556290857e-15 2.7755549766234192e-17 -1
		outer loop
			vertex 0.06530000269412994 0.025499999523162842 -2.9309889014774435e-16
			vertex 0.0471000000834465 0.005499999970197678 -2.1260770498055274e-16
			vertex 0.0471000000834465 0.025499999523162842 -2.1205259399763575e-16
		endloop
	endfacet
	facet normal 0 0 -1
		outer loop
			vertex 0.013593352399766445 0.07868689298629761 0
			vertex 0.001197617151774466 0.06271299719810486 0
			vertex 0.008192011155188084 0.07957190275192261 0
		endloop
	endfacet
	facet normal 0 0 -1
		outer loop
			vertex 0.013593352399766445 0.07868689298629761 0
			vertex 0.0015535069396719337 0.06203490495681763 0
			vertex 0.0014167296467348933 0.06239555776119232 0
		endloop
	endfacet
	facet normal 0 0 -1
		outer loop
			vertex 0.013593352399766445 0.07868689298629761 0
			vertex 0.0014167296467348933 0.06239555776119232 0
			vertex 0.001197617151774466 0.06271299719810486 0
		endloop
	endfacet
	facet normal 0 0 -1
		outer loop
			vertex 0.0062401024624705315 0.08978341519832611 0
			vertex 0.005508003756403923 0.08486167341470718 0
			vertex -3.4457118314570176e-17 0.09000000357627869 0
		endloop
	endfacet
	facet normal 0 0 -1
		outer loop
			vertex 0.0062401024624705315 0.08978341519832611 0
			vertex 0.010984102264046669 0.0842336118221283 0
			vertex 0.005508003756403923 0.08486167341470718 0
		endloop
	endfacet
	facet normal 0 0 -1
		outer loop
			vertex 0.01890510879456997 0.07736668735742569 0
			vertex 0.0015535069396719337 0.06203490495681763 0
			vertex 0.013593352399766445 0.07868689298629761 0
		endloop
	endfacet
	facet normal -2.9077914969525475e-15 3.2020777990009346e-15 -1
		outer loop
			vertex 0.01890510879456997 0.07736668735742569 0
			vertex 0.004451650660485029 0.05400165170431137 -3.278901927385084e-17
			vertex 0.0015999999595806003 0.06165200099349022 0
		endloop
	endfacet
	facet normal 0 0 -1
		outer loop
			vertex 0.01890510879456997 0.07736668735742569 0
			vertex 0.0015999999595806003 0.06165200099349022 0
			vertex 0.0015535069396719337 0.06203490495681763 0
		endloop
	endfacet
	facet normal 3.910920855686272e-16 1.1614100055907993e-15 -1
		outer loop
			vertex 0.02409227564930916 0.07561996579170227 0
			vertex 0.004451650660485029 0.05400165170431137 -3.278901927385084e-17
			vertex 0.01890510879456997 0.07736668735742569 0
		endloop
	endfacet
	facet normal 0 0 -1
		outer loop
			vertex 0.012450171634554863 0.08913469314575195 0
			vertex 0.016396572813391685 0.08319089561700821 0
			vertex 0.010984102264046669 0.0842336118221283 0
		endloop
	endfacet
	facet normal 0 0 -1
		outer loop
			vertex 0.012450171634554863 0.08913469314575195 0
			vertex 0.010984102264046669 0.0842336118221283 0
			vertex 0.0062401024624705315 0.08978341519832611 0
		endloop
	endfacet
	facet normal 4.689001999569117e-16 1.090719942082139e-15 -1
		outer loop
			vertex 0.029120666906237602 0.07345826178789139 0
			vertex 0.004451650660485029 0.05400165170431137 -3.278901927385084e-17
			vertex 0.02409227564930916 0.07561996579170227 0
		endloop
	endfacet
	facet normal 5.340920503663827e-16 1.0080632608856988e-15 -1
		outer loop
			vertex 0.03395714610815048 0.07089579850435257 0
			vertex 0.004451650660485029 0.05400165170431137 -3.278901927385084e-17
			vertex 0.029120666906237602 0.07345826178789139 0
		endloop
	endfacet
	facet normal 9.71091181032309e-16 -2.4580984155430013e-17 -1
		outer loop
			vertex 0.03856983780860901 0.06794948130846024 0
			vertex 0.004451650660485029 0.04869835078716278 -3.2658658918034933e-17
			vertex 0.004451650660485029 0.05400165170431137 -3.278901927385084e-17
		endloop
	endfacet
	facet normal 5.859931351998699e-16 9.174184215571084e-16 -1
		outer loop
			vertex 0.03856983780860901 0.06794948130846024 0
			vertex 0.004451650660485029 0.05400165170431137 -3.278901927385084e-17
			vertex 0.03395714610815048 0.07089579850435257 0
		endloop
	endfacet
	facet normal 0 0 -1
		outer loop
			vertex 0.01860031671822071 0.08805695921182632 0
			vertex 0.016396572813391685 0.08319089561700821 0
			vertex 0.012450171634554863 0.08913469314575195 0
		endloop
	endfacet
	facet normal 0 0 -1
		outer loop
			vertex 0.01860031671822071 0.08805695921182632 0
			vertex 0.021714065223932266 0.08173955976963043 0
			vertex 0.016396572813391685 0.08319089561700821 0
		endloop
	endfacet
	facet normal 4.641119974107393e-16 8.739226464686513e-16 -1
		outer loop
			vertex 0.039102114737033844 0.06766680628061295 0
			vertex 0.004451650660485029 0.04869835078716278 -3.2658658918034933e-17
			vertex 0.03856983780860901 0.06794948130846024 0
		endloop
	endfacet
	facet normal -1.6494472220445712e-15 4.7348489001999165e-15 -1
		outer loop
			vertex 0.039102114737033844 0.06766680628061295 0
			vertex 0.044599998742341995 0.025499999523162842 -2.0872192810013384e-16
			vertex 0.004451650660485029 0.04869835078716278 -3.2658658918034933e-17
		endloop
	endfacet
	facet normal 1.2879239267911885e-15 5.117835592783283e-15 -1
		outer loop
			vertex 0.039686575531959534 0.06751972436904907 0
			vertex 0.044599998742341995 0.025499999523162842 -2.0872192810013384e-16
			vertex 0.039102114737033844 0.06766680628061295 0
		endloop
	endfacet
	facet normal -1.3322676295501878e-15 2.0443418246545178e-14 -1
		outer loop
			vertex 0.06780000030994415 0.03999999910593033 0
			vertex 0.06780000030994415 0.025499999523162842 -2.9642955604524627e-16
			vertex 0.06530000269412994 0.025499999523162842 -2.9309889014774435e-16
		endloop
	endfacet
	facet normal -4.4530925562908576e-15 2.0981491012112535e-14 -1
		outer loop
			vertex 0.06780000030994415 0.03999999910593033 0
			vertex 0.06530000269412994 0.025499999523162842 -2.9309889014774435e-16
			vertex 0.0471000000834465 0.025499999523162842 -2.1205259399763575e-16
		endloop
	endfacet
	facet normal 2.4208266033538722e-17 4.970067612824739e-15 -1
		outer loop
			vertex 0.0402892529964447 0.06751678884029388 0
			vertex 0.044599998742341995 0.025499999523162842 -2.0872192810013384e-16
			vertex 0.039686575531959534 0.06751972436904907 0
		endloop
	endfacet
	facet normal -1.3322656443177829e-15 4.833212407986971e-15 -1
		outer loop
			vertex 0.04087511822581291 0.06765817105770111 0
			vertex 0.0471000000834465 0.025499999523162842 -2.1205259399763575e-16
			vertex 0.044599998742341995 0.025499999523162842 -2.0872192810013384e-16
		endloop
	endfacet
	facet normal -1.169824453760907e-15 4.8475648811555796e-15 -1
		outer loop
			vertex 0.04087511822581291 0.06765817105770111 0
			vertex 0.044599998742341995 0.025499999523162842 -2.0872192810013384e-16
			vertex 0.0402892529964447 0.06751678884029388 0
		endloop
	endfacet
	facet normal 6.090740750637537e-15 5.9292594175020764e-15 -1
		outer loop
			vertex 0.04087511822581291 0.06765817105770111 0
			vertex 0.06780000030994415 0.03999999910593033 0
			vertex 0.0471000000834465 0.025499999523162842 -2.1205259399763575e-16
		endloop
	endfacet
	facet normal 0 0 -1
		outer loop
			vertex 0.02466093748807907 0.08655540645122528 0
			vertex 0.02690577507019043 0.0798880085349083 0
			vertex 0.021714065223932266 0.08173955976963043 0
		endloop
	endfacet
	facet normal 0 0 -1
		outer loop
			vertex 0.02466093748807907 0.08655540645122528 0
			vertex 0.021714065223932266 0.08173955976963043 0
			vertex 0.01860031671822071 0.08805695921182632 0
		endloop
	endfacet
	facet normal 0 0 -1
		outer loop
			vertex 0.030602863058447838 0.08463725447654724 0
			vertex 0.02690577507019043 0.0798880085349083 0
			vertex 0.02466093748807907 0.08655540645122528 0
		endloop
	endfacet
	facet normal 0 0 -1
		outer loop
			vertex 0.030602863058447838 0.08463725447654724 0
			vertex 0.03194162994623184 0.07764696329832077 0
			vertex 0.02690577507019043 0.0798880085349083 0
		endloop
	endfacet
	facet normal 0 0 -1
		outer loop
			vertex 0.03639749437570572 0.08231174200773239 0
			vertex 0.03194162994623184 0.07764696329832077 0
			vertex 0.030602863058447838 0.08463725447654724 0
		endloop
	endfacet
	facet normal 0 0 -1
		outer loop
			vertex 0.03639749437570572 0.08231174200773239 0
			vertex 0.036792460829019547 0.0750294104218483 0
			vertex 0.03194162994623184 0.07764696329832077 0
		endloop
	endfacet
	facet normal 0 0 -1
		outer loop
			vertex 0.04201694577932358 0.07959005236625671 0
			vertex 0.036792460829019547 0.0750294104218483 0
			vertex 0.03639749437570572 0.08231174200773239 0
		endloop
	endfacet
	facet normal 0 0 -1
		outer loop
			vertex 0.04201694577932358 0.07959005236625671 0
			vertex 0.041430164128541946 0.07205051928758621 0
			vertex 0.036792460829019547 0.0750294104218483 0
		endloop
	endfacet
	facet normal 0 0 -1
		outer loop
			vertex 0.07765518128871918 0.04549366235733032 0
			vertex 0.08062257617712021 0.03999999910593033 0
			vertex 0.06780000030994415 0.03999999910593033 0
		endloop
	endfacet
	facet normal 0 0 -1
		outer loop
			vertex 0.04743416607379913 0.0764852911233902 0
			vertex 0.041430164128541946 0.07205051928758621 0
			vertex 0.04201694577932358 0.07959005236625671 0
		endloop
	endfacet
	facet normal 0 0 -1
		outer loop
			vertex 0.04743416607379913 0.0764852911233902 0
			vertex 0.04243024066090584 0.07058646529912949 0
			vertex 0.04221927002072334 0.0711510181427002 0
		endloop
	endfacet
	facet normal 0 0 -1
		outer loop
			vertex 0.04743416607379913 0.0764852911233902 0
			vertex 0.04221927002072334 0.0711510181427002 0
			vertex 0.0418793261051178 0.07164867222309113 0
		endloop
	endfacet
	facet normal 0 0 -1
		outer loop
			vertex 0.04743416607379913 0.0764852911233902 0
			vertex 0.0418793261051178 0.07164867222309113 0
			vertex 0.041430164128541946 0.07205051928758621 0
		endloop
	endfacet
	facet normal 0 0 -1
		outer loop
			vertex 0.07431402057409286 0.05076836049556732 0
			vertex 0.07765518128871918 0.04549366235733032 0
			vertex 0.06780000030994415 0.03999999910593033 0
		endloop
	endfacet
	facet normal 0 0 -1
		outer loop
			vertex 0.05262308195233345 0.07301240414381027 0
			vertex 0.04243024066090584 0.07058646529912949 0
			vertex 0.04743416607379913 0.0764852911233902 0
		endloop
	endfacet
	facet normal 0 0 -1
		outer loop
			vertex 0.05262308195233345 0.07301240414381027 0
			vertex 0.042207956314086914 0.06882742792367935 0
			vertex 0.042424414306879044 0.06938990205526352 0
		endloop
	endfacet
	facet normal 0 0 -1
		outer loop
			vertex 0.05262308195233345 0.07301240414381027 0
			vertex 0.042424414306879044 0.06938990205526352 0
			vertex 0.04249997064471245 0.06998782604932785 0
		endloop
	endfacet
	facet normal 0 0 -1
		outer loop
			vertex 0.05262308195233345 0.07301240414381027 0
			vertex 0.04249997064471245 0.06998782604932785 0
			vertex 0.04243024066090584 0.07058646529912949 0
		endloop
	endfacet
	facet normal 0 0 -1
		outer loop
			vertex 0.07061517983675003 0.05579870939254761 0
			vertex 0.07431402057409286 0.05076836049556732 0
			vertex 0.06780000030994415 0.03999999910593033 0
		endloop
	endfacet
	facet normal 0 0 -1
		outer loop
			vertex 0.05755871906876564 0.06918810307979584 0
			vertex 0.04141012579202652 0.06793565303087234 0
			vertex 0.041863180696964264 0.06833310425281525 0
		endloop
	endfacet
	facet normal 0 0 -1
		outer loop
			vertex 0.05755871906876564 0.06918810307979584 0
			vertex 0.041863180696964264 0.06833310425281525 0
			vertex 0.042207956314086914 0.06882742792367935 0
		endloop
	endfacet
	facet normal 0 0 -1
		outer loop
			vertex 0.05755871906876564 0.06918810307979584 0
			vertex 0.042207956314086914 0.06882742792367935 0
			vertex 0.05262308195233345 0.07301240414381027 0
		endloop
	endfacet
	facet normal 0 0 -1
		outer loop
			vertex 0.06657647341489792 0.06056049466133118 0
			vertex 0.07061517983675003 0.05579870939254761 0
			vertex 0.06780000030994415 0.03999999910593033 0
		endloop
	endfacet
	facet normal 0 0 -1
		outer loop
			vertex 0.06221732124686241 0.06503079831600189 0
			vertex 0.04087511822581291 0.06765817105770111 0
			vertex 0.04141012579202652 0.06793565303087234 0
		endloop
	endfacet
	facet normal 0 0 -1
		outer loop
			vertex 0.06221732124686241 0.06503079831600189 0
			vertex 0.04141012579202652 0.06793565303087234 0
			vertex 0.05755871906876564 0.06918810307979584 0
		endloop
	endfacet
	facet normal 0 0 -1
		outer loop
			vertex 0.06221732124686241 0.06503079831600189 0
			vertex 0.06657647341489792 0.06056049466133118 0
			vertex 0.06780000030994415 0.03999999910593033 0
		endloop
	endfacet
	facet normal 0 0 -1
		outer loop
			vertex 0.06221732124686241 0.06503079831600189 0
			vertex 0.06780000030994415 0.03999999910593033 0
			vertex 0.04087511822581291 0.06765817105770111 0
		endloop
	endfacet
	facet normal 0.7071067656645049 -0.7071067967085898 0
		outer loop
			vertex -0.001735533936880529 0.051350001245737076 0
			vertex -0.004387184511870146 0.04869835078716278 0.0024999999441206455
			vertex -0.004387184511870146 0.04869835078716278 -3.363996313104129e-17
		endloop
	endfacet
	facet normal 0.7071067656645049 -0.7071067967085898 0
		outer loop
			vertex -0.001735533936880529 0.051350001245737076 0
			vertex -0.001735533936880529 0.051350001245737076 0.0024999999441206455
			vertex -0.004387184511870146 0.04869835078716278 0.0024999999441206455
		endloop
	endfacet
	facet normal 0.7071067777911006 -0.7071067845819944 0
		outer loop
			vertex 0.0026838835328817368 0.0557694174349308 -3.321376990095192e-17
			vertex 0.00003223304884159006 0.053117766976356506 0.0024999999441206455
			vertex 0.00003223304884159006 0.053117766976356506 0
		endloop
	endfacet
	facet normal 0.7071067777911008 -0.7071067845819944 0
		outer loop
			vertex 0.0026838835328817368 0.0557694174349308 -3.321376990095192e-17
			vertex 0.0026838835328817368 0.0557694174349308 0.0024999999441206455
			vertex 0.00003223304884159006 0.053117766976356506 0.0024999999441206455
		endloop
	endfacet
	facet normal -0.7071067845819944 0.7071067777911006 0
		outer loop
			vertex 0.00003223304884159006 0.04958223178982735 0
			vertex -0.0026194173842668533 0.04693058133125305 -3.321521250394021e-17
			vertex -0.0026194173842668533 0.04693058133125305 0.0024999999441206455
		endloop
	endfacet
	facet normal -0.7071067845819944 0.7071067777911006 0
		outer loop
			vertex 0.00003223304884159006 0.04958223178982735 0
			vertex -0.0026194173842668533 0.04693058133125305 0.0024999999441206455
			vertex 0.00003223304884159006 0.04958223178982735 0.0024999999441206455
		endloop
	endfacet
	facet normal -0.7071067501424627 0.707106812230631 0
		outer loop
			vertex 0.004451650660485029 0.05400165170431137 -3.278901927385084e-17
			vertex 0.0017999999690800905 0.051350001245737076 0
			vertex 0.0017999999690800905 0.051350001245737076 0.0024999999441206455
		endloop
	endfacet
	facet normal -0.7071067501424627 0.707106812230631 0
		outer loop
			vertex 0.004451650660485029 0.05400165170431137 -3.278901927385084e-17
			vertex 0.0017999999690800905 0.051350001245737076 0.0024999999441206455
			vertex 0.004451650660485029 0.05400165170431137 0.0024999999441206455
		endloop
	endfacet
	facet normal -0.7071065017896372 -0.7071070605833476 0
		outer loop
			vertex 0.0026838835328817368 0.0557694174349308 -3.321376990095192e-17
			vertex 0.004451650660485029 0.05400165170431137 0.0024999999441206455
			vertex 0.0026838835328817368 0.0557694174349308 0.0024999999441206455
		endloop
	endfacet
	facet normal -0.7071065017896372 -0.7071070605833476 0
		outer loop
			vertex 0.0026838835328817368 0.0557694174349308 -3.321376990095192e-17
			vertex 0.004451650660485029 0.05400165170431137 -3.278901927385084e-17
			vertex 0.004451650660485029 0.05400165170431137 0.0024999999441206455
		endloop
	endfacet
	facet normal 0.7071072468473288 0.7071063155254596 0
		outer loop
			vertex -0.004387184511870146 0.04869835078716278 0.0024999999441206455
			vertex -0.0026194173842668533 0.04693058133125305 -3.321521250394021e-17
			vertex -0.004387184511870146 0.04869835078716278 -3.363996313104129e-17
		endloop
	endfacet
	facet normal 0.7071072468473288 0.7071063155254596 0
		outer loop
			vertex -0.004387184511870146 0.04869835078716278 0.0024999999441206455
			vertex -0.0026194173842668533 0.04693058133125305 0.0024999999441206455
			vertex -0.0026194173842668533 0.04693058133125305 -3.321521250394021e-17
		endloop
	endfacet
	facet normal 0 0 1
		outer loop
			vertex -0.041430164128541946 -0.07205051928758621 0.0024999999441206455
			vertex -0.04743416607379913 -0.0764852911233902 0.0024999999441206455
			vertex -0.04201694577932358 -0.07959005236625671 0.0024999999441206455
		endloop
	endfacet
	facet normal 0 0 1
		outer loop
			vertex -0.041430164128541946 -0.07205051928758621 0.0024999999441206455
			vertex -0.0418793261051178 -0.07164867222309113 0.0024999999441206455
			vertex -0.04743416607379913 -0.0764852911233902 0.0024999999441206455
		endloop
	endfacet
	facet normal 0 0 1
		outer loop
			vertex -0.04221927002072334 -0.0711510181427002 0.0024999999441206455
			vertex -0.04743416607379913 -0.0764852911233902 0.0024999999441206455
			vertex -0.0418793261051178 -0.07164867222309113 0.0024999999441206455
		endloop
	endfacet
	facet normal 0 0 1
		outer loop
			vertex -0.04243024066090584 -0.07058646529912949 0.0024999999441206455
			vertex -0.05262308195233345 -0.07301240414381027 0.0024999999441206455
			vertex -0.04743416607379913 -0.0764852911233902 0.0024999999441206455
		endloop
	endfacet
	facet normal 0 0 1
		outer loop
			vertex -0.04243024066090584 -0.07058646529912949 0.0024999999441206455
			vertex -0.04743416607379913 -0.0764852911233902 0.0024999999441206455
			vertex -0.04221927002072334 -0.0711510181427002 0.0024999999441206455
		endloop
	endfacet
	facet normal 0 0 1
		outer loop
			vertex -0.04249997064471245 -0.06998782604932785 0.0024999999441206455
			vertex -0.05262308195233345 -0.07301240414381027 0.0024999999441206455
			vertex -0.04243024066090584 -0.07058646529912949 0.0024999999441206455
		endloop
	endfacet
	facet normal 0 0 1
		outer loop
			vertex -0.036792460829019547 -0.0750294104218483 0.0024999999441206455
			vertex -0.04201694577932358 -0.07959005236625671 0.0024999999441206455
			vertex -0.03639749437570572 -0.08231174200773239 0.0024999999441206455
		endloop
	endfacet
	facet normal 0 0 1
		outer loop
			vertex -0.036792460829019547 -0.0750294104218483 0.0024999999441206455
			vertex -0.041430164128541946 -0.07205051928758621 0.0024999999441206455
			vertex -0.04201694577932358 -0.07959005236625671 0.0024999999441206455
		endloop
	endfacet
	facet normal 0 0 1
		outer loop
			vertex -0.042424414306879044 -0.06938990205526352 0.0024999999441206455
			vertex -0.05262308195233345 -0.07301240414381027 0.0024999999441206455
			vertex -0.04249997064471245 -0.06998782604932785 0.0024999999441206455
		endloop
	endfacet
	facet normal 0 0 1
		outer loop
			vertex -0.042207956314086914 -0.06882742792367935 0.0024999999441206455
			vertex -0.05755871906876564 -0.06918810307979584 0.0024999999441206455
			vertex -0.05262308195233345 -0.07301240414381027 0.0024999999441206455
		endloop
	endfacet
	facet normal 0 0 1
		outer loop
			vertex -0.042207956314086914 -0.06882742792367935 0.0024999999441206455
			vertex -0.05262308195233345 -0.07301240414381027 0.0024999999441206455
			vertex -0.042424414306879044 -0.06938990205526352 0.0024999999441206455
		endloop
	endfacet
	facet normal 0 0 1
		outer loop
			vertex -0.041863180696964264 -0.06833310425281525 0.0024999999441206455
			vertex -0.05755871906876564 -0.06918810307979584 0.0024999999441206455
			vertex -0.042207956314086914 -0.06882742792367935 0.0024999999441206455
		endloop
	endfacet
	facet normal 0 0 1
		outer loop
			vertex -0.03194162994623184 -0.07764696329832077 0.0024999999441206455
			vertex -0.03639749437570572 -0.08231174200773239 0.0024999999441206455
			vertex -0.030602863058447838 -0.08463725447654724 0.0024999999441206455
		endloop
	endfacet
	facet normal 0 0 1
		outer loop
			vertex -0.03194162994623184 -0.07764696329832077 0.0024999999441206455
			vertex -0.036792460829019547 -0.0750294104218483 0.0024999999441206455
			vertex -0.03639749437570572 -0.08231174200773239 0.0024999999441206455
		endloop
	endfacet
	facet normal 0 0 1
		outer loop
			vertex -0.04141012579202652 -0.06793565303087234 0.0024999999441206455
			vertex -0.05755871906876564 -0.06918810307979584 0.0024999999441206455
			vertex -0.041863180696964264 -0.06833310425281525 0.0024999999441206455
		endloop
	endfacet
	facet normal 0 0 1
		outer loop
			vertex -0.06780000030994415 -0.03999999910593033 0.0024999999441206455
			vertex -0.08062257617712021 -0.03999999910593033 0.0024999999441206455
			vertex -0.07765518128871918 -0.04549366235733032 0.0024999999441206455
		endloop
	endfacet
	facet normal 0 0 1
		outer loop
			vertex -0.06780000030994415 -0.03999999910593033 0.0024999999441206455
			vertex -0.07765518128871918 -0.04549366235733032 0.0024999999441206455
			vertex -0.07431402057409286 -0.05076836049556732 0.0024999999441206455
		endloop
	endfacet
	facet normal 0 0 1
		outer loop
			vertex -0.06780000030994415 -0.03999999910593033 0.0024999999441206455
			vertex -0.07431402057409286 -0.05076836049556732 0.0024999999441206455
			vertex -0.07061517983675003 -0.05579870939254761 0.0024999999441206455
		endloop
	endfacet
	facet normal 0 0 1
		outer loop
			vertex -0.06780000030994415 -0.03999999910593033 0.0024999999441206455
			vertex -0.07061517983675003 -0.05579870939254761 0.0024999999441206455
			vertex -0.06657647341489792 -0.06056049466133118 0.0024999999441206455
		endloop
	endfacet
	facet normal 0 0 1
		outer loop
			vertex -0.02690577507019043 -0.0798880085349083 0.0024999999441206455
			vertex -0.030602863058447838 -0.08463725447654724 0.0024999999441206455
			vertex -0.02466093748807907 -0.08655540645122528 0.0024999999441206455
		endloop
	endfacet
	facet normal 0 0 1
		outer loop
			vertex -0.02690577507019043 -0.0798880085349083 0.0024999999441206455
			vertex -0.03194162994623184 -0.07764696329832077 0.0024999999441206455
			vertex -0.030602863058447838 -0.08463725447654724 0.0024999999441206455
		endloop
	endfacet
	facet normal 0 0 1
		outer loop
			vertex -0.021714065223932266 -0.08173955976963043 0.0024999999441206455
			vertex -0.02466093748807907 -0.08655540645122528 0.0024999999441206455
			vertex -0.01860031671822071 -0.08805695921182632 0.0024999999441206455
		endloop
	endfacet
	facet normal 0 0 1
		outer loop
			vertex -0.021714065223932266 -0.08173955976963043 0.0024999999441206455
			vertex -0.02690577507019043 -0.0798880085349083 0.0024999999441206455
			vertex -0.02466093748807907 -0.08655540645122528 0.0024999999441206455
		endloop
	endfacet
	facet normal 0 0 1
		outer loop
			vertex -0.016396572813391685 -0.08319089561700821 0.0024999999441206455
			vertex -0.01860031671822071 -0.08805695921182632 0.0024999999441206455
			vertex -0.012450171634554863 -0.08913469314575195 0.0024999999441206455
		endloop
	endfacet
	facet normal 0 0 1
		outer loop
			vertex -0.016396572813391685 -0.08319089561700821 0.0024999999441206455
			vertex -0.021714065223932266 -0.08173955976963043 0.0024999999441206455
			vertex -0.01860031671822071 -0.08805695921182632 0.0024999999441206455
		endloop
	endfacet
	facet normal 0 0 1
		outer loop
			vertex -0.010984102264046669 -0.0842336118221283 0.0024999999441206455
			vertex -0.012450171634554863 -0.08913469314575195 0.0024999999441206455
			vertex -0.0062401024624705315 -0.08978341519832611 0.0024999999441206455
		endloop
	endfacet
	facet normal 0 0 1
		outer loop
			vertex -0.010984102264046669 -0.0842336118221283 0.0024999999441206455
			vertex -0.016396572813391685 -0.08319089561700821 0.0024999999441206455
			vertex -0.012450171634554863 -0.08913469314575195 0.0024999999441206455
		endloop
	endfacet
	facet normal 0 0 1
		outer loop
			vertex -0.029999999329447746 -0.061250001192092896 0.0024999999441206455
			vertex -0.039686575531959534 -0.06751972436904907 0.0024999999441206455
			vertex -0.039102114737033844 -0.06766680628061295 0.0024999999441206455
		endloop
	endfacet
	facet normal 0 0 1
		outer loop
			vertex -0.029999999329447746 -0.061250001192092896 0.0024999999441206455
			vertex -0.039102114737033844 -0.06766680628061295 0.0024999999441206455
			vertex -0.03856983780860901 -0.06794948130846024 0.0024999999441206455
		endloop
	endfacet
	facet normal 0 0 1
		outer loop
			vertex -0.029999999329447746 -0.061250001192092896 0.0024999999441206455
			vertex -0.03856983780860901 -0.06794948130846024 0.0024999999441206455
			vertex -0.03395714610815048 -0.07089579850435257 0.0024999999441206455
		endloop
	endfacet
	facet normal 0 0 1
		outer loop
			vertex -0.029999999329447746 -0.061250001192092896 0.0024999999441206455
			vertex -0.03395714610815048 -0.07089579850435257 0.0024999999441206455
			vertex -0.029120666906237602 -0.07345826178789139 0.0024999999441206455
		endloop
	endfacet
	facet normal 0 0 1
		outer loop
			vertex -0.005508003756403923 -0.08486167341470718 0.0024999999441206455
			vertex -0.010984102264046669 -0.0842336118221283 0.0024999999441206455
			vertex -0.0062401024624705315 -0.08978341519832611 0.0024999999441206455
		endloop
	endfacet
	facet normal 0 0 1
		outer loop
			vertex -3.3627695049940395e-16 -0.09000000357627869 0.0024999999441206455
			vertex -0.005508003756403923 -0.08486167341470718 0.0024999999441206455
			vertex -0.0062401024624705315 -0.08978341519832611 0.0024999999441206455
		endloop
	endfacet
	facet normal 0 0 1
		outer loop
			vertex -0.029999999329447746 -0.05874999985098839 0.0024999999441206455
			vertex -0.0402892529964447 -0.06751678884029388 0.0024999999441206455
			vertex -0.039686575531959534 -0.06751972436904907 0.0024999999441206455
		endloop
	endfacet
	facet normal 0 0 1
		outer loop
			vertex -0.029999999329447746 -0.05874999985098839 0.0024999999441206455
			vertex -0.039686575531959534 -0.06751972436904907 0.0024999999441206455
			vertex -0.029999999329447746 -0.061250001192092896 0.0024999999441206455
		endloop
	endfacet
	facet normal 0 0 1
		outer loop
			vertex -0.04405000060796738 -0.04374999925494194 0.0024999999441206455
			vertex -0.06657647341489792 -0.06056049466133118 0.0024999999441206455
			vertex -0.06221732124686241 -0.06503079831600189 0.0024999999441206455
		endloop
	endfacet
	facet normal 0 0 1
		outer loop
			vertex -0.04405000060796738 -0.04374999925494194 0.0024999999441206455
			vertex -0.06221732124686241 -0.06503079831600189 0.0024999999441206455
			vertex -0.05755871906876564 -0.06918810307979584 0.0024999999441206455
		endloop
	endfacet
	facet normal 0 0 1
		outer loop
			vertex -0.04405000060796738 -0.04374999925494194 0.0024999999441206455
			vertex -0.05755871906876564 -0.06918810307979584 0.0024999999441206455
			vertex -0.04141012579202652 -0.06793565303087234 0.0024999999441206455
		endloop
	endfacet
	facet normal 0 0 1
		outer loop
			vertex -0.04405000060796738 -0.04374999925494194 0.0024999999441206455
			vertex -0.04141012579202652 -0.06793565303087234 0.0024999999441206455
			vertex -0.04087511822581291 -0.06765817105770111 0.0024999999441206455
		endloop
	endfacet
	facet normal 0 0 1
		outer loop
			vertex -0.04405000060796738 -0.04374999925494194 0.0024999999441206455
			vertex -0.04087511822581291 -0.06765817105770111 0.0024999999441206455
			vertex -0.0402892529964447 -0.06751678884029388 0.0024999999441206455
		endloop
	endfacet
	facet normal 0 0 1
		outer loop
			vertex -0.04780000075697899 -0.03999999910593033 0.0024999999441206455
			vertex -0.06657647341489792 -0.06056049466133118 0.0024999999441206455
			vertex -0.04405000060796738 -0.04374999925494194 0.0024999999441206455
		endloop
	endfacet
	facet normal 0 0 1
		outer loop
			vertex -0.04780000075697899 -0.03999999910593033 0.0024999999441206455
			vertex -0.06780000030994415 -0.03999999910593033 0.0024999999441206455
			vertex -0.06657647341489792 -0.06056049466133118 0.0024999999441206455
		endloop
	endfacet
	facet normal 0 0 1
		outer loop
			vertex -0.02500000037252903 -0.061250001192092896 0.0024999999441206455
			vertex -0.029999999329447746 -0.061250001192092896 0.0024999999441206455
			vertex -0.029120666906237602 -0.07345826178789139 0.0024999999441206455
		endloop
	endfacet
	facet normal 0 0 1
		outer loop
			vertex -0.02500000037252903 -0.061250001192092896 0.0024999999441206455
			vertex -0.029120666906237602 -0.07345826178789139 0.0024999999441206455
			vertex -0.02409227564930916 -0.07561996579170227 0.0024999999441206455
		endloop
	endfacet
	facet normal 0 0 1
		outer loop
			vertex -0.04154999926686287 -0.04374999925494194 0.0024999999441206455
			vertex -0.0402892529964447 -0.06751678884029388 0.0024999999441206455
			vertex -0.029999999329447746 -0.05874999985098839 0.0024999999441206455
		endloop
	endfacet
	facet normal 0 0 1
		outer loop
			vertex -0.04154999926686287 -0.04374999925494194 0.0024999999441206455
			vertex -0.04405000060796738 -0.04374999925494194 0.0024999999441206455
			vertex -0.0402892529964447 -0.06751678884029388 0.0024999999441206455
		endloop
	endfacet
	facet normal 0 0 1
		outer loop
			vertex -0.04780000075697899 -0.03750000149011612 0.0024999999441206455
			vertex -0.06780000030994415 -0.03999999910593033 0.0024999999441206455
			vertex -0.04780000075697899 -0.03999999910593033 0.0024999999441206455
		endloop
	endfacet
	facet normal 0 0 1
		outer loop
			vertex -1.4266365495856347e-16 -0.08507142961025238 0.0024999999441206455
			vertex -0.005508003756403923 -0.08486167341470718 0.0024999999441206455
			vertex -3.3627695049940395e-16 -0.09000000357627869 0.0024999999441206455
		endloop
	endfacet
	facet normal 0 0 1
		outer loop
			vertex -0.04405000060796738 -0.03999999910593033 0.0024999999441206455
			vertex -0.04780000075697899 -0.03999999910593033 0.0024999999441206455
			vertex -0.04405000060796738 -0.04374999925494194 0.0024999999441206455
		endloop
	endfacet
	facet normal 0 0 1
		outer loop
			vertex 0.005508003756403923 -0.08486167341470718 0.0024999999441206455
			vertex -3.3627695049940395e-16 -0.09000000357627869 0.0024999999441206455
			vertex 0.0062401024624705315 -0.08978341519832611 0.0024999999441206455
		endloop
	endfacet
	facet normal 0 0 1
		outer loop
			vertex 0.005508003756403923 -0.08486167341470718 0.0024999999441206455
			vertex -1.4266365495856347e-16 -0.08507142961025238 0.0024999999441206455
			vertex -3.3627695049940395e-16 -0.09000000357627869 0.0024999999441206455
		endloop
	endfacet
	facet normal 0 0 1
		outer loop
			vertex -0.04405000060796738 -0.03375000134110451 0.0024999999441206455
			vertex -0.04780000075697899 -0.03750000149011612 0.0024999999441206455
			vertex -0.04405000060796738 -0.03750000149011612 0.0024999999441206455
		endloop
	endfacet
	facet normal 0 0 1
		outer loop
			vertex -0.04405000060796738 -0.03375000134110451 0.0024999999441206455
			vertex -0.06780000030994415 -0.03999999910593033 0.0024999999441206455
			vertex -0.04780000075697899 -0.03750000149011612 0.0024999999441206455
		endloop
	endfacet
	facet normal 0 0 1
		outer loop
			vertex -0.03779999911785126 -0.03999999910593033 0.0024999999441206455
			vertex -0.04154999926686287 -0.04374999925494194 0.0024999999441206455
			vertex -0.029999999329447746 -0.05874999985098839 0.0024999999441206455
		endloop
	endfacet
	facet normal 0 0 1
		outer loop
			vertex -0.03779999911785126 -0.03999999910593033 0.0024999999441206455
			vertex -0.04154999926686287 -0.03999999910593033 0.0024999999441206455
			vertex -0.04154999926686287 -0.04374999925494194 0.0024999999441206455
		endloop
	endfacet
	facet normal 0 0 1
		outer loop
			vertex -0.014999999664723873 -0.061250001192092896 0.0024999999441206455
			vertex -0.02500000037252903 -0.061250001192092896 0.0024999999441206455
			vertex -0.02409227564930916 -0.07561996579170227 0.0024999999441206455
		endloop
	endfacet
	facet normal 0 0 1
		outer loop
			vertex -0.014999999664723873 -0.061250001192092896 0.0024999999441206455
			vertex -0.02409227564930916 -0.07561996579170227 0.0024999999441206455
			vertex -0.01890510879456997 -0.07736668735742569 0.0024999999441206455
		endloop
	endfacet
	facet normal 0 0 1
		outer loop
			vertex -0.014999999664723873 -0.061250001192092896 0.0024999999441206455
			vertex -0.01890510879456997 -0.07736668735742569 0.0024999999441206455
			vertex -0.013593352399766445 -0.07868689298629761 0.0024999999441206455
		endloop
	endfacet
	facet normal 0 0 1
		outer loop
			vertex -0.04154999926686287 -0.03375000134110451 0.0024999999441206455
			vertex -0.04154999926686287 -0.03750000149011612 0.0024999999441206455
			vertex -0.03779999911785126 -0.03750000149011612 0.0024999999441206455
		endloop
	endfacet
	facet normal 0 0 1
		outer loop
			vertex -0.014999999664723873 -0.05874999985098839 0.0024999999441206455
			vertex -0.02500000037252903 -0.061250001192092896 0.0024999999441206455
			vertex -0.014999999664723873 -0.061250001192092896 0.0024999999441206455
		endloop
	endfacet
	facet normal 0 0 1
		outer loop
			vertex -0.014999999664723873 -0.05874999985098839 0.0024999999441206455
			vertex -0.02500000037252903 -0.05874999985098839 0.0024999999441206455
			vertex -0.02500000037252903 -0.061250001192092896 0.0024999999441206455
		endloop
	endfacet
	facet normal 0 0 1
		outer loop
			vertex 0.010984102264046669 -0.0842336118221283 0.0024999999441206455
			vertex 0.0062401024624705315 -0.08978341519832611 0.0024999999441206455
			vertex 0.012450171634554863 -0.08913469314575195 0.0024999999441206455
		endloop
	endfacet
	facet normal 0 0 1
		outer loop
			vertex 0.010984102264046669 -0.0842336118221283 0.0024999999441206455
			vertex 0.005508003756403923 -0.08486167341470718 0.0024999999441206455
			vertex 0.0062401024624705315 -0.08978341519832611 0.0024999999441206455
		endloop
	endfacet
	facet normal 0 0 1
		outer loop
			vertex 0.016396572813391685 -0.08319089561700821 0.0024999999441206455
			vertex 0.012450171634554863 -0.08913469314575195 0.0024999999441206455
			vertex 0.01860031671822071 -0.08805695921182632 0.0024999999441206455
		endloop
	endfacet
	facet normal 0 0 1
		outer loop
			vertex 0.016396572813391685 -0.08319089561700821 0.0024999999441206455
			vertex 0.010984102264046669 -0.0842336118221283 0.0024999999441206455
			vertex 0.012450171634554863 -0.08913469314575195 0.0024999999441206455
		endloop
	endfacet
	facet normal 0 0 1
		outer loop
			vertex -0.004999999888241291 -0.061250001192092896 0.0024999999441206455
			vertex -0.008192011155188084 -0.07957190275192261 0.0024999999441206455
			vertex -0.0027366820722818375 -0.0800158679485321 0.0024999999441206455
		endloop
	endfacet
	facet normal 0 0 1
		outer loop
			vertex -0.004999999888241291 -0.061250001192092896 0.0024999999441206455
			vertex -0.014999999664723873 -0.061250001192092896 0.0024999999441206455
			vertex -0.013593352399766445 -0.07868689298629761 0.0024999999441206455
		endloop
	endfacet
	facet normal 0 0 1
		outer loop
			vertex -0.004999999888241291 -0.061250001192092896 0.0024999999441206455
			vertex -0.013593352399766445 -0.07868689298629761 0.0024999999441206455
			vertex -0.008192011155188084 -0.07957190275192261 0.0024999999441206455
		endloop
	endfacet
	facet normal 0 0 1
		outer loop
			vertex -0.001500000013038516 -0.061500001698732376 0.0024999999441206455
			vertex -0.004999999888241291 -0.061250001192092896 0.0024999999441206455
			vertex -0.0027366820722818375 -0.0800158679485321 0.0024999999441206455
		endloop
	endfacet
	facet normal 0 0 1
		outer loop
			vertex -0.02679533138871193 -0.03616727143526077 0.0024999999441206455
			vertex -0.02685866877436638 -0.03610393777489662 0.0024999999441206455
			vertex -0.03779999911785126 -0.03999999910593033 0.0024999999441206455
		endloop
	endfacet
	facet normal 0 0 1
		outer loop
			vertex -0.026906322687864304 -0.036028094589710236 0.0024999999441206455
			vertex -0.03779999911785126 -0.03999999910593033 0.0024999999441206455
			vertex -0.02685866877436638 -0.03610393777489662 0.0024999999441206455
		endloop
	endfacet
	facet normal 0 0 1
		outer loop
			vertex -0.026906322687864304 -0.036028094589710236 0.0024999999441206455
			vertex -0.03779999911785126 -0.03750000149011612 0.0024999999441206455
			vertex -0.03779999911785126 -0.03999999910593033 0.0024999999441206455
		endloop
	endfacet
	facet normal 0 0 1
		outer loop
			vertex -0.026719488203525543 -0.036214929074048996 0.0024999999441206455
			vertex -0.02679533138871193 -0.03616727143526077 0.0024999999441206455
			vertex -0.03779999911785126 -0.03999999910593033 0.0024999999441206455
		endloop
	endfacet
	facet normal 0 0 1
		outer loop
			vertex -0.0266349446028471 -0.03624451160430908 0.0024999999441206455
			vertex -0.026719488203525543 -0.036214929074048996 0.0024999999441206455
			vertex -0.03779999911785126 -0.03999999910593033 0.0024999999441206455
		endloop
	endfacet
	facet normal 0 0 1
		outer loop
			vertex -0.0266349446028471 -0.03624451160430908 0.0024999999441206455
			vertex -0.03779999911785126 -0.03999999910593033 0.0024999999441206455
			vertex -0.029999999329447746 -0.05874999985098839 0.0024999999441206455
		endloop
	endfacet
	facet normal 0 0 1
		outer loop
			vertex -0.02693590708076954 -0.03594354912638664 0.0024999999441206455
			vertex -0.03779999911785126 -0.03750000149011612 0.0024999999441206455
			vertex -0.026906322687864304 -0.036028094589710236 0.0024999999441206455
		endloop
	endfacet
	facet normal 0 0 1
		outer loop
			vertex -0.02654593624174595 -0.03625454008579254 0.0024999999441206455
			vertex -0.0266349446028471 -0.03624451160430908 0.0024999999441206455
			vertex -0.029999999329447746 -0.05874999985098839 0.0024999999441206455
		endloop
	endfacet
	facet normal 0 0 1
		outer loop
			vertex -0.02654593624174595 -0.03625454008579254 0.0024999999441206455
			vertex -0.029999999329447746 -0.05874999985098839 0.0024999999441206455
			vertex -0.02500000037252903 -0.05874999985098839 0.0024999999441206455
		endloop
	endfacet
	facet normal 0 0 1
		outer loop
			vertex -0.026945935562253 -0.03585454076528549 0.0024999999441206455
			vertex -0.03779999911785126 -0.03750000149011612 0.0024999999441206455
			vertex -0.02693590708076954 -0.03594354912638664 0.0024999999441206455
		endloop
	endfacet
	facet normal 0 0 1
		outer loop
			vertex 0.021714065223932266 -0.08173955976963043 0.0024999999441206455
			vertex 0.01860031671822071 -0.08805695921182632 0.0024999999441206455
			vertex 0.02466093748807907 -0.08655540645122528 0.0024999999441206455
		endloop
	endfacet
	facet normal 0 0 1
		outer loop
			vertex 0.021714065223932266 -0.08173955976963043 0.0024999999441206455
			vertex 0.016396572813391685 -0.08319089561700821 0.0024999999441206455
			vertex 0.01860031671822071 -0.08805695921182632 0.0024999999441206455
		endloop
	endfacet
	facet normal 0 0 1
		outer loop
			vertex -0.001500000013038516 -0.05849999934434891 0.0024999999441206455
			vertex -0.004999999888241291 -0.061250001192092896 0.0024999999441206455
			vertex -0.001500000013038516 -0.061500001698732376 0.0024999999441206455
		endloop
	endfacet
	facet normal 0 0 1
		outer loop
			vertex -0.001500000013038516 -0.05849999934434891 0.0024999999441206455
			vertex -0.004999999888241291 -0.05874999985098839 0.0024999999441206455
			vertex -0.004999999888241291 -0.061250001192092896 0.0024999999441206455
		endloop
	endfacet
	facet normal 0 0 1
		outer loop
			vertex 0.001500000013038516 -0.061500001698732376 0.0024999999441206455
			vertex -0.0027366820722818375 -0.0800158679485321 0.0024999999441206455
			vertex 0.0027366820722818375 -0.0800158679485321 0.0024999999441206455
		endloop
	endfacet
	facet normal 0 0 1
		outer loop
			vertex 0.001500000013038516 -0.061500001698732376 0.0024999999441206455
			vertex -0.001500000013038516 -0.061500001698732376 0.0024999999441206455
			vertex -0.0027366820722818375 -0.0800158679485321 0.0024999999441206455
		endloop
	endfacet
	facet normal 0 0 1
		outer loop
			vertex -0.06530000269412994 0.005499999970197678 0.0024999999441206455
			vertex -0.06780000030994415 0.005499999970197678 0.0024999999441206455
			vertex -0.06780000030994415 -0.03999999910593033 0.0024999999441206455
		endloop
	endfacet
	facet normal 0 0 1
		outer loop
			vertex -0.06530000269412994 0.005499999970197678 0.0024999999441206455
			vertex -0.06780000030994415 -0.03999999910593033 0.0024999999441206455
			vertex -0.04405000060796738 -0.03375000134110451 0.0024999999441206455
		endloop
	endfacet
	facet normal 0 0 1
		outer loop
			vertex -0.02014593593776226 -0.03625454008579254 0.0024999999441206455
			vertex -0.02654593624174595 -0.03625454008579254 0.0024999999441206455
			vertex -0.02500000037252903 -0.05874999985098839 0.0024999999441206455
		endloop
	endfacet
	facet normal 0 0 1
		outer loop
			vertex -0.02014593593776226 -0.03625454008579254 0.0024999999441206455
			vertex -0.02500000037252903 -0.05874999985098839 0.0024999999441206455
			vertex -0.014999999664723873 -0.05874999985098839 0.0024999999441206455
		endloop
	endfacet
	facet normal 0 0 1
		outer loop
			vertex -0.026945935562253 -0.029454540461301804 0.0024999999441206455
			vertex -0.03779999911785126 -0.03750000149011612 0.0024999999441206455
			vertex -0.026945935562253 -0.03585454076528549 0.0024999999441206455
		endloop
	endfacet
	facet normal 0 0 1
		outer loop
			vertex -0.026945935562253 -0.029454540461301804 0.0024999999441206455
			vertex -0.04154999926686287 -0.03375000134110451 0.0024999999441206455
			vertex -0.03779999911785126 -0.03750000149011612 0.0024999999441206455
		endloop
	endfacet
	facet normal 0 0 1
		outer loop
			vertex -0.02005692757666111 -0.03624451160430908 0.0024999999441206455
			vertex -0.02014593593776226 -0.03625454008579254 0.0024999999441206455
			vertex -0.014999999664723873 -0.05874999985098839 0.0024999999441206455
		endloop
	endfacet
	facet normal 0 0 1
		outer loop
			vertex -0.02693590708076954 -0.029365532100200653 0.0024999999441206455
			vertex -0.04154999926686287 -0.03375000134110451 0.0024999999441206455
			vertex -0.026945935562253 -0.029454540461301804 0.0024999999441206455
		endloop
	endfacet
	facet normal 0 0 1
		outer loop
			vertex 0.004999999888241291 -0.061250001192092896 0.0024999999441206455
			vertex 0.001500000013038516 -0.061500001698732376 0.0024999999441206455
			vertex 0.0027366820722818375 -0.0800158679485321 0.0024999999441206455
		endloop
	endfacet
	facet normal 0 0 1
		outer loop
			vertex 0.004999999888241291 -0.061250001192092896 0.0024999999441206455
			vertex 0.0027366820722818375 -0.0800158679485321 0.0024999999441206455
			vertex 0.008192011155188084 -0.07957190275192261 0.0024999999441206455
		endloop
	endfacet
	facet normal 0 0 1
		outer loop
			vertex 0.004999999888241291 -0.061250001192092896 0.0024999999441206455
			vertex 0.008192011155188084 -0.07957190275192261 0.0024999999441206455
			vertex 0.013593352399766445 -0.07868689298629761 0.0024999999441206455
		endloop
	endfacet
	facet normal 0 0 1
		outer loop
			vertex -0.026906322687864304 -0.02928098663687706 0.0024999999441206455
			vertex -0.04154999926686287 -0.03375000134110451 0.0024999999441206455
			vertex -0.02693590708076954 -0.029365532100200653 0.0024999999441206455
		endloop
	endfacet
	facet normal 0 0 1
		outer loop
			vertex -0.019972382113337517 -0.036214929074048996 0.0024999999441206455
			vertex -0.02005692757666111 -0.03624451160430908 0.0024999999441206455
			vertex -0.014999999664723873 -0.05874999985098839 0.0024999999441206455
		endloop
	endfacet
	facet normal 0 0 1
		outer loop
			vertex -0.01989653892815113 -0.03616727143526077 0.0024999999441206455
			vertex -0.019972382113337517 -0.036214929074048996 0.0024999999441206455
			vertex -0.014999999664723873 -0.05874999985098839 0.0024999999441206455
		endloop
	endfacet
	facet normal 0 0 1
		outer loop
			vertex -0.02685866877436638 -0.029205143451690674 0.0024999999441206455
			vertex -0.04154999926686287 -0.03375000134110451 0.0024999999441206455
			vertex -0.026906322687864304 -0.02928098663687706 0.0024999999441206455
		endloop
	endfacet
	facet normal 0 0 1
		outer loop
			vertex -0.01983320340514183 -0.03610393777489662 0.0024999999441206455
			vertex -0.01989653892815113 -0.03616727143526077 0.0024999999441206455
			vertex -0.014999999664723873 -0.05874999985098839 0.0024999999441206455
		endloop
	endfacet
	facet normal 0 0 1
		outer loop
			vertex -0.01983320340514183 -0.03610393777489662 0.0024999999441206455
			vertex -0.014999999664723873 -0.05874999985098839 0.0024999999441206455
			vertex -0.004999999888241291 -0.05874999985098839 0.0024999999441206455
		endloop
	endfacet
	facet normal 0 0 1
		outer loop
			vertex -0.02679533138871193 -0.029141807928681374 0.0024999999441206455
			vertex -0.04154999926686287 -0.03375000134110451 0.0024999999441206455
			vertex -0.02685866877436638 -0.029205143451690674 0.0024999999441206455
		endloop
	endfacet
	facet normal 0 0 1
		outer loop
			vertex -0.019785547628998756 -0.036028094589710236 0.0024999999441206455
			vertex -0.004999999888241291 -0.05874999985098839 0.0024999999441206455
			vertex -0.001500000013038516 -0.05849999934434891 0.0024999999441206455
		endloop
	endfacet
	facet normal 0 0 1
		outer loop
			vertex -0.019785547628998756 -0.036028094589710236 0.0024999999441206455
			vertex -0.01983320340514183 -0.03610393777489662 0.0024999999441206455
			vertex -0.004999999888241291 -0.05874999985098839 0.0024999999441206455
		endloop
	endfacet
	facet normal 0 0 1
		outer loop
			vertex -0.01975596509873867 -0.03594354912638664 0.0024999999441206455
			vertex -0.019785547628998756 -0.036028094589710236 0.0024999999441206455
			vertex -0.001500000013038516 -0.05849999934434891 0.0024999999441206455
		endloop
	endfacet
	facet normal 0 0 1
		outer loop
			vertex 0.004999999888241291 -0.05874999985098839 0.0024999999441206455
			vertex 0.001500000013038516 -0.061500001698732376 0.0024999999441206455
			vertex 0.004999999888241291 -0.061250001192092896 0.0024999999441206455
		endloop
	endfacet
	facet normal 0 0 1
		outer loop
			vertex 0.004999999888241291 -0.05874999985098839 0.0024999999441206455
			vertex 0.001500000013038516 -0.05849999934434891 0.0024999999441206455
			vertex 0.001500000013038516 -0.061500001698732376 0.0024999999441206455
		endloop
	endfacet
	facet normal 0 0 1
		outer loop
			vertex 0.02690577507019043 -0.0798880085349083 0.0024999999441206455
			vertex 0.02466093748807907 -0.08655540645122528 0.0024999999441206455
			vertex 0.030602863058447838 -0.08463725447654724 0.0024999999441206455
		endloop
	endfacet
	facet normal 0 0 1
		outer loop
			vertex 0.02690577507019043 -0.0798880085349083 0.0024999999441206455
			vertex 0.021714065223932266 -0.08173955976963043 0.0024999999441206455
			vertex 0.02466093748807907 -0.08655540645122528 0.0024999999441206455
		endloop
	endfacet
	facet normal 0 0 1
		outer loop
			vertex 0.014999999664723873 -0.061250001192092896 0.0024999999441206455
			vertex 0.004999999888241291 -0.061250001192092896 0.0024999999441206455
			vertex 0.013593352399766445 -0.07868689298629761 0.0024999999441206455
		endloop
	endfacet
	facet normal 0 0 1
		outer loop
			vertex 0.014999999664723873 -0.061250001192092896 0.0024999999441206455
			vertex 0.013593352399766445 -0.07868689298629761 0.0024999999441206455
			vertex 0.01890510879456997 -0.07736668735742569 0.0024999999441206455
		endloop
	endfacet
	facet normal 0 0 1
		outer loop
			vertex 0.014999999664723873 -0.061250001192092896 0.0024999999441206455
			vertex 0.01890510879456997 -0.07736668735742569 0.0024999999441206455
			vertex 0.02409227564930916 -0.07561996579170227 0.0024999999441206455
		endloop
	endfacet
	facet normal 0 0 1
		outer loop
			vertex -0.021304838359355927 -0.024471314623951912 0.0024999999441206455
			vertex -0.021593552082777023 -0.024215536192059517 0.0024999999441206455
			vertex -0.02654593624174595 -0.029054539278149605 0.0024999999441206455
		endloop
	endfacet
	facet normal 0 0 1
		outer loop
			vertex -0.021304838359355927 -0.024471314623951912 0.0024999999441206455
			vertex -0.02654593624174595 -0.029054539278149605 0.0024999999441206455
			vertex -0.02014593593776226 -0.029054539278149605 0.0024999999441206455
		endloop
	endfacet
	facet normal 0 0 1
		outer loop
			vertex -0.021812664344906807 -0.02389809675514698 0.0024999999441206455
			vertex -0.02654593624174595 -0.029054539278149605 0.0024999999441206455
			vertex -0.021593552082777023 -0.024215536192059517 0.0024999999441206455
		endloop
	endfacet
	facet normal 0 0 1
		outer loop
			vertex 0.03194162994623184 -0.07764696329832077 0.0024999999441206455
			vertex 0.030602863058447838 -0.08463725447654724 0.0024999999441206455
			vertex 0.03639749437570572 -0.08231174200773239 0.0024999999441206455
		endloop
	endfacet
	facet normal 0 0 1
		outer loop
			vertex 0.03194162994623184 -0.07764696329832077 0.0024999999441206455
			vertex 0.02690577507019043 -0.0798880085349083 0.0024999999441206455
			vertex 0.030602863058447838 -0.08463725447654724 0.0024999999441206455
		endloop
	endfacet
	facet normal 0 0 1
		outer loop
			vertex -0.020963303744792938 -0.024650566279888153 0.0024999999441206455
			vertex -0.021304838359355927 -0.024471314623951912 0.0024999999441206455
			vertex -0.02014593593776226 -0.029054539278149605 0.0024999999441206455
		endloop
	endfacet
	facet normal 0 0 1
		outer loop
			vertex -0.021949442103505135 -0.023537445813417435 0.0024999999441206455
			vertex -0.02654593624174595 -0.029054539278149605 0.0024999999441206455
			vertex -0.021812664344906807 -0.02389809675514698 0.0024999999441206455
		endloop
	endfacet
	facet normal 0 0 1
		outer loop
			vertex -0.020588794723153114 -0.02474287338554859 0.0024999999441206455
			vertex -0.020963303744792938 -0.024650566279888153 0.0024999999441206455
			vertex -0.02014593593776226 -0.029054539278149605 0.0024999999441206455
		endloop
	endfacet
	facet normal 0 0 1
		outer loop
			vertex -0.02199593558907509 -0.023154539987444878 0.0024999999441206455
			vertex -0.02654593624174595 -0.029054539278149605 0.0024999999441206455
			vertex -0.021949442103505135 -0.023537445813417435 0.0024999999441206455
		endloop
	endfacet
	facet normal 0 0 1
		outer loop
			vertex -0.02199593558907509 -0.023154539987444878 0.0024999999441206455
			vertex -0.026719488203525543 -0.0290941521525383 0.0024999999441206455
			vertex -0.0266349446028471 -0.029064569622278214 0.0024999999441206455
		endloop
	endfacet
	facet normal 0 0 1
		outer loop
			vertex -0.02199593558907509 -0.023154539987444878 0.0024999999441206455
			vertex -0.0266349446028471 -0.029064569622278214 0.0024999999441206455
			vertex -0.02654593624174595 -0.029054539278149605 0.0024999999441206455
		endloop
	endfacet
	facet normal 0 0 1
		outer loop
			vertex -0.02020307630300522 -0.02474287338554859 0.0024999999441206455
			vertex -0.020588794723153114 -0.02474287338554859 0.0024999999441206455
			vertex -0.02014593593776226 -0.029054539278149605 0.0024999999441206455
		endloop
	endfacet
	facet normal 0 0 1
		outer loop
			vertex -0.02020307630300522 -0.02474287338554859 0.0024999999441206455
			vertex -0.02014593593776226 -0.029054539278149605 0.0024999999441206455
			vertex -0.02005692757666111 -0.029064569622278214 0.0024999999441206455
		endloop
	endfacet
	facet normal 0 0 1
		outer loop
			vertex -0.021949442103505135 -0.02277163416147232 0.0024999999441206455
			vertex -0.02679533138871193 -0.029141807928681374 0.0024999999441206455
			vertex -0.026719488203525543 -0.0290941521525383 0.0024999999441206455
		endloop
	endfacet
	facet normal 0 0 1
		outer loop
			vertex -0.021949442103505135 -0.02277163416147232 0.0024999999441206455
			vertex -0.026719488203525543 -0.0290941521525383 0.0024999999441206455
			vertex -0.02199593558907509 -0.023154539987444878 0.0024999999441206455
		endloop
	endfacet
	facet normal 0 0 1
		outer loop
			vertex -0.019828567281365395 -0.024650566279888153 0.0024999999441206455
			vertex -0.02005692757666111 -0.029064569622278214 0.0024999999441206455
			vertex -0.019972382113337517 -0.0290941521525383 0.0024999999441206455
		endloop
	endfacet
	facet normal 0 0 1
		outer loop
			vertex -0.019828567281365395 -0.024650566279888153 0.0024999999441206455
			vertex -0.019972382113337517 -0.0290941521525383 0.0024999999441206455
			vertex -0.01989653892815113 -0.029141807928681374 0.0024999999441206455
		endloop
	endfacet
	facet normal 0 0 1
		outer loop
			vertex -0.019828567281365395 -0.024650566279888153 0.0024999999441206455
			vertex -0.02020307630300522 -0.02474287338554859 0.0024999999441206455
			vertex -0.02005692757666111 -0.029064569622278214 0.0024999999441206455
		endloop
	endfacet
	facet normal 0 0 1
		outer loop
			vertex -0.021812664344906807 -0.022410983219742775 0.0024999999441206455
			vertex -0.02679533138871193 -0.029141807928681374 0.0024999999441206455
			vertex -0.021949442103505135 -0.02277163416147232 0.0024999999441206455
		endloop
	endfacet
	facet normal 0 0 1
		outer loop
			vertex -0.021812664344906807 -0.022410983219742775 0.0024999999441206455
			vertex -0.04154999926686287 -0.03375000134110451 0.0024999999441206455
			vertex -0.02679533138871193 -0.029141807928681374 0.0024999999441206455
		endloop
	endfacet
	facet normal 0 0 1
		outer loop
			vertex -0.019487032666802406 -0.024471314623951912 0.0024999999441206455
			vertex -0.019828567281365395 -0.024650566279888153 0.0024999999441206455
			vertex -0.01989653892815113 -0.029141807928681374 0.0024999999441206455
		endloop
	endfacet
	facet normal 0 0 1
		outer loop
			vertex -0.019487032666802406 -0.024471314623951912 0.0024999999441206455
			vertex -0.01989653892815113 -0.029141807928681374 0.0024999999441206455
			vertex -0.01983320340514183 -0.029205143451690674 0.0024999999441206455
		endloop
	endfacet
	facet normal 0 0 1
		outer loop
			vertex -0.01919831894338131 -0.024215536192059517 0.0024999999441206455
			vertex -0.01983320340514183 -0.029205143451690674 0.0024999999441206455
			vertex -0.019785547628998756 -0.02928098663687706 0.0024999999441206455
		endloop
	endfacet
	facet normal 0 0 1
		outer loop
			vertex -0.01919831894338131 -0.024215536192059517 0.0024999999441206455
			vertex -0.019487032666802406 -0.024471314623951912 0.0024999999441206455
			vertex -0.01983320340514183 -0.029205143451690674 0.0024999999441206455
		endloop
	endfacet
	facet normal 0 0 1
		outer loop
			vertex -0.018979206681251526 -0.02389809675514698 0.0024999999441206455
			vertex -0.01919831894338131 -0.024215536192059517 0.0024999999441206455
			vertex -0.019785547628998756 -0.02928098663687706 0.0024999999441206455
		endloop
	endfacet
	facet normal 0 0 1
		outer loop
			vertex -0.018979206681251526 -0.02389809675514698 0.0024999999441206455
			vertex -0.019785547628998756 -0.02928098663687706 0.0024999999441206455
			vertex -0.01975596509873867 -0.029365532100200653 0.0024999999441206455
		endloop
	endfacet
	facet normal 0 0 1
		outer loop
			vertex -0.0471000000834465 0.005499999970197678 0.0024999999441206455
			vertex -0.06530000269412994 0.005499999970197678 0.0024999999441206455
			vertex -0.04405000060796738 -0.03375000134110451 0.0024999999441206455
		endloop
	endfacet
	facet normal 0 0 1
		outer loop
			vertex -0.044599998742341995 0.005499999970197678 0.0024999999441206455
			vertex -0.04154999926686287 -0.03375000134110451 0.0024999999441206455
			vertex -0.021812664344906807 -0.022410983219742775 0.0024999999441206455
		endloop
	endfacet
	facet normal 0 0 1
		outer loop
			vertex -0.044599998742341995 0.005499999970197678 0.0024999999441206455
			vertex -0.0471000000834465 0.005499999970197678 0.0024999999441206455
			vertex -0.04405000060796738 -0.03375000134110451 0.0024999999441206455
		endloop
	endfacet
	facet normal 0 0 1
		outer loop
			vertex -0.044599998742341995 0.005499999970197678 0.0024999999441206455
			vertex -0.04405000060796738 -0.03375000134110451 0.0024999999441206455
			vertex -0.04154999926686287 -0.03375000134110451 0.0024999999441206455
		endloop
	endfacet
	facet normal 0 0 1
		outer loop
			vertex -0.044599998742341995 0.005499999970197678 0.0024999999441206455
			vertex -0.021812664344906807 -0.022410983219742775 0.0024999999441206455
			vertex -0.021593552082777023 -0.02209354378283024 0.0024999999441206455
		endloop
	endfacet
	facet normal 0 0 1
		outer loop
			vertex -0.044599998742341995 0.005499999970197678 0.0024999999441206455
			vertex -0.021593552082777023 -0.02209354378283024 0.0024999999441206455
			vertex -0.021304838359355927 -0.021837765350937843 0.0024999999441206455
		endloop
	endfacet
	facet normal 0 0 1
		outer loop
			vertex -0.044599998742341995 0.005499999970197678 0.0024999999441206455
			vertex -0.021304838359355927 -0.021837765350937843 0.0024999999441206455
			vertex -0.020963303744792938 -0.021658513695001602 0.0024999999441206455
		endloop
	endfacet
	facet normal 0 0 1
		outer loop
			vertex 0.036792460829019547 -0.0750294104218483 0.0024999999441206455
			vertex 0.03194162994623184 -0.07764696329832077 0.0024999999441206455
			vertex 0.03639749437570572 -0.08231174200773239 0.0024999999441206455
		endloop
	endfacet
	facet normal 0 0 1
		outer loop
			vertex 0.04201694577932358 -0.07959005236625671 0.0024999999441206455
			vertex 0.036792460829019547 -0.0750294104218483 0.0024999999441206455
			vertex 0.03639749437570572 -0.08231174200773239 0.0024999999441206455
		endloop
	endfacet
	facet normal 0 0 1
		outer loop
			vertex 0.02500000037252903 -0.061250001192092896 0.0024999999441206455
			vertex 0.02409227564930916 -0.07561996579170227 0.0024999999441206455
			vertex 0.029120666906237602 -0.07345826178789139 0.0024999999441206455
		endloop
	endfacet
	facet normal 0 0 1
		outer loop
			vertex 0.02500000037252903 -0.061250001192092896 0.0024999999441206455
			vertex 0.014999999664723873 -0.061250001192092896 0.0024999999441206455
			vertex 0.02409227564930916 -0.07561996579170227 0.0024999999441206455
		endloop
	endfacet
	facet normal 0 0 1
		outer loop
			vertex 0.02500000037252903 -0.05874999985098839 0.0024999999441206455
			vertex 0.014999999664723873 -0.05874999985098839 0.0024999999441206455
			vertex 0.014999999664723873 -0.061250001192092896 0.0024999999441206455
		endloop
	endfacet
	facet normal 0 0 1
		outer loop
			vertex 0.02500000037252903 -0.05874999985098839 0.0024999999441206455
			vertex 0.014999999664723873 -0.061250001192092896 0.0024999999441206455
			vertex 0.02500000037252903 -0.061250001192092896 0.0024999999441206455
		endloop
	endfacet
	facet normal 0 0 1
		outer loop
			vertex 0.029999999329447746 -0.061250001192092896 0.0024999999441206455
			vertex 0.029120666906237602 -0.07345826178789139 0.0024999999441206455
			vertex 0.03395714610815048 -0.07089579850435257 0.0024999999441206455
		endloop
	endfacet
	facet normal 0 0 1
		outer loop
			vertex 0.029999999329447746 -0.061250001192092896 0.0024999999441206455
			vertex 0.02500000037252903 -0.061250001192092896 0.0024999999441206455
			vertex 0.029120666906237602 -0.07345826178789139 0.0024999999441206455
		endloop
	endfacet
	facet normal 0 0 1
		outer loop
			vertex 0.041430164128541946 -0.07205051928758621 0.0024999999441206455
			vertex 0.036792460829019547 -0.0750294104218483 0.0024999999441206455
			vertex 0.04201694577932358 -0.07959005236625671 0.0024999999441206455
		endloop
	endfacet
	facet normal 0 0 1
		outer loop
			vertex -0.006050489842891693 -0.02448951080441475 0.0024999999441206455
			vertex -0.01919831894338131 -0.02209354378283024 0.0024999999441206455
			vertex -0.018979206681251526 -0.022410983219742775 0.0024999999441206455
		endloop
	endfacet
	facet normal 0 0 1
		outer loop
			vertex -0.006050489842891693 -0.02448951080441475 0.0024999999441206455
			vertex -0.018979206681251526 -0.022410983219742775 0.0024999999441206455
			vertex -0.018842428922653198 -0.02277163416147232 0.0024999999441206455
		endloop
	endfacet
	facet normal 0 0 1
		outer loop
			vertex -0.006050489842891693 -0.02448951080441475 0.0024999999441206455
			vertex -0.018842428922653198 -0.02277163416147232 0.0024999999441206455
			vertex -0.018795935437083244 -0.023154539987444878 0.0024999999441206455
		endloop
	endfacet
	facet normal 0 0 1
		outer loop
			vertex -0.006050489842891693 -0.02448951080441475 0.0024999999441206455
			vertex -0.01975596509873867 -0.03594354912638664 0.0024999999441206455
			vertex -0.001500000013038516 -0.05849999934434891 0.0024999999441206455
		endloop
	endfacet
	facet normal 0 0 1
		outer loop
			vertex -0.006050489842891693 -0.02448951080441475 0.0024999999441206455
			vertex -0.01975596509873867 -0.029365532100200653 0.0024999999441206455
			vertex -0.01974593475461006 -0.029454540461301804 0.0024999999441206455
		endloop
	endfacet
	facet normal 0 0 1
		outer loop
			vertex -0.006050489842891693 -0.02448951080441475 0.0024999999441206455
			vertex -0.01974593475461006 -0.029454540461301804 0.0024999999441206455
			vertex -0.01974593475461006 -0.03585454076528549 0.0024999999441206455
		endloop
	endfacet
	facet normal 0 0 1
		outer loop
			vertex -0.006050489842891693 -0.02448951080441475 0.0024999999441206455
			vertex -0.01974593475461006 -0.03585454076528549 0.0024999999441206455
			vertex -0.01975596509873867 -0.03594354912638664 0.0024999999441206455
		endloop
	endfacet
	facet normal 0 0 1
		outer loop
			vertex -0.006050489842891693 -0.02448951080441475 0.0024999999441206455
			vertex -0.018979206681251526 -0.02389809675514698 0.0024999999441206455
			vertex -0.01975596509873867 -0.029365532100200653 0.0024999999441206455
		endloop
	endfacet
	facet normal 0 0 1
		outer loop
			vertex -0.006050489842891693 -0.02448951080441475 0.0024999999441206455
			vertex -0.018795935437083244 -0.023154539987444878 0.0024999999441206455
			vertex -0.018842428922653198 -0.023537445813417435 0.0024999999441206455
		endloop
	endfacet
	facet normal 0 0 1
		outer loop
			vertex -0.006050489842891693 -0.02448951080441475 0.0024999999441206455
			vertex -0.018842428922653198 -0.023537445813417435 0.0024999999441206455
			vertex -0.018979206681251526 -0.02389809675514698 0.0024999999441206455
		endloop
	endfacet
	facet normal 0 0 1
		outer loop
			vertex 0.03856983780860901 -0.06794948130846024 0.0024999999441206455
			vertex 0.029999999329447746 -0.061250001192092896 0.0024999999441206455
			vertex 0.03395714610815048 -0.07089579850435257 0.0024999999441206455
		endloop
	endfacet
	facet normal 0 0 1
		outer loop
			vertex 0.04743416607379913 -0.0764852911233902 0.0024999999441206455
			vertex 0.0418793261051178 -0.07164867222309113 0.0024999999441206455
			vertex 0.041430164128541946 -0.07205051928758621 0.0024999999441206455
		endloop
	endfacet
	facet normal 0 0 1
		outer loop
			vertex 0.04743416607379913 -0.0764852911233902 0.0024999999441206455
			vertex 0.041430164128541946 -0.07205051928758621 0.0024999999441206455
			vertex 0.04201694577932358 -0.07959005236625671 0.0024999999441206455
		endloop
	endfacet
	facet normal 0 0 1
		outer loop
			vertex 0.04221927002072334 -0.0711510181427002 0.0024999999441206455
			vertex 0.0418793261051178 -0.07164867222309113 0.0024999999441206455
			vertex 0.04743416607379913 -0.0764852911233902 0.0024999999441206455
		endloop
	endfacet
	facet normal 0 0 1
		outer loop
			vertex 0.039102114737033844 -0.06766680628061295 0.0024999999441206455
			vertex 0.029999999329447746 -0.061250001192092896 0.0024999999441206455
			vertex 0.03856983780860901 -0.06794948130846024 0.0024999999441206455
		endloop
	endfacet
	facet normal 0 0 1
		outer loop
			vertex 0.04243024066090584 -0.07058646529912949 0.0024999999441206455
			vertex 0.04221927002072334 -0.0711510181427002 0.0024999999441206455
			vertex 0.04743416607379913 -0.0764852911233902 0.0024999999441206455
		endloop
	endfacet
	facet normal 0 0 1
		outer loop
			vertex 0.039686575531959534 -0.06751972436904907 0.0024999999441206455
			vertex 0.029999999329447746 -0.05874999985098839 0.0024999999441206455
			vertex 0.029999999329447746 -0.061250001192092896 0.0024999999441206455
		endloop
	endfacet
	facet normal 0 0 1
		outer loop
			vertex 0.039686575531959534 -0.06751972436904907 0.0024999999441206455
			vertex 0.029999999329447746 -0.061250001192092896 0.0024999999441206455
			vertex 0.039102114737033844 -0.06766680628061295 0.0024999999441206455
		endloop
	endfacet
	facet normal 0 0 1
		outer loop
			vertex -0.06780000030994415 0.03999999910593033 0.0024999999441206455
			vertex -0.07765518128871918 0.04549366235733032 0.0024999999441206455
			vertex -0.08062257617712021 0.03999999910593033 0.0024999999441206455
		endloop
	endfacet
	facet normal 0 0 1
		outer loop
			vertex -0.06780000030994415 0.03999999910593033 0.0024999999441206455
			vertex -0.06780000030994415 0.025499999523162842 0.0024999999441206455
			vertex -0.06530000269412994 0.025499999523162842 0.0024999999441206455
		endloop
	endfacet
	facet normal 0 0 1
		outer loop
			vertex 0.0402892529964447 -0.06751678884029388 0.0024999999441206455
			vertex 0.029999999329447746 -0.05874999985098839 0.0024999999441206455
			vertex 0.039686575531959534 -0.06751972436904907 0.0024999999441206455
		endloop
	endfacet
	facet normal 0 0 1
		outer loop
			vertex -0.07431402057409286 0.05076836049556732 0.0024999999441206455
			vertex -0.07765518128871918 0.04549366235733032 0.0024999999441206455
			vertex -0.06780000030994415 0.03999999910593033 0.0024999999441206455
		endloop
	endfacet
	facet normal 0 0 1
		outer loop
			vertex -0.0471000000834465 0.025499999523162842 0.0024999999441206455
			vertex -0.06530000269412994 0.005499999970197678 0.0024999999441206455
			vertex -0.0471000000834465 0.005499999970197678 0.0024999999441206455
		endloop
	endfacet
	facet normal 0 0 1
		outer loop
			vertex -0.0471000000834465 0.025499999523162842 0.0024999999441206455
			vertex -0.06780000030994415 0.03999999910593033 0.0024999999441206455
			vertex -0.06530000269412994 0.025499999523162842 0.0024999999441206455
		endloop
	endfacet
	facet normal 0 0 1
		outer loop
			vertex -0.0471000000834465 0.025499999523162842 0.0024999999441206455
			vertex -0.06530000269412994 0.025499999523162842 0.0024999999441206455
			vertex -0.06530000269412994 0.005499999970197678 0.0024999999441206455
		endloop
	endfacet
	facet normal 0 0 1
		outer loop
			vertex 0.01514133159071207 -0.03610393777489662 0.0024999999441206455
			vertex 0.001500000013038516 -0.05849999934434891 0.0024999999441206455
			vertex 0.004999999888241291 -0.05874999985098839 0.0024999999441206455
		endloop
	endfacet
	facet normal 0 0 1
		outer loop
			vertex 0.01520466897636652 -0.03616727143526077 0.0024999999441206455
			vertex 0.01514133159071207 -0.03610393777489662 0.0024999999441206455
			vertex 0.004999999888241291 -0.05874999985098839 0.0024999999441206455
		endloop
	endfacet
	facet normal 0 0 1
		outer loop
			vertex 0.015280511230230331 -0.036214929074048996 0.0024999999441206455
			vertex 0.01520466897636652 -0.03616727143526077 0.0024999999441206455
			vertex 0.004999999888241291 -0.05874999985098839 0.0024999999441206455
		endloop
	endfacet
	facet normal 0 0 1
		outer loop
			vertex 0.015280511230230331 -0.036214929074048996 0.0024999999441206455
			vertex 0.004999999888241291 -0.05874999985098839 0.0024999999441206455
			vertex 0.014999999664723873 -0.05874999985098839 0.0024999999441206455
		endloop
	endfacet
	facet normal 0 0 1
		outer loop
			vertex 0.015093676745891571 -0.036028094589710236 0.0024999999441206455
			vertex 0.001500000013038516 -0.05849999934434891 0.0024999999441206455
			vertex 0.01514133159071207 -0.03610393777489662 0.0024999999441206455
		endloop
	endfacet
	facet normal 0 0 1
		outer loop
			vertex 0.015093676745891571 -0.036028094589710236 0.0024999999441206455
			vertex -0.001500000013038516 -0.05849999934434891 0.0024999999441206455
			vertex 0.001500000013038516 -0.05849999934434891 0.0024999999441206455
		endloop
	endfacet
	facet normal 0 0 1
		outer loop
			vertex 0.01506409328430891 -0.03594354912638664 0.0024999999441206455
			vertex -0.006050489842891693 -0.02448951080441475 0.0024999999441206455
			vertex -0.001500000013038516 -0.05849999934434891 0.0024999999441206455
		endloop
	endfacet
	facet normal 0 0 1
		outer loop
			vertex 0.01506409328430891 -0.03594354912638664 0.0024999999441206455
			vertex -0.001500000013038516 -0.05849999934434891 0.0024999999441206455
			vertex 0.015093676745891571 -0.036028094589710236 0.0024999999441206455
		endloop
	endfacet
	facet normal 0 0 1
		outer loop
			vertex 0.01536505576223135 -0.03624451160430908 0.0024999999441206455
			vertex 0.015280511230230331 -0.036214929074048996 0.0024999999441206455
			vertex 0.014999999664723873 -0.05874999985098839 0.0024999999441206455
		endloop
	endfacet
	facet normal 0 0 1
		outer loop
			vertex 0.0154540641233325 -0.03625454008579254 0.0024999999441206455
			vertex 0.01536505576223135 -0.03624451160430908 0.0024999999441206455
			vertex 0.014999999664723873 -0.05874999985098839 0.0024999999441206455
		endloop
	endfacet
	facet normal 0 0 1
		outer loop
			vertex 0.05262308195233345 -0.07301240414381027 0.0024999999441206455
			vertex 0.042207956314086914 -0.06882742792367935 0.0024999999441206455
			vertex 0.042424414306879044 -0.06938990205526352 0.0024999999441206455
		endloop
	endfacet
	facet normal 0 0 1
		outer loop
			vertex 0.05262308195233345 -0.07301240414381027 0.0024999999441206455
			vertex 0.042424414306879044 -0.06938990205526352 0.0024999999441206455
			vertex 0.04249997064471245 -0.06998782604932785 0.0024999999441206455
		endloop
	endfacet
	facet normal 0 0 1
		outer loop
			vertex 0.05262308195233345 -0.07301240414381027 0.0024999999441206455
			vertex 0.04249997064471245 -0.06998782604932785 0.0024999999441206455
			vertex 0.04243024066090584 -0.07058646529912949 0.0024999999441206455
		endloop
	endfacet
	facet normal 0 0 1
		outer loop
			vertex 0.05262308195233345 -0.07301240414381027 0.0024999999441206455
			vertex 0.04243024066090584 -0.07058646529912949 0.0024999999441206455
			vertex 0.04743416607379913 -0.0764852911233902 0.0024999999441206455
		endloop
	endfacet
	facet normal 0 0 1
		outer loop
			vertex 0.006049510091543198 -0.02448951080441475 0.0024999999441206455
			vertex 0.01506409328430891 -0.03594354912638664 0.0024999999441206455
			vertex 0.015054064802825451 -0.03585454076528549 0.0024999999441206455
		endloop
	endfacet
	facet normal 0 0 1
		outer loop
			vertex 0.006049510091543198 -0.02448951080441475 0.0024999999441206455
			vertex -0.006050489842891693 -0.02448951080441475 0.0024999999441206455
			vertex 0.01506409328430891 -0.03594354912638664 0.0024999999441206455
		endloop
	endfacet
	facet normal 0 0 1
		outer loop
			vertex -0.029999999329447746 0.013749999925494194 0.0024999999441206455
			vertex -0.044599998742341995 0.005499999970197678 0.0024999999441206455
			vertex -0.020963303744792938 -0.021658513695001602 0.0024999999441206455
		endloop
	endfacet
	facet normal 0 0 1
		outer loop
			vertex -0.07061517983675003 0.05579870939254761 0.0024999999441206455
			vertex -0.07431402057409286 0.05076836049556732 0.0024999999441206455
			vertex -0.06780000030994415 0.03999999910593033 0.0024999999441206455
		endloop
	endfacet
	facet normal 0 0 1
		outer loop
			vertex 0.015054064802825451 -0.029454540461301804 0.0024999999441206455
			vertex 0.006049510091543198 -0.02448951080441475 0.0024999999441206455
			vertex 0.015054064802825451 -0.03585454076528549 0.0024999999441206455
		endloop
	endfacet
	facet normal 0 0 1
		outer loop
			vertex 0.021854065358638763 -0.03625454008579254 0.0024999999441206455
			vertex 0.014999999664723873 -0.05874999985098839 0.0024999999441206455
			vertex 0.02500000037252903 -0.05874999985098839 0.0024999999441206455
		endloop
	endfacet
	facet normal 0 0 1
		outer loop
			vertex 0.021854065358638763 -0.03625454008579254 0.0024999999441206455
			vertex 0.0154540641233325 -0.03625454008579254 0.0024999999441206455
			vertex 0.014999999664723873 -0.05874999985098839 0.0024999999441206455
		endloop
	endfacet
	facet normal 0 0 1
		outer loop
			vertex 0.01506409328430891 -0.029365532100200653 0.0024999999441206455
			vertex 0.006049510091543198 -0.02448951080441475 0.0024999999441206455
			vertex 0.015054064802825451 -0.029454540461301804 0.0024999999441206455
		endloop
	endfacet
	facet normal 0 0 1
		outer loop
			vertex 0.021943073719739914 -0.03624451160430908 0.0024999999441206455
			vertex 0.021854065358638763 -0.03625454008579254 0.0024999999441206455
			vertex 0.02500000037252903 -0.05874999985098839 0.0024999999441206455
		endloop
	endfacet
	facet normal 0 0 1
		outer loop
			vertex 0.015093676745891571 -0.02928098663687706 0.0024999999441206455
			vertex 0.006049510091543198 -0.02448951080441475 0.0024999999441206455
			vertex 0.01506409328430891 -0.029365532100200653 0.0024999999441206455
		endloop
	endfacet
	facet normal 0 0 1
		outer loop
			vertex 0.022027617320418358 -0.036214929074048996 0.0024999999441206455
			vertex 0.021943073719739914 -0.03624451160430908 0.0024999999441206455
			vertex 0.02500000037252903 -0.05874999985098839 0.0024999999441206455
		endloop
	endfacet
	facet normal 0 0 1
		outer loop
			vertex 0.022027617320418358 -0.036214929074048996 0.0024999999441206455
			vertex 0.02500000037252903 -0.05874999985098839 0.0024999999441206455
			vertex 0.029999999329447746 -0.05874999985098839 0.0024999999441206455
		endloop
	endfacet
	facet normal 0 0 1
		outer loop
			vertex 0.01514133159071207 -0.029205143451690674 0.0024999999441206455
			vertex 0.006049510091543198 -0.02448951080441475 0.0024999999441206455
			vertex 0.015093676745891571 -0.02928098663687706 0.0024999999441206455
		endloop
	endfacet
	facet normal 0 0 1
		outer loop
			vertex 0.01520466897636652 -0.029141807928681374 0.0024999999441206455
			vertex 0.006049510091543198 -0.02448951080441475 0.0024999999441206455
			vertex 0.01514133159071207 -0.029205143451690674 0.0024999999441206455
		endloop
	endfacet
	facet normal 0 0 1
		outer loop
			vertex 0.015280511230230331 -0.0290941521525383 0.0024999999441206455
			vertex 0.006049510091543198 -0.02448951080441475 0.0024999999441206455
			vertex 0.01520466897636652 -0.029141807928681374 0.0024999999441206455
		endloop
	endfacet
	facet normal 0 0 1
		outer loop
			vertex -0.029999999329447746 0.016249999403953552 0.0024999999441206455
			vertex -0.044599998742341995 0.025499999523162842 0.0024999999441206455
			vertex -0.044599998742341995 0.005499999970197678 0.0024999999441206455
		endloop
	endfacet
	facet normal 0 0 1
		outer loop
			vertex -0.029999999329447746 0.016249999403953552 0.0024999999441206455
			vertex -0.044599998742341995 0.005499999970197678 0.0024999999441206455
			vertex -0.029999999329447746 0.013749999925494194 0.0024999999441206455
		endloop
	endfacet
	facet normal 0 0 1
		outer loop
			vertex -0.006050489842891693 -0.005789509974420071 0.0024999999441206455
			vertex -0.019487032666802406 -0.021837765350937843 0.0024999999441206455
			vertex -0.01919831894338131 -0.02209354378283024 0.0024999999441206455
		endloop
	endfacet
	facet normal 0 0 1
		outer loop
			vertex -0.006050489842891693 -0.005789509974420071 0.0024999999441206455
			vertex -0.01919831894338131 -0.02209354378283024 0.0024999999441206455
			vertex -0.006050489842891693 -0.02448951080441475 0.0024999999441206455
		endloop
	endfacet
	facet normal 0 0 1
		outer loop
			vertex -0.006050489842891693 -0.005789509974420071 0.0024999999441206455
			vertex -0.020588794723153114 -0.021566206589341164 0.0024999999441206455
			vertex -0.02020307630300522 -0.021566206589341164 0.0024999999441206455
		endloop
	endfacet
	facet normal 0 0 1
		outer loop
			vertex -0.006050489842891693 -0.005789509974420071 0.0024999999441206455
			vertex -0.02020307630300522 -0.021566206589341164 0.0024999999441206455
			vertex -0.019828567281365395 -0.021658513695001602 0.0024999999441206455
		endloop
	endfacet
	facet normal 0 0 1
		outer loop
			vertex -0.006050489842891693 -0.005789509974420071 0.0024999999441206455
			vertex -0.019828567281365395 -0.021658513695001602 0.0024999999441206455
			vertex -0.019487032666802406 -0.021837765350937843 0.0024999999441206455
		endloop
	endfacet
	facet normal 0 0 1
		outer loop
			vertex 0.05755871906876564 -0.06918810307979584 0.0024999999441206455
			vertex 0.04141012579202652 -0.06793565303087234 0.0024999999441206455
			vertex 0.041863180696964264 -0.06833310425281525 0.0024999999441206455
		endloop
	endfacet
	facet normal 0 0 1
		outer loop
			vertex 0.05755871906876564 -0.06918810307979584 0.0024999999441206455
			vertex 0.041863180696964264 -0.06833310425281525 0.0024999999441206455
			vertex 0.042207956314086914 -0.06882742792367935 0.0024999999441206455
		endloop
	endfacet
	facet normal 0 0 1
		outer loop
			vertex 0.05755871906876564 -0.06918810307979584 0.0024999999441206455
			vertex 0.042207956314086914 -0.06882742792367935 0.0024999999441206455
			vertex 0.05262308195233345 -0.07301240414381027 0.0024999999441206455
		endloop
	endfacet
	facet normal 0 0 1
		outer loop
			vertex -0.02500000037252903 0.013749999925494194 0.0024999999441206455
			vertex -0.020588794723153114 -0.021566206589341164 0.0024999999441206455
			vertex -0.006050489842891693 -0.005789509974420071 0.0024999999441206455
		endloop
	endfacet
	facet normal 0 0 1
		outer loop
			vertex -0.02500000037252903 0.013749999925494194 0.0024999999441206455
			vertex -0.029999999329447746 0.013749999925494194 0.0024999999441206455
			vertex -0.020963303744792938 -0.021658513695001602 0.0024999999441206455
		endloop
	endfacet
	facet normal 0 0 1
		outer loop
			vertex -0.02500000037252903 0.013749999925494194 0.0024999999441206455
			vertex -0.020963303744792938 -0.021658513695001602 0.0024999999441206455
			vertex -0.020588794723153114 -0.021566206589341164 0.0024999999441206455
		endloop
	endfacet
	facet normal 0 0 1
		outer loop
			vertex -0.02500000037252903 0.016249999403953552 0.0024999999441206455
			vertex -0.044599998742341995 0.025499999523162842 0.0024999999441206455
			vertex -0.029999999329447746 0.016249999403953552 0.0024999999441206455
		endloop
	endfacet
	facet normal 0 0 1
		outer loop
			vertex -0.06657647341489792 0.06056049466133118 0.0024999999441206455
			vertex -0.07061517983675003 0.05579870939254761 0.0024999999441206455
			vertex -0.06780000030994415 0.03999999910593033 0.0024999999441206455
		endloop
	endfacet
	facet normal 0 0 1
		outer loop
			vertex 0.020695161074399948 -0.024471314623951912 0.0024999999441206455
			vertex 0.0154540641233325 -0.029054539278149605 0.0024999999441206455
			vertex 0.021854065358638763 -0.029054539278149605 0.0024999999441206455
		endloop
	endfacet
	facet normal 0 0 1
		outer loop
			vertex 0.020695161074399948 -0.024471314623951912 0.0024999999441206455
			vertex 0.02040644735097885 -0.024215536192059517 0.0024999999441206455
			vertex 0.0154540641233325 -0.029054539278149605 0.0024999999441206455
		endloop
	endfacet
	facet normal 0 0 1
		outer loop
			vertex 0.020187335088849068 -0.02389809675514698 0.0024999999441206455
			vertex 0.0154540641233325 -0.029054539278149605 0.0024999999441206455
			vertex 0.02040644735097885 -0.024215536192059517 0.0024999999441206455
		endloop
	endfacet
	facet normal 0 0 1
		outer loop
			vertex 0.021036697551608086 -0.024650566279888153 0.0024999999441206455
			vertex 0.020695161074399948 -0.024471314623951912 0.0024999999441206455
			vertex 0.021854065358638763 -0.029054539278149605 0.0024999999441206455
		endloop
	endfacet
	facet normal 0 0 1
		outer loop
			vertex 0.02005055733025074 -0.023537445813417435 0.0024999999441206455
			vertex 0.0154540641233325 -0.029054539278149605 0.0024999999441206455
			vertex 0.020187335088849068 -0.02389809675514698 0.0024999999441206455
		endloop
	endfacet
	facet normal 0 0 1
		outer loop
			vertex 0.02141120657324791 -0.02474287338554859 0.0024999999441206455
			vertex 0.021036697551608086 -0.024650566279888153 0.0024999999441206455
			vertex 0.021854065358638763 -0.029054539278149605 0.0024999999441206455
		endloop
	endfacet
	facet normal 0 0 1
		outer loop
			vertex 0.020004063844680786 -0.023154539987444878 0.0024999999441206455
			vertex 0.015280511230230331 -0.0290941521525383 0.0024999999441206455
			vertex 0.01536505576223135 -0.029064569622278214 0.0024999999441206455
		endloop
	endfacet
	facet normal 0 0 1
		outer loop
			vertex 0.020004063844680786 -0.023154539987444878 0.0024999999441206455
			vertex 0.01536505576223135 -0.029064569622278214 0.0024999999441206455
			vertex 0.0154540641233325 -0.029054539278149605 0.0024999999441206455
		endloop
	endfacet
	facet normal 0 0 1
		outer loop
			vertex 0.020004063844680786 -0.023154539987444878 0.0024999999441206455
			vertex 0.006049510091543198 -0.02448951080441475 0.0024999999441206455
			vertex 0.015280511230230331 -0.0290941521525383 0.0024999999441206455
		endloop
	endfacet
	facet normal 0 0 1
		outer loop
			vertex 0.020004063844680786 -0.023154539987444878 0.0024999999441206455
			vertex 0.0154540641233325 -0.029054539278149605 0.0024999999441206455
			vertex 0.02005055733025074 -0.023537445813417435 0.0024999999441206455
		endloop
	endfacet
	facet normal 0 0 1
		outer loop
			vertex 0.021796923130750656 -0.02474287338554859 0.0024999999441206455
			vertex 0.02141120657324791 -0.02474287338554859 0.0024999999441206455
			vertex 0.021854065358638763 -0.029054539278149605 0.0024999999441206455
		endloop
	endfacet
	facet normal 0 0 1
		outer loop
			vertex 0.021796923130750656 -0.02474287338554859 0.0024999999441206455
			vertex 0.021854065358638763 -0.029054539278149605 0.0024999999441206455
			vertex 0.021943073719739914 -0.029064569622278214 0.0024999999441206455
		endloop
	endfacet
	facet normal 0 0 1
		outer loop
			vertex 0.02005055733025074 -0.02277163416147232 0.0024999999441206455
			vertex 0.006049510091543198 -0.02448951080441475 0.0024999999441206455
			vertex 0.020004063844680786 -0.023154539987444878 0.0024999999441206455
		endloop
	endfacet
	facet normal 0 0 1
		outer loop
			vertex 0.02217143215239048 -0.024650566279888153 0.0024999999441206455
			vertex 0.021943073719739914 -0.029064569622278214 0.0024999999441206455
			vertex 0.022027617320418358 -0.0290941521525383 0.0024999999441206455
		endloop
	endfacet
	facet normal 0 0 1
		outer loop
			vertex 0.02217143215239048 -0.024650566279888153 0.0024999999441206455
			vertex 0.022027617320418358 -0.0290941521525383 0.0024999999441206455
			vertex 0.022103460505604744 -0.029141807928681374 0.0024999999441206455
		endloop
	endfacet
	facet normal 0 0 1
		outer loop
			vertex 0.02217143215239048 -0.024650566279888153 0.0024999999441206455
			vertex 0.021796923130750656 -0.02474287338554859 0.0024999999441206455
			vertex 0.021943073719739914 -0.029064569622278214 0.0024999999441206455
		endloop
	endfacet
	facet normal 0 0 1
		outer loop
			vertex 0.020187335088849068 -0.022410983219742775 0.0024999999441206455
			vertex 0.006049510091543198 -0.02448951080441475 0.0024999999441206455
			vertex 0.02005055733025074 -0.02277163416147232 0.0024999999441206455
		endloop
	endfacet
	facet normal 0 0 1
		outer loop
			vertex 0.04154999926686287 -0.04374999925494194 0.0024999999441206455
			vertex 0.029999999329447746 -0.05874999985098839 0.0024999999441206455
			vertex 0.0402892529964447 -0.06751678884029388 0.0024999999441206455
		endloop
	endfacet
	facet normal 0 0 1
		outer loop
			vertex 0.03779999911785126 -0.03999999910593033 0.0024999999441206455
			vertex 0.029999999329447746 -0.05874999985098839 0.0024999999441206455
			vertex 0.04154999926686287 -0.04374999925494194 0.0024999999441206455
		endloop
	endfacet
	facet normal 0 0 1
		outer loop
			vertex 0.03779999911785126 -0.03999999910593033 0.0024999999441206455
			vertex 0.022214451804757118 -0.036028094589710236 0.0024999999441206455
			vertex 0.022166797891259193 -0.03610393777489662 0.0024999999441206455
		endloop
	endfacet
	facet normal 0 0 1
		outer loop
			vertex 0.03779999911785126 -0.03999999910593033 0.0024999999441206455
			vertex 0.022166797891259193 -0.03610393777489662 0.0024999999441206455
			vertex 0.022103460505604744 -0.03616727143526077 0.0024999999441206455
		endloop
	endfacet
	facet normal 0 0 1
		outer loop
			vertex 0.03779999911785126 -0.03999999910593033 0.0024999999441206455
			vertex 0.022103460505604744 -0.03616727143526077 0.0024999999441206455
			vertex 0.022027617320418358 -0.036214929074048996 0.0024999999441206455
		endloop
	endfacet
	facet normal 0 0 1
		outer loop
			vertex 0.03779999911785126 -0.03999999910593033 0.0024999999441206455
			vertex 0.022027617320418358 -0.036214929074048996 0.0024999999441206455
			vertex 0.029999999329447746 -0.05874999985098839 0.0024999999441206455
		endloop
	endfacet
	facet normal 0 0 1
		outer loop
			vertex 0.022512968629598618 -0.024471314623951912 0.0024999999441206455
			vertex 0.022103460505604744 -0.029141807928681374 0.0024999999441206455
			vertex 0.022166797891259193 -0.029205143451690674 0.0024999999441206455
		endloop
	endfacet
	facet normal 0 0 1
		outer loop
			vertex 0.022512968629598618 -0.024471314623951912 0.0024999999441206455
			vertex 0.02217143215239048 -0.024650566279888153 0.0024999999441206455
			vertex 0.022103460505604744 -0.029141807928681374 0.0024999999441206455
		endloop
	endfacet
	facet normal 0 0 1
		outer loop
			vertex 0.02040644735097885 -0.02209354378283024 0.0024999999441206455
			vertex 0.006049510091543198 -0.02448951080441475 0.0024999999441206455
			vertex 0.020187335088849068 -0.022410983219742775 0.0024999999441206455
		endloop
	endfacet
	facet normal 0 0 1
		outer loop
			vertex 0.022801682353019714 -0.024215536192059517 0.0024999999441206455
			vertex 0.022512968629598618 -0.024471314623951912 0.0024999999441206455
			vertex 0.022166797891259193 -0.029205143451690674 0.0024999999441206455
		endloop
	endfacet
	facet normal 0 0 1
		outer loop
			vertex 0.022801682353019714 -0.024215536192059517 0.0024999999441206455
			vertex 0.022166797891259193 -0.029205143451690674 0.0024999999441206455
			vertex 0.022214451804757118 -0.02928098663687706 0.0024999999441206455
		endloop
	endfacet
	facet normal 0 0 1
		outer loop
			vertex -0.014999999664723873 0.013749999925494194 0.0024999999441206455
			vertex -0.02500000037252903 0.013749999925494194 0.0024999999441206455
			vertex -0.006050489842891693 -0.005789509974420071 0.0024999999441206455
		endloop
	endfacet
	facet normal 0 0 1
		outer loop
			vertex 0.023020794615149498 -0.02389809675514698 0.0024999999441206455
			vertex 0.022214451804757118 -0.02928098663687706 0.0024999999441206455
			vertex 0.022244036197662354 -0.029365532100200653 0.0024999999441206455
		endloop
	endfacet
	facet normal 0 0 1
		outer loop
			vertex 0.023020794615149498 -0.02389809675514698 0.0024999999441206455
			vertex 0.022801682353019714 -0.024215536192059517 0.0024999999441206455
			vertex 0.022214451804757118 -0.02928098663687706 0.0024999999441206455
		endloop
	endfacet
	facet normal 0 0 1
		outer loop
			vertex 0.006049510091543198 -0.005789509974420071 0.0024999999441206455
			vertex 0.02040644735097885 -0.02209354378283024 0.0024999999441206455
			vertex 0.020695161074399948 -0.021837765350937843 0.0024999999441206455
		endloop
	endfacet
	facet normal 0 0 1
		outer loop
			vertex 0.006049510091543198 -0.005789509974420071 0.0024999999441206455
			vertex 0.020695161074399948 -0.021837765350937843 0.0024999999441206455
			vertex 0.021036697551608086 -0.021658513695001602 0.0024999999441206455
		endloop
	endfacet
	facet normal 0 0 1
		outer loop
			vertex 0.006049510091543198 -0.005789509974420071 0.0024999999441206455
			vertex 0.021036697551608086 -0.021658513695001602 0.0024999999441206455
			vertex 0.02141120657324791 -0.021566206589341164 0.0024999999441206455
		endloop
	endfacet
	facet normal 0 0 1
		outer loop
			vertex 0.006049510091543198 -0.005789509974420071 0.0024999999441206455
			vertex 0.02141120657324791 -0.021566206589341164 0.0024999999441206455
			vertex 0.021796923130750656 -0.021566206589341164 0.0024999999441206455
		endloop
	endfacet
	facet normal 0 0 1
		outer loop
			vertex 0.006049510091543198 -0.005789509974420071 0.0024999999441206455
			vertex 0.006049510091543198 -0.02448951080441475 0.0024999999441206455
			vertex 0.02040644735097885 -0.02209354378283024 0.0024999999441206455
		endloop
	endfacet
	facet normal 0 0 1
		outer loop
			vertex 0.03779999911785126 -0.03750000149011612 0.0024999999441206455
			vertex 0.022254064679145813 -0.029454540461301804 0.0024999999441206455
			vertex 0.022254064679145813 -0.03585454076528549 0.0024999999441206455
		endloop
	endfacet
	facet normal 0 0 1
		outer loop
			vertex 0.03779999911785126 -0.03750000149011612 0.0024999999441206455
			vertex 0.022254064679145813 -0.03585454076528549 0.0024999999441206455
			vertex 0.022244036197662354 -0.03594354912638664 0.0024999999441206455
		endloop
	endfacet
	facet normal 0 0 1
		outer loop
			vertex 0.03779999911785126 -0.03750000149011612 0.0024999999441206455
			vertex 0.022244036197662354 -0.03594354912638664 0.0024999999441206455
			vertex 0.022214451804757118 -0.036028094589710236 0.0024999999441206455
		endloop
	endfacet
	facet normal 0 0 1
		outer loop
			vertex 0.03779999911785126 -0.03750000149011612 0.0024999999441206455
			vertex 0.022214451804757118 -0.036028094589710236 0.0024999999441206455
			vertex 0.03779999911785126 -0.03999999910593033 0.0024999999441206455
		endloop
	endfacet
	facet normal 0 0 1
		outer loop
			vertex 0.04405000060796738 -0.04374999925494194 0.0024999999441206455
			vertex 0.04154999926686287 -0.04374999925494194 0.0024999999441206455
			vertex 0.0402892529964447 -0.06751678884029388 0.0024999999441206455
		endloop
	endfacet
	facet normal 0 0 1
		outer loop
			vertex 0.04405000060796738 -0.04374999925494194 0.0024999999441206455
			vertex 0.0402892529964447 -0.06751678884029388 0.0024999999441206455
			vertex 0.04087511822581291 -0.06765817105770111 0.0024999999441206455
		endloop
	endfacet
	facet normal 0 0 1
		outer loop
			vertex 0.04405000060796738 -0.04374999925494194 0.0024999999441206455
			vertex 0.04087511822581291 -0.06765817105770111 0.0024999999441206455
			vertex 0.04141012579202652 -0.06793565303087234 0.0024999999441206455
		endloop
	endfacet
	facet normal 0 0 1
		outer loop
			vertex 0.04405000060796738 -0.04374999925494194 0.0024999999441206455
			vertex 0.05755871906876564 -0.06918810307979584 0.0024999999441206455
			vertex 0.06221732124686241 -0.06503079831600189 0.0024999999441206455
		endloop
	endfacet
	facet normal 0 0 1
		outer loop
			vertex 0.04405000060796738 -0.04374999925494194 0.0024999999441206455
			vertex 0.04141012579202652 -0.06793565303087234 0.0024999999441206455
			vertex 0.05755871906876564 -0.06918810307979584 0.0024999999441206455
		endloop
	endfacet
	facet normal 0 0 1
		outer loop
			vertex -0.014999999664723873 0.016249999403953552 0.0024999999441206455
			vertex -0.02500000037252903 0.013749999925494194 0.0024999999441206455
			vertex -0.014999999664723873 0.013749999925494194 0.0024999999441206455
		endloop
	endfacet
	facet normal 0 0 1
		outer loop
			vertex -0.014999999664723873 0.016249999403953552 0.0024999999441206455
			vertex -0.02500000037252903 0.016249999403953552 0.0024999999441206455
			vertex -0.02500000037252903 0.013749999925494194 0.0024999999441206455
		endloop
	endfacet
	facet normal 0 0 1
		outer loop
			vertex 0.04154999926686287 -0.03999999910593033 0.0024999999441206455
			vertex 0.03779999911785126 -0.03999999910593033 0.0024999999441206455
			vertex 0.04154999926686287 -0.04374999925494194 0.0024999999441206455
		endloop
	endfacet
	facet normal 0 0 1
		outer loop
			vertex -0.06221732124686241 0.06503079831600189 0.0024999999441206455
			vertex -0.06657647341489792 0.06056049466133118 0.0024999999441206455
			vertex -0.06780000030994415 0.03999999910593033 0.0024999999441206455
		endloop
	endfacet
	facet normal 0 0 1
		outer loop
			vertex 0.06657647341489792 -0.06056049466133118 0.0024999999441206455
			vertex 0.04405000060796738 -0.04374999925494194 0.0024999999441206455
			vertex 0.06221732124686241 -0.06503079831600189 0.0024999999441206455
		endloop
	endfacet
	facet normal 0 0 1
		outer loop
			vertex 0.04154999926686287 -0.03375000134110451 0.0024999999441206455
			vertex 0.02320406399667263 -0.023154539987444878 0.0024999999441206455
			vertex 0.023157572373747826 -0.023537445813417435 0.0024999999441206455
		endloop
	endfacet
	facet normal 0 0 1
		outer loop
			vertex 0.04154999926686287 -0.03375000134110451 0.0024999999441206455
			vertex 0.023157572373747826 -0.023537445813417435 0.0024999999441206455
			vertex 0.023020794615149498 -0.02389809675514698 0.0024999999441206455
		endloop
	endfacet
	facet normal 0 0 1
		outer loop
			vertex 0.04154999926686287 -0.03375000134110451 0.0024999999441206455
			vertex 0.022244036197662354 -0.029365532100200653 0.0024999999441206455
			vertex 0.022254064679145813 -0.029454540461301804 0.0024999999441206455
		endloop
	endfacet
	facet normal 0 0 1
		outer loop
			vertex 0.04154999926686287 -0.03375000134110451 0.0024999999441206455
			vertex 0.022254064679145813 -0.029454540461301804 0.0024999999441206455
			vertex 0.03779999911785126 -0.03750000149011612 0.0024999999441206455
		endloop
	endfacet
	facet normal 0 0 1
		outer loop
			vertex 0.04154999926686287 -0.03375000134110451 0.0024999999441206455
			vertex 0.023020794615149498 -0.022410983219742775 0.0024999999441206455
			vertex 0.023157572373747826 -0.02277163416147232 0.0024999999441206455
		endloop
	endfacet
	facet normal 0 0 1
		outer loop
			vertex 0.04154999926686287 -0.03375000134110451 0.0024999999441206455
			vertex 0.023157572373747826 -0.02277163416147232 0.0024999999441206455
			vertex 0.02320406399667263 -0.023154539987444878 0.0024999999441206455
		endloop
	endfacet
	facet normal 0 0 1
		outer loop
			vertex 0.04154999926686287 -0.03375000134110451 0.0024999999441206455
			vertex 0.023020794615149498 -0.02389809675514698 0.0024999999441206455
			vertex 0.022244036197662354 -0.029365532100200653 0.0024999999441206455
		endloop
	endfacet
	facet normal 0 0 1
		outer loop
			vertex 0.04154999926686287 -0.03375000134110451 0.0024999999441206455
			vertex 0.03779999911785126 -0.03750000149011612 0.0024999999441206455
			vertex 0.04154999926686287 -0.03750000149011612 0.0024999999441206455
		endloop
	endfacet
	facet normal 0 0 1
		outer loop
			vertex 0.04780000075697899 -0.03999999910593033 0.0024999999441206455
			vertex 0.04405000060796738 -0.03999999910593033 0.0024999999441206455
			vertex 0.04405000060796738 -0.04374999925494194 0.0024999999441206455
		endloop
	endfacet
	facet normal 0 0 1
		outer loop
			vertex 0.04780000075697899 -0.03999999910593033 0.0024999999441206455
			vertex 0.04405000060796738 -0.04374999925494194 0.0024999999441206455
			vertex 0.06657647341489792 -0.06056049466133118 0.0024999999441206455
		endloop
	endfacet
	facet normal 0 0 1
		outer loop
			vertex -0.004999999888241291 0.013749999925494194 0.0024999999441206455
			vertex -0.014999999664723873 0.013749999925494194 0.0024999999441206455
			vertex -0.006050489842891693 -0.005789509974420071 0.0024999999441206455
		endloop
	endfacet
	facet normal 0 0 1
		outer loop
			vertex 0.04780000075697899 -0.03750000149011612 0.0024999999441206455
			vertex 0.04405000060796738 -0.03375000134110451 0.0024999999441206455
			vertex 0.04405000060796738 -0.03750000149011612 0.0024999999441206455
		endloop
	endfacet
	facet normal 0 0 1
		outer loop
			vertex -0.001500000013038516 0.013500000350177288 0.0024999999441206455
			vertex -0.004999999888241291 0.013749999925494194 0.0024999999441206455
			vertex -0.006050489842891693 -0.005789509974420071 0.0024999999441206455
		endloop
	endfacet
	facet normal 0 0 1
		outer loop
			vertex -0.001500000013038516 0.013500000350177288 0.0024999999441206455
			vertex -0.006050489842891693 -0.005789509974420071 0.0024999999441206455
			vertex 0.006049510091543198 -0.005789509974420071 0.0024999999441206455
		endloop
	endfacet
	facet normal 0 0 1
		outer loop
			vertex 0.001500000013038516 0.013500000350177288 0.0024999999441206455
			vertex -0.001500000013038516 0.013500000350177288 0.0024999999441206455
			vertex 0.006049510091543198 -0.005789509974420071 0.0024999999441206455
		endloop
	endfacet
	facet normal 0 0 1
		outer loop
			vertex -0.001500000013038516 0.016499999910593033 0.0024999999441206455
			vertex -0.004999999888241291 0.016249999403953552 0.0024999999441206455
			vertex -0.004999999888241291 0.013749999925494194 0.0024999999441206455
		endloop
	endfacet
	facet normal 0 0 1
		outer loop
			vertex -0.001500000013038516 0.016499999910593033 0.0024999999441206455
			vertex -0.004999999888241291 0.013749999925494194 0.0024999999441206455
			vertex -0.001500000013038516 0.013500000350177288 0.0024999999441206455
		endloop
	endfacet
	facet normal 0 0 1
		outer loop
			vertex 0.004999999888241291 0.013749999925494194 0.0024999999441206455
			vertex 0.001500000013038516 0.013500000350177288 0.0024999999441206455
			vertex 0.006049510091543198 -0.005789509974420071 0.0024999999441206455
		endloop
	endfacet
	facet normal 0 0 1
		outer loop
			vertex 0.004999999888241291 0.016249999403953552 0.0024999999441206455
			vertex 0.001500000013038516 0.013500000350177288 0.0024999999441206455
			vertex 0.004999999888241291 0.013749999925494194 0.0024999999441206455
		endloop
	endfacet
	facet normal 0 0 1
		outer loop
			vertex 0.004999999888241291 0.016249999403953552 0.0024999999441206455
			vertex 0.001500000013038516 0.016499999910593033 0.0024999999441206455
			vertex 0.001500000013038516 0.013500000350177288 0.0024999999441206455
		endloop
	endfacet
	facet normal 0 0 1
		outer loop
			vertex -0.04141012579202652 0.06793565303087234 0.0024999999441206455
			vertex -0.041863180696964264 0.06833310425281525 0.0024999999441206455
			vertex -0.05755871906876564 0.06918810307979584 0.0024999999441206455
		endloop
	endfacet
	facet normal 0 0 1
		outer loop
			vertex -0.04141012579202652 0.06793565303087234 0.0024999999441206455
			vertex -0.05755871906876564 0.06918810307979584 0.0024999999441206455
			vertex -0.06221732124686241 0.06503079831600189 0.0024999999441206455
		endloop
	endfacet
	facet normal 0 0 1
		outer loop
			vertex -0.042207956314086914 0.06882742792367935 0.0024999999441206455
			vertex -0.05755871906876564 0.06918810307979584 0.0024999999441206455
			vertex -0.041863180696964264 0.06833310425281525 0.0024999999441206455
		endloop
	endfacet
	facet normal 0 0 1
		outer loop
			vertex -0.042207956314086914 0.06882742792367935 0.0024999999441206455
			vertex -0.05262308195233345 0.07301240414381027 0.0024999999441206455
			vertex -0.05755871906876564 0.06918810307979584 0.0024999999441206455
		endloop
	endfacet
	facet normal 0 0 1
		outer loop
			vertex -0.04087511822581291 0.06765817105770111 0.0024999999441206455
			vertex -0.04141012579202652 0.06793565303087234 0.0024999999441206455
			vertex -0.06221732124686241 0.06503079831600189 0.0024999999441206455
		endloop
	endfacet
	facet normal 0 0 1
		outer loop
			vertex -0.04087511822581291 0.06765817105770111 0.0024999999441206455
			vertex -0.0471000000834465 0.025499999523162842 0.0024999999441206455
			vertex -0.044599998742341995 0.025499999523162842 0.0024999999441206455
		endloop
	endfacet
	facet normal 0 0 1
		outer loop
			vertex -0.04087511822581291 0.06765817105770111 0.0024999999441206455
			vertex -0.06780000030994415 0.03999999910593033 0.0024999999441206455
			vertex -0.0471000000834465 0.025499999523162842 0.0024999999441206455
		endloop
	endfacet
	facet normal 0 0 1
		outer loop
			vertex -0.04087511822581291 0.06765817105770111 0.0024999999441206455
			vertex -0.06221732124686241 0.06503079831600189 0.0024999999441206455
			vertex -0.06780000030994415 0.03999999910593033 0.0024999999441206455
		endloop
	endfacet
	facet normal 0 0 1
		outer loop
			vertex -0.042424414306879044 0.06938990205526352 0.0024999999441206455
			vertex -0.05262308195233345 0.07301240414381027 0.0024999999441206455
			vertex -0.042207956314086914 0.06882742792367935 0.0024999999441206455
		endloop
	endfacet
	facet normal 0 0 1
		outer loop
			vertex -0.0402892529964447 0.06751678884029388 0.0024999999441206455
			vertex -0.04087511822581291 0.06765817105770111 0.0024999999441206455
			vertex -0.044599998742341995 0.025499999523162842 0.0024999999441206455
		endloop
	endfacet
	facet normal 0 0 1
		outer loop
			vertex -0.04249997064471245 0.06998782604932785 0.0024999999441206455
			vertex -0.05262308195233345 0.07301240414381027 0.0024999999441206455
			vertex -0.042424414306879044 0.06938990205526352 0.0024999999441206455
		endloop
	endfacet
	facet normal 0 0 1
		outer loop
			vertex 0.06780000030994415 -0.03999999910593033 0.0024999999441206455
			vertex 0.04780000075697899 -0.03999999910593033 0.0024999999441206455
			vertex 0.06657647341489792 -0.06056049466133118 0.0024999999441206455
		endloop
	endfacet
	facet normal 0 0 1
		outer loop
			vertex 0.06780000030994415 -0.03999999910593033 0.0024999999441206455
			vertex 0.06657647341489792 -0.06056049466133118 0.0024999999441206455
			vertex 0.07061517983675003 -0.05579870939254761 0.0024999999441206455
		endloop
	endfacet
	facet normal 0 0 1
		outer loop
			vertex 0.06780000030994415 -0.03999999910593033 0.0024999999441206455
			vertex 0.07061517983675003 -0.05579870939254761 0.0024999999441206455
			vertex 0.07431402057409286 -0.05076836049556732 0.0024999999441206455
		endloop
	endfacet
	facet normal 0 0 1
		outer loop
			vertex 0.06780000030994415 -0.03999999910593033 0.0024999999441206455
			vertex 0.04780000075697899 -0.03750000149011612 0.0024999999441206455
			vertex 0.04780000075697899 -0.03999999910593033 0.0024999999441206455
		endloop
	endfacet
	facet normal 0 0 1
		outer loop
			vertex 0.06780000030994415 -0.03999999910593033 0.0024999999441206455
			vertex 0.04405000060796738 -0.03375000134110451 0.0024999999441206455
			vertex 0.04780000075697899 -0.03750000149011612 0.0024999999441206455
		endloop
	endfacet
	facet normal 0 0 1
		outer loop
			vertex -0.039686575531959534 0.06751972436904907 0.0024999999441206455
			vertex -0.0402892529964447 0.06751678884029388 0.0024999999441206455
			vertex -0.044599998742341995 0.025499999523162842 0.0024999999441206455
		endloop
	endfacet
	facet normal 0 0 1
		outer loop
			vertex -0.04243024066090584 0.07058646529912949 0.0024999999441206455
			vertex -0.05262308195233345 0.07301240414381027 0.0024999999441206455
			vertex -0.04249997064471245 0.06998782604932785 0.0024999999441206455
		endloop
	endfacet
	facet normal 0 0 1
		outer loop
			vertex -0.039102114737033844 0.06766680628061295 0.0024999999441206455
			vertex -0.039686575531959534 0.06751972436904907 0.0024999999441206455
			vertex -0.044599998742341995 0.025499999523162842 0.0024999999441206455
		endloop
	endfacet
	facet normal 0 0 1
		outer loop
			vertex 0.014999999664723873 0.013749999925494194 0.0024999999441206455
			vertex 0.004999999888241291 0.013749999925494194 0.0024999999441206455
			vertex 0.006049510091543198 -0.005789509974420071 0.0024999999441206455
		endloop
	endfacet
	facet normal 0 0 1
		outer loop
			vertex -0.04743416607379913 0.0764852911233902 0.0024999999441206455
			vertex -0.04243024066090584 0.07058646529912949 0.0024999999441206455
			vertex -0.04221927002072334 0.0711510181427002 0.0024999999441206455
		endloop
	endfacet
	facet normal 0 0 1
		outer loop
			vertex -0.04743416607379913 0.0764852911233902 0.0024999999441206455
			vertex -0.05262308195233345 0.07301240414381027 0.0024999999441206455
			vertex -0.04243024066090584 0.07058646529912949 0.0024999999441206455
		endloop
	endfacet
	facet normal 0 0 1
		outer loop
			vertex -0.0418793261051178 0.07164867222309113 0.0024999999441206455
			vertex -0.04743416607379913 0.0764852911233902 0.0024999999441206455
			vertex -0.04221927002072334 0.0711510181427002 0.0024999999441206455
		endloop
	endfacet
	facet normal 0 0 1
		outer loop
			vertex -0.041430164128541946 0.07205051928758621 0.0024999999441206455
			vertex -0.04743416607379913 0.0764852911233902 0.0024999999441206455
			vertex -0.0418793261051178 0.07164867222309113 0.0024999999441206455
		endloop
	endfacet
	facet normal 0 0 1
		outer loop
			vertex 0.07765518128871918 -0.04549366235733032 0.0024999999441206455
			vertex 0.06780000030994415 -0.03999999910593033 0.0024999999441206455
			vertex 0.07431402057409286 -0.05076836049556732 0.0024999999441206455
		endloop
	endfacet
	facet normal 0 0 1
		outer loop
			vertex -0.04201694577932358 0.07959005236625671 0.0024999999441206455
			vertex -0.04743416607379913 0.0764852911233902 0.0024999999441206455
			vertex -0.041430164128541946 0.07205051928758621 0.0024999999441206455
		endloop
	endfacet
	facet normal 0 0 1
		outer loop
			vertex -0.036792460829019547 0.0750294104218483 0.0024999999441206455
			vertex -0.04201694577932358 0.07959005236625671 0.0024999999441206455
			vertex -0.041430164128541946 0.07205051928758621 0.0024999999441206455
		endloop
	endfacet
	facet normal 0 0 1
		outer loop
			vertex 0.02500000037252903 0.013749999925494194 0.0024999999441206455
			vertex 0.006049510091543198 -0.005789509974420071 0.0024999999441206455
			vertex 0.021796923130750656 -0.021566206589341164 0.0024999999441206455
		endloop
	endfacet
	facet normal 0 0 1
		outer loop
			vertex 0.02500000037252903 0.013749999925494194 0.0024999999441206455
			vertex 0.021796923130750656 -0.021566206589341164 0.0024999999441206455
			vertex 0.02217143215239048 -0.021658513695001602 0.0024999999441206455
		endloop
	endfacet
	facet normal 0 0 1
		outer loop
			vertex 0.02500000037252903 0.013749999925494194 0.0024999999441206455
			vertex 0.014999999664723873 0.013749999925494194 0.0024999999441206455
			vertex 0.006049510091543198 -0.005789509974420071 0.0024999999441206455
		endloop
	endfacet
	facet normal 0 0 1
		outer loop
			vertex -0.000908903602976352 0.04103122651576996 0.0024999999441206455
			vertex -0.001197617151774466 0.041287004947662354 0.0024999999441206455
			vertex -0.014999999664723873 0.016249999403953552 0.0024999999441206455
		endloop
	endfacet
	facet normal 0 0 1
		outer loop
			vertex -0.000908903602976352 0.04103122651576996 0.0024999999441206455
			vertex -0.014999999664723873 0.016249999403953552 0.0024999999441206455
			vertex -0.004999999888241291 0.016249999403953552 0.0024999999441206455
		endloop
	endfacet
	facet normal 0 0 1
		outer loop
			vertex -0.0014167296467348933 0.04160444438457489 0.0024999999441206455
			vertex -0.014999999664723873 0.016249999403953552 0.0024999999441206455
			vertex -0.001197617151774466 0.041287004947662354 0.0024999999441206455
		endloop
	endfacet
	facet normal 0 0 1
		outer loop
			vertex -0.0005673678242601454 0.04085197299718857 0.0024999999441206455
			vertex -0.000908903602976352 0.04103122651576996 0.0024999999441206455
			vertex -0.004999999888241291 0.016249999403953552 0.0024999999441206455
		endloop
	endfacet
	facet normal 0 0 1
		outer loop
			vertex -0.0005673678242601454 0.04085197299718857 0.0024999999441206455
			vertex -0.004999999888241291 0.016249999403953552 0.0024999999441206455
			vertex -0.001500000013038516 0.016499999910593033 0.0024999999441206455
		endloop
	endfacet
	facet normal 0 0 1
		outer loop
			vertex -0.0015535069396719337 0.041965093463659286 0.0024999999441206455
			vertex -0.014999999664723873 0.016249999403953552 0.0024999999441206455
			vertex -0.0014167296467348933 0.04160444438457489 0.0024999999441206455
		endloop
	endfacet
	facet normal 0 0 1
		outer loop
			vertex -0.0015535069396719337 0.041965093463659286 0.0024999999441206455
			vertex -0.02500000037252903 0.016249999403953552 0.0024999999441206455
			vertex -0.014999999664723873 0.016249999403953552 0.0024999999441206455
		endloop
	endfacet
	facet normal 0 0 1
		outer loop
			vertex -0.00019285868620499969 0.04075966402888298 0.0024999999441206455
			vertex -0.0005673678242601454 0.04085197299718857 0.0024999999441206455
			vertex -0.001500000013038516 0.016499999910593033 0.0024999999441206455
		endloop
	endfacet
	facet normal 0 0 1
		outer loop
			vertex 0.08062257617712021 -0.03999999910593033 0.0024999999441206455
			vertex 0.06780000030994415 -0.03999999910593033 0.0024999999441206455
			vertex 0.07765518128871918 -0.04549366235733032 0.0024999999441206455
		endloop
	endfacet
	facet normal 0 0 1
		outer loop
			vertex 0.00019285868620499969 0.04075966402888298 0.0024999999441206455
			vertex -0.00019285868620499969 0.04075966402888298 0.0024999999441206455
			vertex -0.001500000013038516 0.016499999910593033 0.0024999999441206455
		endloop
	endfacet
	facet normal 0 0 1
		outer loop
			vertex 0.00019285868620499969 0.04075966402888298 0.0024999999441206455
			vertex -0.001500000013038516 0.016499999910593033 0.0024999999441206455
			vertex 0.001500000013038516 0.016499999910593033 0.0024999999441206455
		endloop
	endfacet
	facet normal 0 0 1
		outer loop
			vertex 0.02500000037252903 0.016249999403953552 0.0024999999441206455
			vertex 0.014999999664723873 0.016249999403953552 0.0024999999441206455
			vertex 0.014999999664723873 0.013749999925494194 0.0024999999441206455
		endloop
	endfacet
	facet normal 0 0 1
		outer loop
			vertex 0.02500000037252903 0.016249999403953552 0.0024999999441206455
			vertex 0.014999999664723873 0.013749999925494194 0.0024999999441206455
			vertex 0.02500000037252903 0.013749999925494194 0.0024999999441206455
		endloop
	endfacet
	facet normal 0 0 1
		outer loop
			vertex 0.0005673678242601454 0.04085197299718857 0.0024999999441206455
			vertex 0.00019285868620499969 0.04075966402888298 0.0024999999441206455
			vertex 0.001500000013038516 0.016499999910593033 0.0024999999441206455
		endloop
	endfacet
	facet normal 0 0 1
		outer loop
			vertex 0.0005673678242601454 0.04085197299718857 0.0024999999441206455
			vertex 0.001500000013038516 0.016499999910593033 0.0024999999441206455
			vertex 0.004999999888241291 0.016249999403953552 0.0024999999441206455
		endloop
	endfacet
	facet normal 0 0 1
		outer loop
			vertex 0.000908903602976352 0.04103122651576996 0.0024999999441206455
			vertex 0.0005673678242601454 0.04085197299718857 0.0024999999441206455
			vertex 0.004999999888241291 0.016249999403953552 0.0024999999441206455
		endloop
	endfacet
	facet normal 0 0 1
		outer loop
			vertex 0.000908903602976352 0.04103122651576996 0.0024999999441206455
			vertex 0.004999999888241291 0.016249999403953552 0.0024999999441206455
			vertex 0.014999999664723873 0.016249999403953552 0.0024999999441206455
		endloop
	endfacet
	facet normal 0 0 1
		outer loop
			vertex 0.001197617151774466 0.041287004947662354 0.0024999999441206455
			vertex 0.000908903602976352 0.04103122651576996 0.0024999999441206455
			vertex 0.014999999664723873 0.016249999403953552 0.0024999999441206455
		endloop
	endfacet
	facet normal 0 0 1
		outer loop
			vertex 0.0014167296467348933 0.04160444438457489 0.0024999999441206455
			vertex 0.001197617151774466 0.041287004947662354 0.0024999999441206455
			vertex 0.014999999664723873 0.016249999403953552 0.0024999999441206455
		endloop
	endfacet
	facet normal 0 0 1
		outer loop
			vertex 0.0015535069396719337 0.041965093463659286 0.0024999999441206455
			vertex 0.014999999664723873 0.016249999403953552 0.0024999999441206455
			vertex 0.02500000037252903 0.016249999403953552 0.0024999999441206455
		endloop
	endfacet
	facet normal 0 0 1
		outer loop
			vertex 0.0015535069396719337 0.041965093463659286 0.0024999999441206455
			vertex 0.0014167296467348933 0.04160444438457489 0.0024999999441206455
			vertex 0.014999999664723873 0.016249999403953552 0.0024999999441206455
		endloop
	endfacet
	facet normal 0 0 1
		outer loop
			vertex 0.029999999329447746 0.013749999925494194 0.0024999999441206455
			vertex 0.02500000037252903 0.013749999925494194 0.0024999999441206455
			vertex 0.02217143215239048 -0.021658513695001602 0.0024999999441206455
		endloop
	endfacet
	facet normal 0 0 1
		outer loop
			vertex -0.0026194173842668533 0.04693058133125305 0.0024999999441206455
			vertex -0.00019285868620499969 0.04393633455038071 0.0024999999441206455
			vertex 0.00019285868620499969 0.04393633455038071 0.0024999999441206455
		endloop
	endfacet
	facet normal 0 0 1
		outer loop
			vertex -0.0026194173842668533 0.04693058133125305 0.0024999999441206455
			vertex -0.0015535069396719337 0.0427309051156044 0.0024999999441206455
			vertex -0.0014167296467348933 0.043091557919979095 0.0024999999441206455
		endloop
	endfacet
	facet normal 0 0 1
		outer loop
			vertex -0.0026194173842668533 0.04693058133125305 0.0024999999441206455
			vertex -0.0014167296467348933 0.043091557919979095 0.0024999999441206455
			vertex -0.001197617151774466 0.04340899735689163 0.0024999999441206455
		endloop
	endfacet
	facet normal 0 0 1
		outer loop
			vertex -0.0026194173842668533 0.04693058133125305 0.0024999999441206455
			vertex -0.001197617151774466 0.04340899735689163 0.0024999999441206455
			vertex -0.000908903602976352 0.04366477578878403 0.0024999999441206455
		endloop
	endfacet
	facet normal 0 0 1
		outer loop
			vertex -0.0026194173842668533 0.04693058133125305 0.0024999999441206455
			vertex -0.000908903602976352 0.04366477578878403 0.0024999999441206455
			vertex -0.0005673678242601454 0.04384402558207512 0.0024999999441206455
		endloop
	endfacet
	facet normal 0 0 1
		outer loop
			vertex -0.0026194173842668533 0.04693058133125305 0.0024999999441206455
			vertex -0.0005673678242601454 0.04384402558207512 0.0024999999441206455
			vertex -0.00019285868620499969 0.04393633455038071 0.0024999999441206455
		endloop
	endfacet
	facet normal 0 0 1
		outer loop
			vertex -0.004387184511870146 0.04869835078716278 0.0024999999441206455
			vertex -0.039102114737033844 0.06766680628061295 0.0024999999441206455
			vertex -0.044599998742341995 0.025499999523162842 0.0024999999441206455
		endloop
	endfacet
	facet normal 0 0 1
		outer loop
			vertex -0.004387184511870146 0.04869835078716278 0.0024999999441206455
			vertex -0.044599998742341995 0.025499999523162842 0.0024999999441206455
			vertex -0.02500000037252903 0.016249999403953552 0.0024999999441206455
		endloop
	endfacet
	facet normal 0 0 1
		outer loop
			vertex -0.004387184511870146 0.04869835078716278 0.0024999999441206455
			vertex -0.0015535069396719337 0.0427309051156044 0.0024999999441206455
			vertex -0.0026194173842668533 0.04693058133125305 0.0024999999441206455
		endloop
	endfacet
	facet normal 0 0 1
		outer loop
			vertex -0.004387184511870146 0.04869835078716278 0.0024999999441206455
			vertex -0.02500000037252903 0.016249999403953552 0.0024999999441206455
			vertex -0.0015535069396719337 0.041965093463659286 0.0024999999441206455
		endloop
	endfacet
	facet normal 0 0 1
		outer loop
			vertex -0.004387184511870146 0.04869835078716278 0.0024999999441206455
			vertex -0.03856983780860901 0.06794948130846024 0.0024999999441206455
			vertex -0.039102114737033844 0.06766680628061295 0.0024999999441206455
		endloop
	endfacet
	facet normal 0 0 1
		outer loop
			vertex -0.004387184511870146 0.04869835078716278 0.0024999999441206455
			vertex -0.0015535069396719337 0.041965093463659286 0.0024999999441206455
			vertex -0.0015999999595806003 0.04234800115227699 0.0024999999441206455
		endloop
	endfacet
	facet normal 0 0 1
		outer loop
			vertex -0.004387184511870146 0.04869835078716278 0.0024999999441206455
			vertex -0.0015999999595806003 0.04234800115227699 0.0024999999441206455
			vertex -0.0015535069396719337 0.0427309051156044 0.0024999999441206455
		endloop
	endfacet
	facet normal 0 0 1
		outer loop
			vertex -0.03639749437570572 0.08231174200773239 0.0024999999441206455
			vertex -0.036792460829019547 0.0750294104218483 0.0024999999441206455
			vertex -0.03194162994623184 0.07764696329832077 0.0024999999441206455
		endloop
	endfacet
	facet normal 0 0 1
		outer loop
			vertex -0.03639749437570572 0.08231174200773239 0.0024999999441206455
			vertex -0.04201694577932358 0.07959005236625671 0.0024999999441206455
			vertex -0.036792460829019547 0.0750294104218483 0.0024999999441206455
		endloop
	endfacet
	facet normal 0 0 1
		outer loop
			vertex 0.0026838835328817368 0.04693058133125305 0.0024999999441206455
			vertex 0.00019285868620499969 0.04393633455038071 0.0024999999441206455
			vertex 0.0005673678242601454 0.04384402558207512 0.0024999999441206455
		endloop
	endfacet
	facet normal 0 0 1
		outer loop
			vertex 0.0026838835328817368 0.04693058133125305 0.0024999999441206455
			vertex 0.0005673678242601454 0.04384402558207512 0.0024999999441206455
			vertex 0.000908903602976352 0.04366477578878403 0.0024999999441206455
		endloop
	endfacet
	facet normal 0 0 1
		outer loop
			vertex 0.0026838835328817368 0.04693058133125305 0.0024999999441206455
			vertex 0.000908903602976352 0.04366477578878403 0.0024999999441206455
			vertex 0.001197617151774466 0.04340899735689163 0.0024999999441206455
		endloop
	endfacet
	facet normal 0 0 1
		outer loop
			vertex 0.0026838835328817368 0.04693058133125305 0.0024999999441206455
			vertex 0.001197617151774466 0.04340899735689163 0.0024999999441206455
			vertex 0.0014167296467348933 0.043091557919979095 0.0024999999441206455
		endloop
	endfacet
	facet normal 0 0 1
		outer loop
			vertex 0.0026838835328817368 0.04693058133125305 0.0024999999441206455
			vertex 0.0014167296467348933 0.043091557919979095 0.0024999999441206455
			vertex 0.0015535069396719337 0.0427309051156044 0.0024999999441206455
		endloop
	endfacet
	facet normal 0 0 1
		outer loop
			vertex 0.0026838835328817368 0.04693058133125305 0.0024999999441206455
			vertex 0.0015535069396719337 0.0427309051156044 0.0024999999441206455
			vertex 0.0015999999595806003 0.04234800115227699 0.0024999999441206455
		endloop
	endfacet
	facet normal 0 0 1
		outer loop
			vertex 0.0026838835328817368 0.04693058133125305 0.0024999999441206455
			vertex -0.0026194173842668533 0.04693058133125305 0.0024999999441206455
			vertex 0.00019285868620499969 0.04393633455038071 0.0024999999441206455
		endloop
	endfacet
	facet normal 0 0 1
		outer loop
			vertex -0.004387184511870146 0.05400165170431137 0.0024999999441206455
			vertex -0.03856983780860901 0.06794948130846024 0.0024999999441206455
			vertex -0.004387184511870146 0.04869835078716278 0.0024999999441206455
		endloop
	endfacet
	facet normal 0 0 1
		outer loop
			vertex -0.004387184511870146 0.05400165170431137 0.0024999999441206455
			vertex -0.029120666906237602 0.07345826178789139 0.0024999999441206455
			vertex -0.03395714610815048 0.07089579850435257 0.0024999999441206455
		endloop
	endfacet
	facet normal 0 0 1
		outer loop
			vertex -0.004387184511870146 0.05400165170431137 0.0024999999441206455
			vertex -0.03395714610815048 0.07089579850435257 0.0024999999441206455
			vertex -0.03856983780860901 0.06794948130846024 0.0024999999441206455
		endloop
	endfacet
	facet normal 0 0 1
		outer loop
			vertex -0.001735533936880529 0.051350001245737076 0.0024999999441206455
			vertex -0.004387184511870146 0.05400165170431137 0.0024999999441206455
			vertex -0.004387184511870146 0.04869835078716278 0.0024999999441206455
		endloop
	endfacet
	facet normal 0 0 1
		outer loop
			vertex 0.00003223304884159006 0.04958223178982735 0.0024999999441206455
			vertex -0.0026194173842668533 0.04693058133125305 0.0024999999441206455
			vertex 0.0026838835328817368 0.04693058133125305 0.0024999999441206455
		endloop
	endfacet
	facet normal 0 0 1
		outer loop
			vertex 0.044599998742341995 0.005499999970197678 0.0024999999441206455
			vertex 0.023020794615149498 -0.022410983219742775 0.0024999999441206455
			vertex 0.04154999926686287 -0.03375000134110451 0.0024999999441206455
		endloop
	endfacet
	facet normal 0 0 1
		outer loop
			vertex 0.044599998742341995 0.005499999970197678 0.0024999999441206455
			vertex 0.02217143215239048 -0.021658513695001602 0.0024999999441206455
			vertex 0.022512968629598618 -0.021837765350937843 0.0024999999441206455
		endloop
	endfacet
	facet normal 0 0 1
		outer loop
			vertex 0.044599998742341995 0.005499999970197678 0.0024999999441206455
			vertex 0.022512968629598618 -0.021837765350937843 0.0024999999441206455
			vertex 0.022801682353019714 -0.02209354378283024 0.0024999999441206455
		endloop
	endfacet
	facet normal 0 0 1
		outer loop
			vertex 0.044599998742341995 0.005499999970197678 0.0024999999441206455
			vertex 0.022801682353019714 -0.02209354378283024 0.0024999999441206455
			vertex 0.023020794615149498 -0.022410983219742775 0.0024999999441206455
		endloop
	endfacet
	facet normal 0 0 1
		outer loop
			vertex 0.044599998742341995 0.005499999970197678 0.0024999999441206455
			vertex 0.04154999926686287 -0.03375000134110451 0.0024999999441206455
			vertex 0.04405000060796738 -0.03375000134110451 0.0024999999441206455
		endloop
	endfacet
	facet normal 0 0 1
		outer loop
			vertex 0.044599998742341995 0.005499999970197678 0.0024999999441206455
			vertex 0.029999999329447746 0.016249999403953552 0.0024999999441206455
			vertex 0.029999999329447746 0.013749999925494194 0.0024999999441206455
		endloop
	endfacet
	facet normal 0 0 1
		outer loop
			vertex 0.044599998742341995 0.005499999970197678 0.0024999999441206455
			vertex 0.029999999329447746 0.013749999925494194 0.0024999999441206455
			vertex 0.02217143215239048 -0.021658513695001602 0.0024999999441206455
		endloop
	endfacet
	facet normal 0 0 1
		outer loop
			vertex -0.02409227564930916 0.07561996579170227 0.0024999999441206455
			vertex -0.029120666906237602 0.07345826178789139 0.0024999999441206455
			vertex -0.004387184511870146 0.05400165170431137 0.0024999999441206455
		endloop
	endfacet
	facet normal 0 0 1
		outer loop
			vertex 0.0471000000834465 0.005499999970197678 0.0024999999441206455
			vertex 0.044599998742341995 0.005499999970197678 0.0024999999441206455
			vertex 0.04405000060796738 -0.03375000134110451 0.0024999999441206455
		endloop
	endfacet
	facet normal 0 0 1
		outer loop
			vertex 0.004451650660485029 0.04869835078716278 0.0024999999441206455
			vertex 0.0026838835328817368 0.04693058133125305 0.0024999999441206455
			vertex 0.0015999999595806003 0.04234800115227699 0.0024999999441206455
		endloop
	endfacet
	facet normal 0 0 1
		outer loop
			vertex 0.004451650660485029 0.04869835078716278 0.0024999999441206455
			vertex 0.0015999999595806003 0.04234800115227699 0.0024999999441206455
			vertex 0.0015535069396719337 0.041965093463659286 0.0024999999441206455
		endloop
	endfacet
	facet normal 0 0 1
		outer loop
			vertex 0.004451650660485029 0.04869835078716278 0.0024999999441206455
			vertex 0.0015535069396719337 0.041965093463659286 0.0024999999441206455
			vertex 0.02500000037252903 0.016249999403953552 0.0024999999441206455
		endloop
	endfacet
	facet normal 0 0 1
		outer loop
			vertex -0.030602863058447838 0.08463725447654724 0.0024999999441206455
			vertex -0.03194162994623184 0.07764696329832077 0.0024999999441206455
			vertex -0.02690577507019043 0.0798880085349083 0.0024999999441206455
		endloop
	endfacet
	facet normal 0 0 1
		outer loop
			vertex -0.030602863058447838 0.08463725447654724 0.0024999999441206455
			vertex -0.03639749437570572 0.08231174200773239 0.0024999999441206455
			vertex -0.03194162994623184 0.07764696329832077 0.0024999999441206455
		endloop
	endfacet
	facet normal 0 0 1
		outer loop
			vertex 0.004451650660485029 0.05400165170431137 0.0024999999441206455
			vertex 0.0017999999690800905 0.051350001245737076 0.0024999999441206455
			vertex 0.004451650660485029 0.04869835078716278 0.0024999999441206455
		endloop
	endfacet
	facet normal 0 0 1
		outer loop
			vertex 0.0026838835328817368 0.0557694174349308 0.0024999999441206455
			vertex -0.0026194173842668533 0.0557694174349308 0.0024999999441206455
			vertex 0.00003223304884159006 0.053117766976356506 0.0024999999441206455
		endloop
	endfacet
	facet normal 0 0 1
		outer loop
			vertex -0.01890510879456997 0.07736668735742569 0.0024999999441206455
			vertex -0.02409227564930916 0.07561996579170227 0.0024999999441206455
			vertex -0.004387184511870146 0.05400165170431137 0.0024999999441206455
		endloop
	endfacet
	facet normal 0 0 1
		outer loop
			vertex -0.000908903602976352 0.060335226356983185 0.0024999999441206455
			vertex -0.001197617151774466 0.06059100478887558 0.0024999999441206455
			vertex -0.0026194173842668533 0.0557694174349308 0.0024999999441206455
		endloop
	endfacet
	facet normal 0 0 1
		outer loop
			vertex -0.0014167296467348933 0.060908444225788116 0.0024999999441206455
			vertex -0.0026194173842668533 0.0557694174349308 0.0024999999441206455
			vertex -0.001197617151774466 0.06059100478887558 0.0024999999441206455
		endloop
	endfacet
	facet normal 0 0 1
		outer loop
			vertex -0.0005673678242601454 0.060155972838401794 0.0024999999441206455
			vertex -0.000908903602976352 0.060335226356983185 0.0024999999441206455
			vertex -0.0026194173842668533 0.0557694174349308 0.0024999999441206455
		endloop
	endfacet
	facet normal 0 0 1
		outer loop
			vertex -0.0015535069396719337 0.06126909330487251 0.0024999999441206455
			vertex -0.0026194173842668533 0.0557694174349308 0.0024999999441206455
			vertex -0.0014167296467348933 0.060908444225788116 0.0024999999441206455
		endloop
	endfacet
	facet normal 0 0 1
		outer loop
			vertex -0.0015535069396719337 0.06126909330487251 0.0024999999441206455
			vertex -0.004387184511870146 0.05400165170431137 0.0024999999441206455
			vertex -0.0026194173842668533 0.0557694174349308 0.0024999999441206455
		endloop
	endfacet
	facet normal 0 0 1
		outer loop
			vertex -0.00019285868620499969 0.060063667595386505 0.0024999999441206455
			vertex -0.0005673678242601454 0.060155972838401794 0.0024999999441206455
			vertex -0.0026194173842668533 0.0557694174349308 0.0024999999441206455
		endloop
	endfacet
	facet normal 0 0 1
		outer loop
			vertex -0.0015999999595806003 0.06165200099349022 0.0024999999441206455
			vertex -0.01890510879456997 0.07736668735742569 0.0024999999441206455
			vertex -0.004387184511870146 0.05400165170431137 0.0024999999441206455
		endloop
	endfacet
	facet normal 0 0 1
		outer loop
			vertex -0.0015999999595806003 0.06165200099349022 0.0024999999441206455
			vertex -0.004387184511870146 0.05400165170431137 0.0024999999441206455
			vertex -0.0015535069396719337 0.06126909330487251 0.0024999999441206455
		endloop
	endfacet
	facet normal 0 0 1
		outer loop
			vertex 0.00019285868620499969 0.060063667595386505 0.0024999999441206455
			vertex -0.00019285868620499969 0.060063667595386505 0.0024999999441206455
			vertex -0.0026194173842668533 0.0557694174349308 0.0024999999441206455
		endloop
	endfacet
	facet normal 0 0 1
		outer loop
			vertex 0.00019285868620499969 0.060063667595386505 0.0024999999441206455
			vertex -0.0026194173842668533 0.0557694174349308 0.0024999999441206455
			vertex 0.0026838835328817368 0.0557694174349308 0.0024999999441206455
		endloop
	endfacet
	facet normal 0 0 1
		outer loop
			vertex -0.0015535069396719337 0.06203490495681763 0.0024999999441206455
			vertex -0.01890510879456997 0.07736668735742569 0.0024999999441206455
			vertex -0.0015999999595806003 0.06165200099349022 0.0024999999441206455
		endloop
	endfacet
	facet normal 0 0 1
		outer loop
			vertex 0.0005673678242601454 0.060155972838401794 0.0024999999441206455
			vertex 0.00019285868620499969 0.060063667595386505 0.0024999999441206455
			vertex 0.0026838835328817368 0.0557694174349308 0.0024999999441206455
		endloop
	endfacet
	facet normal 0 0 1
		outer loop
			vertex 0.000908903602976352 0.060335226356983185 0.0024999999441206455
			vertex 0.0005673678242601454 0.060155972838401794 0.0024999999441206455
			vertex 0.0026838835328817368 0.0557694174349308 0.0024999999441206455
		endloop
	endfacet
	facet normal 0 0 1
		outer loop
			vertex 0.001197617151774466 0.06059100478887558 0.0024999999441206455
			vertex 0.000908903602976352 0.060335226356983185 0.0024999999441206455
			vertex 0.0026838835328817368 0.0557694174349308 0.0024999999441206455
		endloop
	endfacet
	facet normal 0 0 1
		outer loop
			vertex -0.02466093748807907 0.08655540645122528 0.0024999999441206455
			vertex -0.02690577507019043 0.0798880085349083 0.0024999999441206455
			vertex -0.021714065223932266 0.08173955976963043 0.0024999999441206455
		endloop
	endfacet
	facet normal 0 0 1
		outer loop
			vertex -0.02466093748807907 0.08655540645122528 0.0024999999441206455
			vertex -0.030602863058447838 0.08463725447654724 0.0024999999441206455
			vertex -0.02690577507019043 0.0798880085349083 0.0024999999441206455
		endloop
	endfacet
	facet normal 0 0 1
		outer loop
			vertex 0.0014167296467348933 0.060908444225788116 0.0024999999441206455
			vertex 0.001197617151774466 0.06059100478887558 0.0024999999441206455
			vertex 0.0026838835328817368 0.0557694174349308 0.0024999999441206455
		endloop
	endfacet
	facet normal 0 0 1
		outer loop
			vertex 0.0015535069396719337 0.06126909330487251 0.0024999999441206455
			vertex 0.0026838835328817368 0.0557694174349308 0.0024999999441206455
			vertex 0.004451650660485029 0.05400165170431137 0.0024999999441206455
		endloop
	endfacet
	facet normal 0 0 1
		outer loop
			vertex 0.0015535069396719337 0.06126909330487251 0.0024999999441206455
			vertex 0.0014167296467348933 0.060908444225788116 0.0024999999441206455
			vertex 0.0026838835328817368 0.0557694174349308 0.0024999999441206455
		endloop
	endfacet
	facet normal 0 0 1
		outer loop
			vertex 0.0015999999595806003 0.06165200099349022 0.0024999999441206455
			vertex 0.0015535069396719337 0.06126909330487251 0.0024999999441206455
			vertex 0.004451650660485029 0.05400165170431137 0.0024999999441206455
		endloop
	endfacet
	facet normal 0 0 1
		outer loop
			vertex -0.013593352399766445 0.07868689298629761 0.0024999999441206455
			vertex -0.0015535069396719337 0.06203490495681763 0.0024999999441206455
			vertex -0.0014167296467348933 0.06239555776119232 0.0024999999441206455
		endloop
	endfacet
	facet normal 0 0 1
		outer loop
			vertex -0.013593352399766445 0.07868689298629761 0.0024999999441206455
			vertex -0.0014167296467348933 0.06239555776119232 0.0024999999441206455
			vertex -0.001197617151774466 0.06271299719810486 0.0024999999441206455
		endloop
	endfacet
	facet normal 0 0 1
		outer loop
			vertex -0.013593352399766445 0.07868689298629761 0.0024999999441206455
			vertex -0.01890510879456997 0.07736668735742569 0.0024999999441206455
			vertex -0.0015535069396719337 0.06203490495681763 0.0024999999441206455
		endloop
	endfacet
	facet normal 0 0 1
		outer loop
			vertex -0.01860031671822071 0.08805695921182632 0.0024999999441206455
			vertex -0.021714065223932266 0.08173955976963043 0.0024999999441206455
			vertex -0.016396572813391685 0.08319089561700821 0.0024999999441206455
		endloop
	endfacet
	facet normal 0 0 1
		outer loop
			vertex -0.01860031671822071 0.08805695921182632 0.0024999999441206455
			vertex -0.02466093748807907 0.08655540645122528 0.0024999999441206455
			vertex -0.021714065223932266 0.08173955976963043 0.0024999999441206455
		endloop
	endfacet
	facet normal 0 0 1
		outer loop
			vertex 0.044599998742341995 0.025499999523162842 0.0024999999441206455
			vertex 0.004451650660485029 0.04869835078716278 0.0024999999441206455
			vertex 0.02500000037252903 0.016249999403953552 0.0024999999441206455
		endloop
	endfacet
	facet normal 0 0 1
		outer loop
			vertex 0.044599998742341995 0.025499999523162842 0.0024999999441206455
			vertex 0.02500000037252903 0.016249999403953552 0.0024999999441206455
			vertex 0.029999999329447746 0.016249999403953552 0.0024999999441206455
		endloop
	endfacet
	facet normal 0 0 1
		outer loop
			vertex 0.044599998742341995 0.025499999523162842 0.0024999999441206455
			vertex 0.029999999329447746 0.016249999403953552 0.0024999999441206455
			vertex 0.044599998742341995 0.005499999970197678 0.0024999999441206455
		endloop
	endfacet
	facet normal 0 0 1
		outer loop
			vertex 0.06530000269412994 0.005499999970197678 0.0024999999441206455
			vertex 0.04405000060796738 -0.03375000134110451 0.0024999999441206455
			vertex 0.06780000030994415 -0.03999999910593033 0.0024999999441206455
		endloop
	endfacet
	facet normal 0 0 1
		outer loop
			vertex 0.06530000269412994 0.005499999970197678 0.0024999999441206455
			vertex 0.0471000000834465 0.005499999970197678 0.0024999999441206455
			vertex 0.04405000060796738 -0.03375000134110451 0.0024999999441206455
		endloop
	endfacet
	facet normal 0 0 1
		outer loop
			vertex -0.008192011155188084 0.07957190275192261 0.0024999999441206455
			vertex -0.013593352399766445 0.07868689298629761 0.0024999999441206455
			vertex -0.001197617151774466 0.06271299719810486 0.0024999999441206455
		endloop
	endfacet
	facet normal 0 0 1
		outer loop
			vertex -0.008192011155188084 0.07957190275192261 0.0024999999441206455
			vertex -0.001197617151774466 0.06271299719810486 0.0024999999441206455
			vertex -0.000908903602976352 0.06296877562999725 0.0024999999441206455
		endloop
	endfacet
	facet normal 0 0 1
		outer loop
			vertex -0.008192011155188084 0.07957190275192261 0.0024999999441206455
			vertex -0.000908903602976352 0.06296877562999725 0.0024999999441206455
			vertex -0.0005673678242601454 0.06314802914857864 0.0024999999441206455
		endloop
	endfacet
	facet normal 0 0 1
		outer loop
			vertex 0.06780000030994415 0.005499999970197678 0.0024999999441206455
			vertex 0.06530000269412994 0.005499999970197678 0.0024999999441206455
			vertex 0.06780000030994415 -0.03999999910593033 0.0024999999441206455
		endloop
	endfacet
	facet normal 0 0 1
		outer loop
			vertex -0.012450171634554863 0.08913469314575195 0.0024999999441206455
			vertex -0.01860031671822071 0.08805695921182632 0.0024999999441206455
			vertex -0.016396572813391685 0.08319089561700821 0.0024999999441206455
		endloop
	endfacet
	facet normal 0 0 1
		outer loop
			vertex -0.012450171634554863 0.08913469314575195 0.0024999999441206455
			vertex -0.016396572813391685 0.08319089561700821 0.0024999999441206455
			vertex -0.010984102264046669 0.0842336118221283 0.0024999999441206455
		endloop
	endfacet
	facet normal 0 0 1
		outer loop
			vertex -0.0027366820722818375 0.0800158679485321 0.0024999999441206455
			vertex -0.0005673678242601454 0.06314802914857864 0.0024999999441206455
			vertex -0.00019285868620499969 0.06324033439159393 0.0024999999441206455
		endloop
	endfacet
	facet normal 0 0 1
		outer loop
			vertex -0.0027366820722818375 0.0800158679485321 0.0024999999441206455
			vertex -0.00019285868620499969 0.06324033439159393 0.0024999999441206455
			vertex 0.00019285868620499969 0.06324033439159393 0.0024999999441206455
		endloop
	endfacet
	facet normal 0 0 1
		outer loop
			vertex -0.0027366820722818375 0.0800158679485321 0.0024999999441206455
			vertex -0.008192011155188084 0.07957190275192261 0.0024999999441206455
			vertex -0.0005673678242601454 0.06314802914857864 0.0024999999441206455
		endloop
	endfacet
	facet normal 0 0 1
		outer loop
			vertex 0.0027366820722818375 0.0800158679485321 0.0024999999441206455
			vertex -0.0027366820722818375 0.0800158679485321 0.0024999999441206455
			vertex 0.00019285868620499969 0.06324033439159393 0.0024999999441206455
		endloop
	endfacet
	facet normal 0 0 1
		outer loop
			vertex 0.0027366820722818375 0.0800158679485321 0.0024999999441206455
			vertex 0.00019285868620499969 0.06324033439159393 0.0024999999441206455
			vertex 0.0005673678242601454 0.06314802914857864 0.0024999999441206455
		endloop
	endfacet
	facet normal 0 0 1
		outer loop
			vertex -0.0062401024624705315 0.08978341519832611 0.0024999999441206455
			vertex -0.012450171634554863 0.08913469314575195 0.0024999999441206455
			vertex -0.010984102264046669 0.0842336118221283 0.0024999999441206455
		endloop
	endfacet
	facet normal 0 0 1
		outer loop
			vertex -0.0062401024624705315 0.08978341519832611 0.0024999999441206455
			vertex -0.010984102264046669 0.0842336118221283 0.0024999999441206455
			vertex -0.005508003756403923 0.08486167341470718 0.0024999999441206455
		endloop
	endfacet
	facet normal 0 0 1
		outer loop
			vertex 0.008192011155188084 0.07957190275192261 0.0024999999441206455
			vertex 0.0027366820722818375 0.0800158679485321 0.0024999999441206455
			vertex 0.0005673678242601454 0.06314802914857864 0.0024999999441206455
		endloop
	endfacet
	facet normal 0 0 1
		outer loop
			vertex 0.008192011155188084 0.07957190275192261 0.0024999999441206455
			vertex 0.0005673678242601454 0.06314802914857864 0.0024999999441206455
			vertex 0.000908903602976352 0.06296877562999725 0.0024999999441206455
		endloop
	endfacet
	facet normal 0 0 1
		outer loop
			vertex 0.008192011155188084 0.07957190275192261 0.0024999999441206455
			vertex 0.000908903602976352 0.06296877562999725 0.0024999999441206455
			vertex 0.001197617151774466 0.06271299719810486 0.0024999999441206455
		endloop
	endfacet
	facet normal 0 0 1
		outer loop
			vertex -3.4457118314570176e-17 0.09000000357627869 0.0024999999441206455
			vertex -0.005508003756403923 0.08486167341470718 0.0024999999441206455
			vertex 1.5903944880694927e-16 0.08507142961025238 0.0024999999441206455
		endloop
	endfacet
	facet normal 0 0 1
		outer loop
			vertex -3.4457118314570176e-17 0.09000000357627869 0.0024999999441206455
			vertex -0.0062401024624705315 0.08978341519832611 0.0024999999441206455
			vertex -0.005508003756403923 0.08486167341470718 0.0024999999441206455
		endloop
	endfacet
	facet normal 0 0 1
		outer loop
			vertex 0.005508003756403923 0.08486167341470718 0.0024999999441206455
			vertex -3.4457118314570176e-17 0.09000000357627869 0.0024999999441206455
			vertex 1.5903944880694927e-16 0.08507142961025238 0.0024999999441206455
		endloop
	endfacet
	facet normal 0 0 1
		outer loop
			vertex 0.06530000269412994 0.025499999523162842 0.0024999999441206455
			vertex 0.0471000000834465 0.005499999970197678 0.0024999999441206455
			vertex 0.06530000269412994 0.005499999970197678 0.0024999999441206455
		endloop
	endfacet
	facet normal 0 0 1
		outer loop
			vertex 0.06530000269412994 0.025499999523162842 0.0024999999441206455
			vertex 0.0471000000834465 0.025499999523162842 0.0024999999441206455
			vertex 0.0471000000834465 0.005499999970197678 0.0024999999441206455
		endloop
	endfacet
	facet normal 0 0 1
		outer loop
			vertex 0.013593352399766445 0.07868689298629761 0.0024999999441206455
			vertex 0.001197617151774466 0.06271299719810486 0.0024999999441206455
			vertex 0.0014167296467348933 0.06239555776119232 0.0024999999441206455
		endloop
	endfacet
	facet normal 0 0 1
		outer loop
			vertex 0.013593352399766445 0.07868689298629761 0.0024999999441206455
			vertex 0.0014167296467348933 0.06239555776119232 0.0024999999441206455
			vertex 0.0015535069396719337 0.06203490495681763 0.0024999999441206455
		endloop
	endfacet
	facet normal 0 0 1
		outer loop
			vertex 0.013593352399766445 0.07868689298629761 0.0024999999441206455
			vertex 0.008192011155188084 0.07957190275192261 0.0024999999441206455
			vertex 0.001197617151774466 0.06271299719810486 0.0024999999441206455
		endloop
	endfacet
	facet normal 0 0 1
		outer loop
			vertex 0.0062401024624705315 0.08978341519832611 0.0024999999441206455
			vertex 0.005508003756403923 0.08486167341470718 0.0024999999441206455
			vertex 0.010984102264046669 0.0842336118221283 0.0024999999441206455
		endloop
	endfacet
	facet normal 0 0 1
		outer loop
			vertex 0.0062401024624705315 0.08978341519832611 0.0024999999441206455
			vertex -3.4457118314570176e-17 0.09000000357627869 0.0024999999441206455
			vertex 0.005508003756403923 0.08486167341470718 0.0024999999441206455
		endloop
	endfacet
	facet normal 0 0 1
		outer loop
			vertex 0.01890510879456997 0.07736668735742569 0.0024999999441206455
			vertex 0.0015999999595806003 0.06165200099349022 0.0024999999441206455
			vertex 0.004451650660485029 0.05400165170431137 0.0024999999441206455
		endloop
	endfacet
	facet normal 0 0 1
		outer loop
			vertex 0.01890510879456997 0.07736668735742569 0.0024999999441206455
			vertex 0.013593352399766445 0.07868689298629761 0.0024999999441206455
			vertex 0.0015535069396719337 0.06203490495681763 0.0024999999441206455
		endloop
	endfacet
	facet normal 0 0 1
		outer loop
			vertex 0.01890510879456997 0.07736668735742569 0.0024999999441206455
			vertex 0.0015535069396719337 0.06203490495681763 0.0024999999441206455
			vertex 0.0015999999595806003 0.06165200099349022 0.0024999999441206455
		endloop
	endfacet
	facet normal 0 0 1
		outer loop
			vertex 0.02409227564930916 0.07561996579170227 0.0024999999441206455
			vertex 0.01890510879456997 0.07736668735742569 0.0024999999441206455
			vertex 0.004451650660485029 0.05400165170431137 0.0024999999441206455
		endloop
	endfacet
	facet normal 0 0 1
		outer loop
			vertex 0.012450171634554863 0.08913469314575195 0.0024999999441206455
			vertex 0.010984102264046669 0.0842336118221283 0.0024999999441206455
			vertex 0.016396572813391685 0.08319089561700821 0.0024999999441206455
		endloop
	endfacet
	facet normal 0 0 1
		outer loop
			vertex 0.012450171634554863 0.08913469314575195 0.0024999999441206455
			vertex 0.0062401024624705315 0.08978341519832611 0.0024999999441206455
			vertex 0.010984102264046669 0.0842336118221283 0.0024999999441206455
		endloop
	endfacet
	facet normal 0 0 1
		outer loop
			vertex 0.029120666906237602 0.07345826178789139 0.0024999999441206455
			vertex 0.02409227564930916 0.07561996579170227 0.0024999999441206455
			vertex 0.004451650660485029 0.05400165170431137 0.0024999999441206455
		endloop
	endfacet
	facet normal 0 0 1
		outer loop
			vertex 0.03395714610815048 0.07089579850435257 0.0024999999441206455
			vertex 0.029120666906237602 0.07345826178789139 0.0024999999441206455
			vertex 0.004451650660485029 0.05400165170431137 0.0024999999441206455
		endloop
	endfacet
	facet normal 0 0 1
		outer loop
			vertex 0.03856983780860901 0.06794948130846024 0.0024999999441206455
			vertex 0.004451650660485029 0.05400165170431137 0.0024999999441206455
			vertex 0.004451650660485029 0.04869835078716278 0.0024999999441206455
		endloop
	endfacet
	facet normal 0 0 1
		outer loop
			vertex 0.03856983780860901 0.06794948130846024 0.0024999999441206455
			vertex 0.03395714610815048 0.07089579850435257 0.0024999999441206455
			vertex 0.004451650660485029 0.05400165170431137 0.0024999999441206455
		endloop
	endfacet
	facet normal 0 0 1
		outer loop
			vertex 0.01860031671822071 0.08805695921182632 0.0024999999441206455
			vertex 0.016396572813391685 0.08319089561700821 0.0024999999441206455
			vertex 0.021714065223932266 0.08173955976963043 0.0024999999441206455
		endloop
	endfacet
	facet normal 0 0 1
		outer loop
			vertex 0.01860031671822071 0.08805695921182632 0.0024999999441206455
			vertex 0.012450171634554863 0.08913469314575195 0.0024999999441206455
			vertex 0.016396572813391685 0.08319089561700821 0.0024999999441206455
		endloop
	endfacet
	facet normal 0 0 1
		outer loop
			vertex 0.039102114737033844 0.06766680628061295 0.0024999999441206455
			vertex 0.004451650660485029 0.04869835078716278 0.0024999999441206455
			vertex 0.044599998742341995 0.025499999523162842 0.0024999999441206455
		endloop
	endfacet
	facet normal 0 0 1
		outer loop
			vertex 0.039102114737033844 0.06766680628061295 0.0024999999441206455
			vertex 0.03856983780860901 0.06794948130846024 0.0024999999441206455
			vertex 0.004451650660485029 0.04869835078716278 0.0024999999441206455
		endloop
	endfacet
	facet normal 0 0 1
		outer loop
			vertex 0.039686575531959534 0.06751972436904907 0.0024999999441206455
			vertex 0.039102114737033844 0.06766680628061295 0.0024999999441206455
			vertex 0.044599998742341995 0.025499999523162842 0.0024999999441206455
		endloop
	endfacet
	facet normal 0 0 1
		outer loop
			vertex 0.06780000030994415 0.03999999910593033 0.0024999999441206455
			vertex 0.0471000000834465 0.025499999523162842 0.0024999999441206455
			vertex 0.06530000269412994 0.025499999523162842 0.0024999999441206455
		endloop
	endfacet
	facet normal 0 0 1
		outer loop
			vertex 0.06780000030994415 0.03999999910593033 0.0024999999441206455
			vertex 0.06530000269412994 0.025499999523162842 0.0024999999441206455
			vertex 0.06780000030994415 0.025499999523162842 0.0024999999441206455
		endloop
	endfacet
	facet normal 0 0 1
		outer loop
			vertex 0.0402892529964447 0.06751678884029388 0.0024999999441206455
			vertex 0.039686575531959534 0.06751972436904907 0.0024999999441206455
			vertex 0.044599998742341995 0.025499999523162842 0.0024999999441206455
		endloop
	endfacet
	facet normal 0 0 1
		outer loop
			vertex 0.04087511822581291 0.06765817105770111 0.0024999999441206455
			vertex 0.044599998742341995 0.025499999523162842 0.0024999999441206455
			vertex 0.0471000000834465 0.025499999523162842 0.0024999999441206455
		endloop
	endfacet
	facet normal 0 0 1
		outer loop
			vertex 0.04087511822581291 0.06765817105770111 0.0024999999441206455
			vertex 0.0471000000834465 0.025499999523162842 0.0024999999441206455
			vertex 0.06780000030994415 0.03999999910593033 0.0024999999441206455
		endloop
	endfacet
	facet normal 0 0 1
		outer loop
			vertex 0.04087511822581291 0.06765817105770111 0.0024999999441206455
			vertex 0.0402892529964447 0.06751678884029388 0.0024999999441206455
			vertex 0.044599998742341995 0.025499999523162842 0.0024999999441206455
		endloop
	endfacet
	facet normal 0 0 1
		outer loop
			vertex 0.02466093748807907 0.08655540645122528 0.0024999999441206455
			vertex 0.021714065223932266 0.08173955976963043 0.0024999999441206455
			vertex 0.02690577507019043 0.0798880085349083 0.0024999999441206455
		endloop
	endfacet
	facet normal 0 0 1
		outer loop
			vertex 0.02466093748807907 0.08655540645122528 0.0024999999441206455
			vertex 0.01860031671822071 0.08805695921182632 0.0024999999441206455
			vertex 0.021714065223932266 0.08173955976963043 0.0024999999441206455
		endloop
	endfacet
	facet normal 0 0 1
		outer loop
			vertex 0.030602863058447838 0.08463725447654724 0.0024999999441206455
			vertex 0.02690577507019043 0.0798880085349083 0.0024999999441206455
			vertex 0.03194162994623184 0.07764696329832077 0.0024999999441206455
		endloop
	endfacet
	facet normal 0 0 1
		outer loop
			vertex 0.030602863058447838 0.08463725447654724 0.0024999999441206455
			vertex 0.02466093748807907 0.08655540645122528 0.0024999999441206455
			vertex 0.02690577507019043 0.0798880085349083 0.0024999999441206455
		endloop
	endfacet
	facet normal 0 0 1
		outer loop
			vertex 0.03639749437570572 0.08231174200773239 0.0024999999441206455
			vertex 0.03194162994623184 0.07764696329832077 0.0024999999441206455
			vertex 0.036792460829019547 0.0750294104218483 0.0024999999441206455
		endloop
	endfacet
	facet normal 0 0 1
		outer loop
			vertex 0.03639749437570572 0.08231174200773239 0.0024999999441206455
			vertex 0.030602863058447838 0.08463725447654724 0.0024999999441206455
			vertex 0.03194162994623184 0.07764696329832077 0.0024999999441206455
		endloop
	endfacet
	facet normal 0 0 1
		outer loop
			vertex 0.04201694577932358 0.07959005236625671 0.0024999999441206455
			vertex 0.03639749437570572 0.08231174200773239 0.0024999999441206455
			vertex 0.036792460829019547 0.0750294104218483 0.0024999999441206455
		endloop
	endfacet
	facet normal 0 0 1
		outer loop
			vertex 0.04201694577932358 0.07959005236625671 0.0024999999441206455
			vertex 0.036792460829019547 0.0750294104218483 0.0024999999441206455
			vertex 0.041430164128541946 0.07205051928758621 0.0024999999441206455
		endloop
	endfacet
	facet normal 0 0 1
		outer loop
			vertex 0.07765518128871918 0.04549366235733032 0.0024999999441206455
			vertex 0.06780000030994415 0.03999999910593033 0.0024999999441206455
			vertex 0.08062257617712021 0.03999999910593033 0.0024999999441206455
		endloop
	endfacet
	facet normal 0 0 1
		outer loop
			vertex 0.04743416607379913 0.0764852911233902 0.0024999999441206455
			vertex 0.04201694577932358 0.07959005236625671 0.0024999999441206455
			vertex 0.041430164128541946 0.07205051928758621 0.0024999999441206455
		endloop
	endfacet
	facet normal 0 0 1
		outer loop
			vertex 0.04743416607379913 0.0764852911233902 0.0024999999441206455
			vertex 0.041430164128541946 0.07205051928758621 0.0024999999441206455
			vertex 0.0418793261051178 0.07164867222309113 0.0024999999441206455
		endloop
	endfacet
	facet normal 0 0 1
		outer loop
			vertex 0.04743416607379913 0.0764852911233902 0.0024999999441206455
			vertex 0.0418793261051178 0.07164867222309113 0.0024999999441206455
			vertex 0.04221927002072334 0.0711510181427002 0.0024999999441206455
		endloop
	endfacet
	facet normal 0 0 1
		outer loop
			vertex 0.04743416607379913 0.0764852911233902 0.0024999999441206455
			vertex 0.04221927002072334 0.0711510181427002 0.0024999999441206455
			vertex 0.04243024066090584 0.07058646529912949 0.0024999999441206455
		endloop
	endfacet
	facet normal 0 0 1
		outer loop
			vertex 0.07431402057409286 0.05076836049556732 0.0024999999441206455
			vertex 0.06780000030994415 0.03999999910593033 0.0024999999441206455
			vertex 0.07765518128871918 0.04549366235733032 0.0024999999441206455
		endloop
	endfacet
	facet normal 0 0 1
		outer loop
			vertex 0.05262308195233345 0.07301240414381027 0.0024999999441206455
			vertex 0.04743416607379913 0.0764852911233902 0.0024999999441206455
			vertex 0.04243024066090584 0.07058646529912949 0.0024999999441206455
		endloop
	endfacet
	facet normal 0 0 1
		outer loop
			vertex 0.05262308195233345 0.07301240414381027 0.0024999999441206455
			vertex 0.04243024066090584 0.07058646529912949 0.0024999999441206455
			vertex 0.04249997064471245 0.06998782604932785 0.0024999999441206455
		endloop
	endfacet
	facet normal 0 0 1
		outer loop
			vertex 0.05262308195233345 0.07301240414381027 0.0024999999441206455
			vertex 0.04249997064471245 0.06998782604932785 0.0024999999441206455
			vertex 0.042424414306879044 0.06938990205526352 0.0024999999441206455
		endloop
	endfacet
	facet normal 0 0 1
		outer loop
			vertex 0.05262308195233345 0.07301240414381027 0.0024999999441206455
			vertex 0.042424414306879044 0.06938990205526352 0.0024999999441206455
			vertex 0.042207956314086914 0.06882742792367935 0.0024999999441206455
		endloop
	endfacet
	facet normal 0 0 1
		outer loop
			vertex 0.07061517983675003 0.05579870939254761 0.0024999999441206455
			vertex 0.06780000030994415 0.03999999910593033 0.0024999999441206455
			vertex 0.07431402057409286 0.05076836049556732 0.0024999999441206455
		endloop
	endfacet
	facet normal 0 0 1
		outer loop
			vertex 0.05755871906876564 0.06918810307979584 0.0024999999441206455
			vertex 0.05262308195233345 0.07301240414381027 0.0024999999441206455
			vertex 0.042207956314086914 0.06882742792367935 0.0024999999441206455
		endloop
	endfacet
	facet normal 0 0 1
		outer loop
			vertex 0.05755871906876564 0.06918810307979584 0.0024999999441206455
			vertex 0.042207956314086914 0.06882742792367935 0.0024999999441206455
			vertex 0.041863180696964264 0.06833310425281525 0.0024999999441206455
		endloop
	endfacet
	facet normal 0 0 1
		outer loop
			vertex 0.05755871906876564 0.06918810307979584 0.0024999999441206455
			vertex 0.041863180696964264 0.06833310425281525 0.0024999999441206455
			vertex 0.04141012579202652 0.06793565303087234 0.0024999999441206455
		endloop
	endfacet
	facet normal 0 0 1
		outer loop
			vertex 0.06657647341489792 0.06056049466133118 0.0024999999441206455
			vertex 0.06780000030994415 0.03999999910593033 0.0024999999441206455
			vertex 0.07061517983675003 0.05579870939254761 0.0024999999441206455
		endloop
	endfacet
	facet normal 0 0 1
		outer loop
			vertex 0.06221732124686241 0.06503079831600189 0.0024999999441206455
			vertex 0.04087511822581291 0.06765817105770111 0.0024999999441206455
			vertex 0.06780000030994415 0.03999999910593033 0.0024999999441206455
		endloop
	endfacet
	facet normal 0 0 1
		outer loop
			vertex 0.06221732124686241 0.06503079831600189 0.0024999999441206455
			vertex 0.06780000030994415 0.03999999910593033 0.0024999999441206455
			vertex 0.06657647341489792 0.06056049466133118 0.0024999999441206455
		endloop
	endfacet
	facet normal 0 0 1
		outer loop
			vertex 0.06221732124686241 0.06503079831600189 0.0024999999441206455
			vertex 0.05755871906876564 0.06918810307979584 0.0024999999441206455
			vertex 0.04141012579202652 0.06793565303087234 0.0024999999441206455
		endloop
	endfacet
	facet normal 0 0 1
		outer loop
			vertex 0.06221732124686241 0.06503079831600189 0.0024999999441206455
			vertex 0.04141012579202652 0.06793565303087234 0.0024999999441206455
			vertex 0.04087511822581291 0.06765817105770111 0.0024999999441206455
		endloop
	endfacet
	facet normal 0 1 0
		outer loop
			vertex 0.04154999926686287 -0.03999999910593033 0
			vertex 0.03779999911785126 -0.03999999910593033 0
			vertex 0.03779999911785126 -0.03999999910593033 0.0024999999441206455
		endloop
	endfacet
	facet normal 0 1 0
		outer loop
			vertex 0.04154999926686287 -0.03999999910593033 0
			vertex 0.03779999911785126 -0.03999999910593033 0.0024999999441206455
			vertex 0.04154999926686287 -0.03999999910593033 0.0024999999441206455
		endloop
	endfacet
	facet normal 0 -1 0
		outer loop
			vertex 0.04154999926686287 -0.03750000149011612 0
			vertex 0.03779999911785126 -0.03750000149011612 0.0024999999441206455
			vertex 0.03779999911785126 -0.03750000149011612 0
		endloop
	endfacet
	facet normal 0 -1 0
		outer loop
			vertex 0.04154999926686287 -0.03750000149011612 0
			vertex 0.04154999926686287 -0.03750000149011612 0.0024999999441206455
			vertex 0.03779999911785126 -0.03750000149011612 0.0024999999441206455
		endloop
	endfacet
	facet normal 0 -1 0
		outer loop
			vertex 0.04780000075697899 -0.03750000149011612 0
			vertex 0.04405000060796738 -0.03750000149011612 0.0024999999441206455
			vertex 0.04405000060796738 -0.03750000149011612 0
		endloop
	endfacet
	facet normal 0 -1 0
		outer loop
			vertex 0.04780000075697899 -0.03750000149011612 0
			vertex 0.04780000075697899 -0.03750000149011612 0.0024999999441206455
			vertex 0.04405000060796738 -0.03750000149011612 0.0024999999441206455
		endloop
	endfacet
	facet normal -1 0 0
		outer loop
			vertex 0.04780000075697899 -0.03750000149011612 0
			vertex 0.04780000075697899 -0.03999999910593033 0.0024999999441206455
			vertex 0.04780000075697899 -0.03750000149011612 0.0024999999441206455
		endloop
	endfacet
	facet normal -1 0 0
		outer loop
			vertex 0.04780000075697899 -0.03750000149011612 0
			vertex 0.04780000075697899 -0.03999999910593033 0
			vertex 0.04780000075697899 -0.03999999910593033 0.0024999999441206455
		endloop
	endfacet
	facet normal 1 0 0
		outer loop
			vertex 0.03779999911785126 -0.03750000149011612 0.0024999999441206455
			vertex 0.03779999911785126 -0.03999999910593033 0
			vertex 0.03779999911785126 -0.03750000149011612 0
		endloop
	endfacet
	facet normal 1 0 0
		outer loop
			vertex 0.03779999911785126 -0.03750000149011612 0.0024999999441206455
			vertex 0.03779999911785126 -0.03999999910593033 0.0024999999441206455
			vertex 0.03779999911785126 -0.03999999910593033 0
		endloop
	endfacet
	facet normal 0 1 0
		outer loop
			vertex 0.04780000075697899 -0.03999999910593033 0
			vertex 0.04405000060796738 -0.03999999910593033 0
			vertex 0.04405000060796738 -0.03999999910593033 0.0024999999441206455
		endloop
	endfacet
	facet normal 0 1 0
		outer loop
			vertex 0.04780000075697899 -0.03999999910593033 0
			vertex 0.04405000060796738 -0.03999999910593033 0.0024999999441206455
			vertex 0.04780000075697899 -0.03999999910593033 0.0024999999441206455
		endloop
	endfacet
	facet normal 1 0 0
		outer loop
			vertex 0.04154999926686287 -0.03999999910593033 0
			vertex 0.04154999926686287 -0.04374999925494194 0.0024999999441206455
			vertex 0.04154999926686287 -0.04374999925494194 0
		endloop
	endfacet
	facet normal 1 0 0
		outer loop
			vertex 0.04154999926686287 -0.03999999910593033 0
			vertex 0.04154999926686287 -0.03999999910593033 0.0024999999441206455
			vertex 0.04154999926686287 -0.04374999925494194 0.0024999999441206455
		endloop
	endfacet
	facet normal 1 0 0
		outer loop
			vertex 0.04154999926686287 -0.03375000134110451 0
			vertex 0.04154999926686287 -0.03750000149011612 0.0024999999441206455
			vertex 0.04154999926686287 -0.03750000149011612 0
		endloop
	endfacet
	facet normal 1 0 0
		outer loop
			vertex 0.04154999926686287 -0.03375000134110451 0
			vertex 0.04154999926686287 -0.03375000134110451 0.0024999999441206455
			vertex 0.04154999926686287 -0.03750000149011612 0.0024999999441206455
		endloop
	endfacet
	facet normal -1 0 0
		outer loop
			vertex 0.04405000060796738 -0.03999999910593033 0
			vertex 0.04405000060796738 -0.04374999925494194 0
			vertex 0.04405000060796738 -0.04374999925494194 0.0024999999441206455
		endloop
	endfacet
	facet normal -1 0 0
		outer loop
			vertex 0.04405000060796738 -0.03999999910593033 0
			vertex 0.04405000060796738 -0.04374999925494194 0.0024999999441206455
			vertex 0.04405000060796738 -0.03999999910593033 0.0024999999441206455
		endloop
	endfacet
	facet normal -1 0 0
		outer loop
			vertex 0.04405000060796738 -0.03375000134110451 0
			vertex 0.04405000060796738 -0.03750000149011612 0
			vertex 0.04405000060796738 -0.03750000149011612 0.0024999999441206455
		endloop
	endfacet
	facet normal -1 0 0
		outer loop
			vertex 0.04405000060796738 -0.03375000134110451 0
			vertex 0.04405000060796738 -0.03750000149011612 0.0024999999441206455
			vertex 0.04405000060796738 -0.03375000134110451 0.0024999999441206455
		endloop
	endfacet
	facet normal 0 -1 0
		outer loop
			vertex 0.04154999926686287 -0.03375000134110451 0
			vertex 0.04405000060796738 -0.03375000134110451 0.0024999999441206455
			vertex 0.04154999926686287 -0.03375000134110451 0.0024999999441206455
		endloop
	endfacet
	facet normal 0 -1 0
		outer loop
			vertex 0.04154999926686287 -0.03375000134110451 0
			vertex 0.04405000060796738 -0.03375000134110451 0
			vertex 0.04405000060796738 -0.03375000134110451 0.0024999999441206455
		endloop
	endfacet
	facet normal 0 1 0
		outer loop
			vertex 0.04154999926686287 -0.04374999925494194 0.0024999999441206455
			vertex 0.04405000060796738 -0.04374999925494194 0
			vertex 0.04154999926686287 -0.04374999925494194 0
		endloop
	endfacet
	facet normal 0 1 0
		outer loop
			vertex 0.04154999926686287 -0.04374999925494194 0.0024999999441206455
			vertex 0.04405000060796738 -0.04374999925494194 0.0024999999441206455
			vertex 0.04405000060796738 -0.04374999925494194 0
		endloop
	endfacet
	facet normal 1 0 0
		outer loop
			vertex -0.04405000060796738 -0.03999999910593033 0
			vertex -0.04405000060796738 -0.04374999925494194 0.0024999999441206455
			vertex -0.04405000060796738 -0.04374999925494194 0
		endloop
	endfacet
	facet normal 1 0 0
		outer loop
			vertex -0.04405000060796738 -0.03999999910593033 0
			vertex -0.04405000060796738 -0.03999999910593033 0.0024999999441206455
			vertex -0.04405000060796738 -0.04374999925494194 0.0024999999441206455
		endloop
	endfacet
	facet normal 1 0 0
		outer loop
			vertex -0.04405000060796738 -0.03375000134110451 0
			vertex -0.04405000060796738 -0.03750000149011612 0.0024999999441206455
			vertex -0.04405000060796738 -0.03750000149011612 0
		endloop
	endfacet
	facet normal 1 0 0
		outer loop
			vertex -0.04405000060796738 -0.03375000134110451 0
			vertex -0.04405000060796738 -0.03375000134110451 0.0024999999441206455
			vertex -0.04405000060796738 -0.03750000149011612 0.0024999999441206455
		endloop
	endfacet
	facet normal -1 0 0
		outer loop
			vertex -0.04154999926686287 -0.03999999910593033 0
			vertex -0.04154999926686287 -0.04374999925494194 0
			vertex -0.04154999926686287 -0.04374999925494194 0.0024999999441206455
		endloop
	endfacet
	facet normal -1 0 0
		outer loop
			vertex -0.04154999926686287 -0.03999999910593033 0
			vertex -0.04154999926686287 -0.04374999925494194 0.0024999999441206455
			vertex -0.04154999926686287 -0.03999999910593033 0.0024999999441206455
		endloop
	endfacet
	facet normal -1 0 0
		outer loop
			vertex -0.04154999926686287 -0.03375000134110451 0
			vertex -0.04154999926686287 -0.03750000149011612 0
			vertex -0.04154999926686287 -0.03750000149011612 0.0024999999441206455
		endloop
	endfacet
	facet normal -1 0 0
		outer loop
			vertex -0.04154999926686287 -0.03375000134110451 0
			vertex -0.04154999926686287 -0.03750000149011612 0.0024999999441206455
			vertex -0.04154999926686287 -0.03375000134110451 0.0024999999441206455
		endloop
	endfacet
	facet normal 0 -1 0
		outer loop
			vertex -0.04405000060796738 -0.03375000134110451 0
			vertex -0.04154999926686287 -0.03375000134110451 0.0024999999441206455
			vertex -0.04405000060796738 -0.03375000134110451 0.0024999999441206455
		endloop
	endfacet
	facet normal 0 -1 0
		outer loop
			vertex -0.04405000060796738 -0.03375000134110451 0
			vertex -0.04154999926686287 -0.03375000134110451 0
			vertex -0.04154999926686287 -0.03375000134110451 0.0024999999441206455
		endloop
	endfacet
	facet normal 0 1 0
		outer loop
			vertex -0.04405000060796738 -0.04374999925494194 0.0024999999441206455
			vertex -0.04154999926686287 -0.04374999925494194 0
			vertex -0.04405000060796738 -0.04374999925494194 0
		endloop
	endfacet
	facet normal 0 1 0
		outer loop
			vertex -0.04405000060796738 -0.04374999925494194 0.0024999999441206455
			vertex -0.04154999926686287 -0.04374999925494194 0.0024999999441206455
			vertex -0.04154999926686287 -0.04374999925494194 0
		endloop
	endfacet
	facet normal 0 -1 0
		outer loop
			vertex -0.04405000060796738 -0.03750000149011612 0
			vertex -0.04780000075697899 -0.03750000149011612 0.0024999999441206455
			vertex -0.04780000075697899 -0.03750000149011612 0
		endloop
	endfacet
	facet normal 0 -1 0
		outer loop
			vertex -0.04405000060796738 -0.03750000149011612 0
			vertex -0.04405000060796738 -0.03750000149011612 0.0024999999441206455
			vertex -0.04780000075697899 -0.03750000149011612 0.0024999999441206455
		endloop
	endfacet
	facet normal 0 1 0
		outer loop
			vertex -0.03779999911785126 -0.03999999910593033 0
			vertex -0.04154999926686287 -0.03999999910593033 0
			vertex -0.04154999926686287 -0.03999999910593033 0.0024999999441206455
		endloop
	endfacet
	facet normal 0 1 0
		outer loop
			vertex -0.03779999911785126 -0.03999999910593033 0
			vertex -0.04154999926686287 -0.03999999910593033 0.0024999999441206455
			vertex -0.03779999911785126 -0.03999999910593033 0.0024999999441206455
		endloop
	endfacet
	facet normal 0 1 0
		outer loop
			vertex -0.04405000060796738 -0.03999999910593033 0
			vertex -0.04780000075697899 -0.03999999910593033 0
			vertex -0.04780000075697899 -0.03999999910593033 0.0024999999441206455
		endloop
	endfacet
	facet normal 0 1 0
		outer loop
			vertex -0.04405000060796738 -0.03999999910593033 0
			vertex -0.04780000075697899 -0.03999999910593033 0.0024999999441206455
			vertex -0.04405000060796738 -0.03999999910593033 0.0024999999441206455
		endloop
	endfacet
	facet normal 0 -1 0
		outer loop
			vertex -0.03779999911785126 -0.03750000149011612 0
			vertex -0.03779999911785126 -0.03750000149011612 0.0024999999441206455
			vertex -0.04154999926686287 -0.03750000149011612 0.0024999999441206455
		endloop
	endfacet
	facet normal 0 -1 0
		outer loop
			vertex -0.03779999911785126 -0.03750000149011612 0
			vertex -0.04154999926686287 -0.03750000149011612 0.0024999999441206455
			vertex -0.04154999926686287 -0.03750000149011612 0
		endloop
	endfacet
	facet normal -1 0 0
		outer loop
			vertex -0.03779999911785126 -0.03750000149011612 0
			vertex -0.03779999911785126 -0.03999999910593033 0.0024999999441206455
			vertex -0.03779999911785126 -0.03750000149011612 0.0024999999441206455
		endloop
	endfacet
	facet normal -1 0 0
		outer loop
			vertex -0.03779999911785126 -0.03750000149011612 0
			vertex -0.03779999911785126 -0.03999999910593033 0
			vertex -0.03779999911785126 -0.03999999910593033 0.0024999999441206455
		endloop
	endfacet
	facet normal 1 0 0
		outer loop
			vertex -0.04780000075697899 -0.03750000149011612 0.0024999999441206455
			vertex -0.04780000075697899 -0.03999999910593033 0
			vertex -0.04780000075697899 -0.03750000149011612 0
		endloop
	endfacet
	facet normal 1 0 0
		outer loop
			vertex -0.04780000075697899 -0.03750000149011612 0.0024999999441206455
			vertex -0.04780000075697899 -0.03999999910593033 0.0024999999441206455
			vertex -0.04780000075697899 -0.03999999910593033 0
		endloop
	endfacet
	facet normal 0 1 0
		outer loop
			vertex 0.0154540641233325 -0.03625454008579254 0
			vertex 0.021854065358638763 -0.03625454008579254 0.0024999999441206455
			vertex 0.021854065358638763 -0.03625454008579254 0
		endloop
	endfacet
	facet normal 0 1 0
		outer loop
			vertex 0.0154540641233325 -0.03625454008579254 0
			vertex 0.0154540641233325 -0.03625454008579254 0.0024999999441206455
			vertex 0.021854065358638763 -0.03625454008579254 0.0024999999441206455
		endloop
	endfacet
	facet normal -0.9937126474142873 0.11196059292844188 0
		outer loop
			vertex 0.022244036197662354 -0.03594354912638664 0
			vertex 0.022254064679145813 -0.03585454076528549 0.0024999999441206455
			vertex 0.022254064679145813 -0.03585454076528549 0
		endloop
	endfacet
	facet normal -0.9937126474142873 0.11196059292844188 0
		outer loop
			vertex 0.022244036197662354 -0.03594354912638664 0
			vertex 0.022244036197662354 -0.03594354912638664 0.0024999999441206455
			vertex 0.022254064679145813 -0.03585454076528549 0.0024999999441206455
		endloop
	endfacet
	facet normal -0.9438810479179683 0.33028558457988744 0
		outer loop
			vertex 0.022214451804757118 -0.036028094589710236 0
			vertex 0.022214451804757118 -0.036028094589710236 0.0024999999441206455
			vertex 0.022244036197662354 -0.03594354912638664 0.0024999999441206455
		endloop
	endfacet
	facet normal -0.9438810479179683 0.33028558457988744 0
		outer loop
			vertex 0.022214451804757118 -0.036028094589710236 0
			vertex 0.022244036197662354 -0.03594354912638664 0.0024999999441206455
			vertex 0.022244036197662354 -0.03594354912638664 0
		endloop
	endfacet
	facet normal -0.8467318350139711 0.5320199240384458 0
		outer loop
			vertex 0.022166797891259193 -0.03610393777489662 0
			vertex 0.022166797891259193 -0.03610393777489662 0.0024999999441206455
			vertex 0.022214451804757118 -0.036028094589710236 0.0024999999441206455
		endloop
	endfacet
	facet normal -0.8467318350139711 0.5320199240384458 0
		outer loop
			vertex 0.022166797891259193 -0.03610393777489662 0
			vertex 0.022214451804757118 -0.036028094589710236 0.0024999999441206455
			vertex 0.022214451804757118 -0.036028094589710236 0
		endloop
	endfacet
	facet normal -0.7070859854573885 0.7071275763041304 0
		outer loop
			vertex 0.022103460505604744 -0.03616727143526077 0
			vertex 0.022103460505604744 -0.03616727143526077 0.0024999999441206455
			vertex 0.022166797891259193 -0.03610393777489662 0.0024999999441206455
		endloop
	endfacet
	facet normal -0.7070859854573885 0.7071275763041304 0
		outer loop
			vertex 0.022103460505604744 -0.03616727143526077 0
			vertex 0.022166797891259193 -0.03610393777489662 0.0024999999441206455
			vertex 0.022166797891259193 -0.03610393777489662 0
		endloop
	endfacet
	facet normal -0.532049741235034 0.8467130994922268 0
		outer loop
			vertex 0.022027617320418358 -0.036214929074048996 0
			vertex 0.022027617320418358 -0.036214929074048996 0.0024999999441206455
			vertex 0.022103460505604744 -0.03616727143526077 0.0024999999441206455
		endloop
	endfacet
	facet normal -0.532049741235034 0.8467130994922268 0
		outer loop
			vertex 0.022027617320418358 -0.036214929074048996 0
			vertex 0.022103460505604744 -0.03616727143526077 0.0024999999441206455
			vertex 0.022103460505604744 -0.03616727143526077 0
		endloop
	endfacet
	facet normal -0.33027354062927133 0.9438852622857321 0
		outer loop
			vertex 0.021943073719739914 -0.03624451160430908 0
			vertex 0.021943073719739914 -0.03624451160430908 0.0024999999441206455
			vertex 0.022027617320418358 -0.036214929074048996 0.0024999999441206455
		endloop
	endfacet
	facet normal -0.33027354062927133 0.9438852622857321 0
		outer loop
			vertex 0.021943073719739914 -0.03624451160430908 0
			vertex 0.022027617320418358 -0.036214929074048996 0.0024999999441206455
			vertex 0.022027617320418358 -0.036214929074048996 0
		endloop
	endfacet
	facet normal -0.11196059292844188 0.9937126474142873 0
		outer loop
			vertex 0.021854065358638763 -0.03625454008579254 0
			vertex 0.021854065358638763 -0.03625454008579254 0.0024999999441206455
			vertex 0.021943073719739914 -0.03624451160430908 0.0024999999441206455
		endloop
	endfacet
	facet normal -0.11196059292844188 0.9937126474142873 0
		outer loop
			vertex 0.021854065358638763 -0.03625454008579254 0
			vertex 0.021943073719739914 -0.03624451160430908 0.0024999999441206455
			vertex 0.021943073719739914 -0.03624451160430908 0
		endloop
	endfacet
	facet normal -1 0 0
		outer loop
			vertex 0.022254064679145813 -0.03585454076528549 0
			vertex 0.022254064679145813 -0.029454540461301804 0.0024999999441206455
			vertex 0.022254064679145813 -0.029454540461301804 0
		endloop
	endfacet
	facet normal -1 0 0
		outer loop
			vertex 0.022254064679145813 -0.03585454076528549 0
			vertex 0.022254064679145813 -0.03585454076528549 0.0024999999441206455
			vertex 0.022254064679145813 -0.029454540461301804 0.0024999999441206455
		endloop
	endfacet
	facet normal -0.11198112724516701 -0.993710333618858 0
		outer loop
			vertex 0.021943073719739914 -0.029064569622278214 0
			vertex 0.021854065358638763 -0.029054539278149605 0.0024999999441206455
			vertex 0.021854065358638763 -0.029054539278149605 0
		endloop
	endfacet
	facet normal -0.11198112724516701 -0.993710333618858 0
		outer loop
			vertex 0.021943073719739914 -0.029064569622278214 0
			vertex 0.021943073719739914 -0.029064569622278214 0.0024999999441206455
			vertex 0.021854065358638763 -0.029054539278149605 0.0024999999441206455
		endloop
	endfacet
	facet normal -0.33027354062927133 -0.9438852622857321 0
		outer loop
			vertex 0.022027617320418358 -0.0290941521525383 0
			vertex 0.022027617320418358 -0.0290941521525383 0.0024999999441206455
			vertex 0.021943073719739914 -0.029064569622278214 0.0024999999441206455
		endloop
	endfacet
	facet normal -0.33027354062927133 -0.9438852622857321 0
		outer loop
			vertex 0.022027617320418358 -0.0290941521525383 0
			vertex 0.021943073719739914 -0.029064569622278214 0.0024999999441206455
			vertex 0.021943073719739914 -0.029064569622278214 0
		endloop
	endfacet
	facet normal -0.5320348328841531 -0.8467224672807092 0
		outer loop
			vertex 0.022103460505604744 -0.029141807928681374 0
			vertex 0.022103460505604744 -0.029141807928681374 0.0024999999441206455
			vertex 0.022027617320418358 -0.0290941521525383 0.0024999999441206455
		endloop
	endfacet
	facet normal -0.5320348328841531 -0.8467224672807092 0
		outer loop
			vertex 0.022103460505604744 -0.029141807928681374 0
			vertex 0.022027617320418358 -0.0290941521525383 0.0024999999441206455
			vertex 0.022027617320418358 -0.0290941521525383 0
		endloop
	endfacet
	facet normal -0.7070963835513058 -0.7071171786688998 0
		outer loop
			vertex 0.022166797891259193 -0.029205143451690674 0
			vertex 0.022166797891259193 -0.029205143451690674 0.0024999999441206455
			vertex 0.022103460505604744 -0.029141807928681374 0.0024999999441206455
		endloop
	endfacet
	facet normal -0.7070963835513058 -0.7071171786688998 0
		outer loop
			vertex 0.022166797891259193 -0.029205143451690674 0
			vertex 0.022103460505604744 -0.029141807928681374 0.0024999999441206455
			vertex 0.022103460505604744 -0.029141807928681374 0
		endloop
	endfacet
	facet normal -0.8467318350139711 -0.5320199240384458 0
		outer loop
			vertex 0.022214451804757118 -0.02928098663687706 0
			vertex 0.022214451804757118 -0.02928098663687706 0.0024999999441206455
			vertex 0.022166797891259193 -0.029205143451690674 0.0024999999441206455
		endloop
	endfacet
	facet normal -0.8467318350139711 -0.5320199240384458 0
		outer loop
			vertex 0.022214451804757118 -0.02928098663687706 0
			vertex 0.022166797891259193 -0.029205143451690674 0.0024999999441206455
			vertex 0.022166797891259193 -0.029205143451690674 0
		endloop
	endfacet
	facet normal -0.9438810479179683 -0.33028558457988744 0
		outer loop
			vertex 0.022244036197662354 -0.029365532100200653 0
			vertex 0.022244036197662354 -0.029365532100200653 0.0024999999441206455
			vertex 0.022214451804757118 -0.02928098663687706 0.0024999999441206455
		endloop
	endfacet
	facet normal -0.9438810479179683 -0.33028558457988744 0
		outer loop
			vertex 0.022244036197662354 -0.029365532100200653 0
			vertex 0.022214451804757118 -0.02928098663687706 0.0024999999441206455
			vertex 0.022214451804757118 -0.02928098663687706 0
		endloop
	endfacet
	facet normal -0.9937126474142873 -0.11196059292844188 0
		outer loop
			vertex 0.022254064679145813 -0.029454540461301804 0
			vertex 0.022254064679145813 -0.029454540461301804 0.0024999999441206455
			vertex 0.022244036197662354 -0.029365532100200653 0.0024999999441206455
		endloop
	endfacet
	facet normal -0.9937126474142873 -0.11196059292844188 0
		outer loop
			vertex 0.022254064679145813 -0.029454540461301804 0
			vertex 0.022244036197662354 -0.029365532100200653 0.0024999999441206455
			vertex 0.022244036197662354 -0.029365532100200653 0
		endloop
	endfacet
	facet normal 0 -1 0
		outer loop
			vertex 0.021854065358638763 -0.029054539278149605 0
			vertex 0.0154540641233325 -0.029054539278149605 0.0024999999441206455
			vertex 0.0154540641233325 -0.029054539278149605 0
		endloop
	endfacet
	facet normal 0 -1 0
		outer loop
			vertex 0.021854065358638763 -0.029054539278149605 0
			vertex 0.021854065358638763 -0.029054539278149605 0.0024999999441206455
			vertex 0.0154540641233325 -0.029054539278149605 0.0024999999441206455
		endloop
	endfacet
	facet normal 0.9937126474142873 -0.11196059292844188 0
		outer loop
			vertex 0.01506409328430891 -0.029365532100200653 0
			vertex 0.015054064802825451 -0.029454540461301804 0.0024999999441206455
			vertex 0.015054064802825451 -0.029454540461301804 0
		endloop
	endfacet
	facet normal 0.9937126474142873 -0.11196059292844188 0
		outer loop
			vertex 0.01506409328430891 -0.029365532100200653 0
			vertex 0.01506409328430891 -0.029365532100200653 0.0024999999441206455
			vertex 0.015054064802825451 -0.029454540461301804 0.0024999999441206455
		endloop
	endfacet
	facet normal 0.9438842892936838 -0.3302763213198267 0
		outer loop
			vertex 0.015093676745891571 -0.02928098663687706 0
			vertex 0.015093676745891571 -0.02928098663687706 0.0024999999441206455
			vertex 0.01506409328430891 -0.029365532100200653 0.0024999999441206455
		endloop
	endfacet
	facet normal 0.9438842892936838 -0.3302763213198267 0
		outer loop
			vertex 0.015093676745891571 -0.02928098663687706 0
			vertex 0.01506409328430891 -0.029365532100200653 0.0024999999441206455
			vertex 0.01506409328430891 -0.029365532100200653 0
		endloop
	endfacet
	facet normal 0.8467271511542437 -0.5320273785231531 0
		outer loop
			vertex 0.01514133159071207 -0.029205143451690674 0
			vertex 0.01514133159071207 -0.029205143451690674 0.0024999999441206455
			vertex 0.015093676745891571 -0.02928098663687706 0.0024999999441206455
		endloop
	endfacet
	facet normal 0.8467271511542437 -0.5320273785231531 0
		outer loop
			vertex 0.01514133159071207 -0.029205143451690674 0
			vertex 0.015093676745891571 -0.02928098663687706 0.0024999999441206455
			vertex 0.015093676745891571 -0.02928098663687706 0
		endloop
	endfacet
	facet normal 0.7070963835513058 -0.7071171786688998 0
		outer loop
			vertex 0.01520466897636652 -0.029141807928681374 0
			vertex 0.01520466897636652 -0.029141807928681374 0.0024999999441206455
			vertex 0.01514133159071207 -0.029205143451690674 0.0024999999441206455
		endloop
	endfacet
	facet normal 0.7070963835513058 -0.7071171786688998 0
		outer loop
			vertex 0.01520466897636652 -0.029141807928681374 0
			vertex 0.01514133159071207 -0.029205143451690674 0.0024999999441206455
			vertex 0.01514133159071207 -0.029205143451690674 0
		endloop
	endfacet
	facet normal 0.532039516797686 -0.8467195241434349 0
		outer loop
			vertex 0.015280511230230331 -0.0290941521525383 0
			vertex 0.015280511230230331 -0.0290941521525383 0.0024999999441206455
			vertex 0.01520466897636652 -0.029141807928681374 0.0024999999441206455
		endloop
	endfacet
	facet normal 0.532039516797686 -0.8467195241434349 0
		outer loop
			vertex 0.015280511230230331 -0.0290941521525383 0
			vertex 0.01520466897636652 -0.029141807928681374 0.0024999999441206455
			vertex 0.01520466897636652 -0.029141807928681374 0
		endloop
	endfacet
	facet normal 0.33027029926693907 -0.9438863964599377 0
		outer loop
			vertex 0.01536505576223135 -0.029064569622278214 0
			vertex 0.01536505576223135 -0.029064569622278214 0.0024999999441206455
			vertex 0.015280511230230331 -0.0290941521525383 0.0024999999441206455
		endloop
	endfacet
	facet normal 0.33027029926693907 -0.9438863964599377 0
		outer loop
			vertex 0.01536505576223135 -0.029064569622278214 0
			vertex 0.015280511230230331 -0.0290941521525383 0.0024999999441206455
			vertex 0.015280511230230331 -0.0290941521525383 0
		endloop
	endfacet
	facet normal 0.11198112724516701 -0.993710333618858 0
		outer loop
			vertex 0.0154540641233325 -0.029054539278149605 0
			vertex 0.0154540641233325 -0.029054539278149605 0.0024999999441206455
			vertex 0.01536505576223135 -0.029064569622278214 0.0024999999441206455
		endloop
	endfacet
	facet normal 0.11198112724516701 -0.993710333618858 0
		outer loop
			vertex 0.0154540641233325 -0.029054539278149605 0
			vertex 0.01536505576223135 -0.029064569622278214 0.0024999999441206455
			vertex 0.01536505576223135 -0.029064569622278214 0
		endloop
	endfacet
	facet normal 1 0 0
		outer loop
			vertex 0.015054064802825451 -0.029454540461301804 0
			vertex 0.015054064802825451 -0.03585454076528549 0.0024999999441206455
			vertex 0.015054064802825451 -0.03585454076528549 0
		endloop
	endfacet
	facet normal 1 0 0
		outer loop
			vertex 0.015054064802825451 -0.029454540461301804 0
			vertex 0.015054064802825451 -0.029454540461301804 0.0024999999441206455
			vertex 0.015054064802825451 -0.03585454076528549 0.0024999999441206455
		endloop
	endfacet
	facet normal 0.11196059292844188 0.9937126474142873 0
		outer loop
			vertex 0.01536505576223135 -0.03624451160430908 0
			vertex 0.0154540641233325 -0.03625454008579254 0.0024999999441206455
			vertex 0.0154540641233325 -0.03625454008579254 0
		endloop
	endfacet
	facet normal 0.11196059292844188 0.9937126474142873 0
		outer loop
			vertex 0.01536505576223135 -0.03624451160430908 0
			vertex 0.01536505576223135 -0.03624451160430908 0.0024999999441206455
			vertex 0.0154540641233325 -0.03625454008579254 0.0024999999441206455
		endloop
	endfacet
	facet normal 0.33027029926693907 0.9438863964599377 0
		outer loop
			vertex 0.015280511230230331 -0.036214929074048996 0
			vertex 0.015280511230230331 -0.036214929074048996 0.0024999999441206455
			vertex 0.01536505576223135 -0.03624451160430908 0.0024999999441206455
		endloop
	endfacet
	facet normal 0.33027029926693907 0.9438863964599377 0
		outer loop
			vertex 0.015280511230230331 -0.036214929074048996 0
			vertex 0.01536505576223135 -0.03624451160430908 0.0024999999441206455
			vertex 0.01536505576223135 -0.03624451160430908 0
		endloop
	endfacet
	facet normal 0.5320544251761713 0.8467101562225731 0
		outer loop
			vertex 0.01520466897636652 -0.03616727143526077 0
			vertex 0.01520466897636652 -0.03616727143526077 0.0024999999441206455
			vertex 0.015280511230230331 -0.036214929074048996 0.0024999999441206455
		endloop
	endfacet
	facet normal 0.5320544251761713 0.8467101562225731 0
		outer loop
			vertex 0.01520466897636652 -0.03616727143526077 0
			vertex 0.015280511230230331 -0.036214929074048996 0.0024999999441206455
			vertex 0.015280511230230331 -0.036214929074048996 0
		endloop
	endfacet
	facet normal 0.7070859854573885 0.7071275763041304 0
		outer loop
			vertex 0.01514133159071207 -0.03610393777489662 0
			vertex 0.01514133159071207 -0.03610393777489662 0.0024999999441206455
			vertex 0.01520466897636652 -0.03616727143526077 0.0024999999441206455
		endloop
	endfacet
	facet normal 0.7070859854573885 0.7071275763041304 0
		outer loop
			vertex 0.01514133159071207 -0.03610393777489662 0
			vertex 0.01520466897636652 -0.03616727143526077 0.0024999999441206455
			vertex 0.01520466897636652 -0.03616727143526077 0
		endloop
	endfacet
	facet normal 0.8467271511542437 0.5320273785231531 0
		outer loop
			vertex 0.015093676745891571 -0.036028094589710236 0
			vertex 0.015093676745891571 -0.036028094589710236 0.0024999999441206455
			vertex 0.01514133159071207 -0.03610393777489662 0.0024999999441206455
		endloop
	endfacet
	facet normal 0.8467271511542437 0.5320273785231531 0
		outer loop
			vertex 0.015093676745891571 -0.036028094589710236 0
			vertex 0.01514133159071207 -0.03610393777489662 0.0024999999441206455
			vertex 0.01514133159071207 -0.03610393777489662 0
		endloop
	endfacet
	facet normal 0.9438842892936838 0.3302763213198267 0
		outer loop
			vertex 0.01506409328430891 -0.03594354912638664 0
			vertex 0.01506409328430891 -0.03594354912638664 0.0024999999441206455
			vertex 0.015093676745891571 -0.036028094589710236 0.0024999999441206455
		endloop
	endfacet
	facet normal 0.9438842892936838 0.3302763213198267 0
		outer loop
			vertex 0.01506409328430891 -0.03594354912638664 0
			vertex 0.015093676745891571 -0.036028094589710236 0.0024999999441206455
			vertex 0.015093676745891571 -0.036028094589710236 0
		endloop
	endfacet
	facet normal 0.9937126474142873 0.11196059292844188 0
		outer loop
			vertex 0.015054064802825451 -0.03585454076528549 0
			vertex 0.015054064802825451 -0.03585454076528549 0.0024999999441206455
			vertex 0.01506409328430891 -0.03594354912638664 0.0024999999441206455
		endloop
	endfacet
	facet normal 0.9937126474142873 0.11196059292844188 0
		outer loop
			vertex 0.015054064802825451 -0.03585454076528549 0
			vertex 0.01506409328430891 -0.03594354912638664 0.0024999999441206455
			vertex 0.01506409328430891 -0.03594354912638664 0
		endloop
	endfacet
	facet normal 0 1 0
		outer loop
			vertex -0.02654593624174595 -0.03625454008579254 0
			vertex -0.02014593593776226 -0.03625454008579254 0.0024999999441206455
			vertex -0.02014593593776226 -0.03625454008579254 0
		endloop
	endfacet
	facet normal 0 1 0
		outer loop
			vertex -0.02654593624174595 -0.03625454008579254 0
			vertex -0.02654593624174595 -0.03625454008579254 0.0024999999441206455
			vertex -0.02014593593776226 -0.03625454008579254 0.0024999999441206455
		endloop
	endfacet
	facet normal -0.993710333618858 0.11198112724516701 0
		outer loop
			vertex -0.01975596509873867 -0.03594354912638664 0
			vertex -0.01974593475461006 -0.03585454076528549 0.0024999999441206455
			vertex -0.01974593475461006 -0.03585454076528549 0
		endloop
	endfacet
	facet normal -0.993710333618858 0.11198112724516701 0
		outer loop
			vertex -0.01975596509873867 -0.03594354912638664 0
			vertex -0.01975596509873867 -0.03594354912638664 0.0024999999441206455
			vertex -0.01974593475461006 -0.03585454076528549 0.0024999999441206455
		endloop
	endfacet
	facet normal -0.9438875306007509 0.3302670579643341 0
		outer loop
			vertex -0.019785547628998756 -0.036028094589710236 0
			vertex -0.019785547628998756 -0.036028094589710236 0.0024999999441206455
			vertex -0.01975596509873867 -0.03594354912638664 0.0024999999441206455
		endloop
	endfacet
	facet normal -0.9438875306007509 0.3302670579643341 0
		outer loop
			vertex -0.019785547628998756 -0.036028094589710236 0
			vertex -0.01975596509873867 -0.03594354912638664 0.0024999999441206455
			vertex -0.01975596509873867 -0.03594354912638664 0
		endloop
	endfacet
	facet normal -0.8467224672807092 0.5320348328841531 0
		outer loop
			vertex -0.01983320340514183 -0.03610393777489662 0
			vertex -0.01983320340514183 -0.03610393777489662 0.0024999999441206455
			vertex -0.019785547628998756 -0.036028094589710236 0.0024999999441206455
		endloop
	endfacet
	facet normal -0.8467224672807092 0.5320348328841531 0
		outer loop
			vertex -0.01983320340514183 -0.03610393777489662 0
			vertex -0.019785547628998756 -0.036028094589710236 0.0024999999441206455
			vertex -0.019785547628998756 -0.036028094589710236 0
		endloop
	endfacet
	facet normal -0.7070963832455133 0.7071171789746834 0
		outer loop
			vertex -0.01989653892815113 -0.03616727143526077 0
			vertex -0.01989653892815113 -0.03616727143526077 0.0024999999441206455
			vertex -0.01983320340514183 -0.03610393777489662 0.0024999999441206455
		endloop
	endfacet
	facet normal -0.7070963832455133 0.7071171789746834 0
		outer loop
			vertex -0.01989653892815113 -0.03616727143526077 0
			vertex -0.01983320340514183 -0.03610393777489662 0.0024999999441206455
			vertex -0.01983320340514183 -0.03610393777489662 0
		endloop
	endfacet
	facet normal -0.532049741235034 0.8467130994922268 0
		outer loop
			vertex -0.019972382113337517 -0.036214929074048996 0
			vertex -0.019972382113337517 -0.036214929074048996 0.0024999999441206455
			vertex -0.01989653892815113 -0.03616727143526077 0.0024999999441206455
		endloop
	endfacet
	facet normal -0.532049741235034 0.8467130994922268 0
		outer loop
			vertex -0.019972382113337517 -0.036214929074048996 0
			vertex -0.01989653892815113 -0.03616727143526077 0.0024999999441206455
			vertex -0.01989653892815113 -0.03616727143526077 0
		endloop
	endfacet
	facet normal -0.3302670579643341 0.9438875306007509 0
		outer loop
			vertex -0.02005692757666111 -0.03624451160430908 0
			vertex -0.02005692757666111 -0.03624451160430908 0.0024999999441206455
			vertex -0.019972382113337517 -0.036214929074048996 0.0024999999441206455
		endloop
	endfacet
	facet normal -0.3302670579643341 0.9438875306007509 0
		outer loop
			vertex -0.02005692757666111 -0.03624451160430908 0
			vertex -0.019972382113337517 -0.036214929074048996 0.0024999999441206455
			vertex -0.019972382113337517 -0.036214929074048996 0
		endloop
	endfacet
	facet normal -0.11196059292844188 0.9937126474142873 0
		outer loop
			vertex -0.02014593593776226 -0.03625454008579254 0
			vertex -0.02014593593776226 -0.03625454008579254 0.0024999999441206455
			vertex -0.02005692757666111 -0.03624451160430908 0.0024999999441206455
		endloop
	endfacet
	facet normal -0.11196059292844188 0.9937126474142873 0
		outer loop
			vertex -0.02014593593776226 -0.03625454008579254 0
			vertex -0.02005692757666111 -0.03624451160430908 0.0024999999441206455
			vertex -0.02005692757666111 -0.03624451160430908 0
		endloop
	endfacet
	facet normal -1 0 0
		outer loop
			vertex -0.01974593475461006 -0.03585454076528549 0
			vertex -0.01974593475461006 -0.029454540461301804 0.0024999999441206455
			vertex -0.01974593475461006 -0.029454540461301804 0
		endloop
	endfacet
	facet normal -1 0 0
		outer loop
			vertex -0.01974593475461006 -0.03585454076528549 0
			vertex -0.01974593475461006 -0.03585454076528549 0.0024999999441206455
			vertex -0.01974593475461006 -0.029454540461301804 0.0024999999441206455
		endloop
	endfacet
	facet normal -0.11198112724516701 -0.993710333618858 0
		outer loop
			vertex -0.02005692757666111 -0.029064569622278214 0
			vertex -0.02014593593776226 -0.029054539278149605 0.0024999999441206455
			vertex -0.02014593593776226 -0.029054539278149605 0
		endloop
	endfacet
	facet normal -0.11198112724516701 -0.993710333618858 0
		outer loop
			vertex -0.02005692757666111 -0.029064569622278214 0
			vertex -0.02005692757666111 -0.029064569622278214 0.0024999999441206455
			vertex -0.02014593593776226 -0.029054539278149605 0.0024999999441206455
		endloop
	endfacet
	facet normal -0.3302670579643341 -0.9438875306007509 0
		outer loop
			vertex -0.019972382113337517 -0.0290941521525383 0
			vertex -0.019972382113337517 -0.0290941521525383 0.0024999999441206455
			vertex -0.02005692757666111 -0.029064569622278214 0.0024999999441206455
		endloop
	endfacet
	facet normal -0.3302670579643341 -0.9438875306007509 0
		outer loop
			vertex -0.019972382113337517 -0.0290941521525383 0
			vertex -0.02005692757666111 -0.029064569622278214 0.0024999999441206455
			vertex -0.02005692757666111 -0.029064569622278214 0
		endloop
	endfacet
	facet normal -0.5320348328841531 -0.8467224672807092 0
		outer loop
			vertex -0.01989653892815113 -0.029141807928681374 0
			vertex -0.01989653892815113 -0.029141807928681374 0.0024999999441206455
			vertex -0.019972382113337517 -0.0290941521525383 0.0024999999441206455
		endloop
	endfacet
	facet normal -0.5320348328841531 -0.8467224672807092 0
		outer loop
			vertex -0.01989653892815113 -0.029141807928681374 0
			vertex -0.019972382113337517 -0.0290941521525383 0.0024999999441206455
			vertex -0.019972382113337517 -0.0290941521525383 0
		endloop
	endfacet
	facet normal -0.7071067811865476 -0.7071067811865476 0
		outer loop
			vertex -0.01983320340514183 -0.029205143451690674 0
			vertex -0.01983320340514183 -0.029205143451690674 0.0024999999441206455
			vertex -0.01989653892815113 -0.029141807928681374 0.0024999999441206455
		endloop
	endfacet
	facet normal -0.7071067811865476 -0.7071067811865476 0
		outer loop
			vertex -0.01983320340514183 -0.029205143451690674 0
			vertex -0.01989653892815113 -0.029141807928681374 0.0024999999441206455
			vertex -0.01989653892815113 -0.029141807928681374 0
		endloop
	endfacet
	facet normal -0.8467224672807092 -0.5320348328841531 0
		outer loop
			vertex -0.019785547628998756 -0.02928098663687706 0
			vertex -0.019785547628998756 -0.02928098663687706 0.0024999999441206455
			vertex -0.01983320340514183 -0.029205143451690674 0.0024999999441206455
		endloop
	endfacet
	facet normal -0.8467224672807092 -0.5320348328841531 0
		outer loop
			vertex -0.019785547628998756 -0.02928098663687706 0
			vertex -0.01983320340514183 -0.029205143451690674 0.0024999999441206455
			vertex -0.01983320340514183 -0.029205143451690674 0
		endloop
	endfacet
	facet normal -0.9438875306007509 -0.3302670579643341 0
		outer loop
			vertex -0.01975596509873867 -0.029365532100200653 0
			vertex -0.01975596509873867 -0.029365532100200653 0.0024999999441206455
			vertex -0.019785547628998756 -0.02928098663687706 0.0024999999441206455
		endloop
	endfacet
	facet normal -0.9438875306007509 -0.3302670579643341 0
		outer loop
			vertex -0.01975596509873867 -0.029365532100200653 0
			vertex -0.019785547628998756 -0.02928098663687706 0.0024999999441206455
			vertex -0.019785547628998756 -0.02928098663687706 0
		endloop
	endfacet
	facet normal -0.993710333618858 -0.11198112724516701 0
		outer loop
			vertex -0.01974593475461006 -0.029454540461301804 0
			vertex -0.01974593475461006 -0.029454540461301804 0.0024999999441206455
			vertex -0.01975596509873867 -0.029365532100200653 0.0024999999441206455
		endloop
	endfacet
	facet normal -0.993710333618858 -0.11198112724516701 0
		outer loop
			vertex -0.01974593475461006 -0.029454540461301804 0
			vertex -0.01975596509873867 -0.029365532100200653 0.0024999999441206455
			vertex -0.01975596509873867 -0.029365532100200653 0
		endloop
	endfacet
	facet normal 0 -1 0
		outer loop
			vertex -0.02014593593776226 -0.029054539278149605 0
			vertex -0.02654593624174595 -0.029054539278149605 0.0024999999441206455
			vertex -0.02654593624174595 -0.029054539278149605 0
		endloop
	endfacet
	facet normal 0 -1 0
		outer loop
			vertex -0.02014593593776226 -0.029054539278149605 0
			vertex -0.02014593593776226 -0.029054539278149605 0.0024999999441206455
			vertex -0.02654593624174595 -0.029054539278149605 0.0024999999441206455
		endloop
	endfacet
	facet normal 0.9937126474142873 -0.11196059292844188 0
		outer loop
			vertex -0.02693590708076954 -0.029365532100200653 0
			vertex -0.026945935562253 -0.029454540461301804 0.0024999999441206455
			vertex -0.026945935562253 -0.029454540461301804 0
		endloop
	endfacet
	facet normal 0.9937126474142873 -0.11196059292844188 0
		outer loop
			vertex -0.02693590708076954 -0.029365532100200653 0
			vertex -0.02693590708076954 -0.029365532100200653 0.0024999999441206455
			vertex -0.026945935562253 -0.029454540461301804 0.0024999999441206455
		endloop
	endfacet
	facet normal 0.9438810479179683 -0.33028558457988744 0
		outer loop
			vertex -0.026906322687864304 -0.02928098663687706 0
			vertex -0.026906322687864304 -0.02928098663687706 0.0024999999441206455
			vertex -0.02693590708076954 -0.029365532100200653 0.0024999999441206455
		endloop
	endfacet
	facet normal 0.9438810479179683 -0.33028558457988744 0
		outer loop
			vertex -0.026906322687864304 -0.02928098663687706 0
			vertex -0.02693590708076954 -0.029365532100200653 0.0024999999441206455
			vertex -0.02693590708076954 -0.029365532100200653 0
		endloop
	endfacet
	facet normal 0.8467318350139711 -0.5320199240384458 0
		outer loop
			vertex -0.02685866877436638 -0.029205143451690674 0
			vertex -0.02685866877436638 -0.029205143451690674 0.0024999999441206455
			vertex -0.026906322687864304 -0.02928098663687706 0.0024999999441206455
		endloop
	endfacet
	facet normal 0.8467318350139711 -0.5320199240384458 0
		outer loop
			vertex -0.02685866877436638 -0.029205143451690674 0
			vertex -0.026906322687864304 -0.02928098663687706 0.0024999999441206455
			vertex -0.026906322687864304 -0.02928098663687706 0
		endloop
	endfacet
	facet normal 0.7070963835513058 -0.7071171786688998 0
		outer loop
			vertex -0.02679533138871193 -0.029141807928681374 0
			vertex -0.02679533138871193 -0.029141807928681374 0.0024999999441206455
			vertex -0.02685866877436638 -0.029205143451690674 0.0024999999441206455
		endloop
	endfacet
	facet normal 0.7070963835513058 -0.7071171786688998 0
		outer loop
			vertex -0.02679533138871193 -0.029141807928681374 0
			vertex -0.02685866877436638 -0.029205143451690674 0.0024999999441206455
			vertex -0.02685866877436638 -0.029205143451690674 0
		endloop
	endfacet
	facet normal 0.5320348328841531 -0.8467224672807092 0
		outer loop
			vertex -0.026719488203525543 -0.0290941521525383 0
			vertex -0.026719488203525543 -0.0290941521525383 0.0024999999441206455
			vertex -0.02679533138871193 -0.029141807928681374 0.0024999999441206455
		endloop
	endfacet
	facet normal 0.5320348328841531 -0.8467224672807092 0
		outer loop
			vertex -0.026719488203525543 -0.0290941521525383 0
			vertex -0.02679533138871193 -0.029141807928681374 0.0024999999441206455
			vertex -0.02679533138871193 -0.029141807928681374 0
		endloop
	endfacet
	facet normal 0.33027354062927133 -0.9438852622857321 0
		outer loop
			vertex -0.0266349446028471 -0.029064569622278214 0
			vertex -0.0266349446028471 -0.029064569622278214 0.0024999999441206455
			vertex -0.026719488203525543 -0.0290941521525383 0.0024999999441206455
		endloop
	endfacet
	facet normal 0.33027354062927133 -0.9438852622857321 0
		outer loop
			vertex -0.0266349446028471 -0.029064569622278214 0
			vertex -0.026719488203525543 -0.0290941521525383 0.0024999999441206455
			vertex -0.026719488203525543 -0.0290941521525383 0
		endloop
	endfacet
	facet normal 0.11198112724516701 -0.993710333618858 0
		outer loop
			vertex -0.02654593624174595 -0.029054539278149605 0
			vertex -0.02654593624174595 -0.029054539278149605 0.0024999999441206455
			vertex -0.0266349446028471 -0.029064569622278214 0.0024999999441206455
		endloop
	endfacet
	facet normal 0.11198112724516701 -0.993710333618858 0
		outer loop
			vertex -0.02654593624174595 -0.029054539278149605 0
			vertex -0.0266349446028471 -0.029064569622278214 0.0024999999441206455
			vertex -0.0266349446028471 -0.029064569622278214 0
		endloop
	endfacet
	facet normal 1 0 0
		outer loop
			vertex -0.026945935562253 -0.029454540461301804 0
			vertex -0.026945935562253 -0.03585454076528549 0.0024999999441206455
			vertex -0.026945935562253 -0.03585454076528549 0
		endloop
	endfacet
	facet normal 1 0 0
		outer loop
			vertex -0.026945935562253 -0.029454540461301804 0
			vertex -0.026945935562253 -0.029454540461301804 0.0024999999441206455
			vertex -0.026945935562253 -0.03585454076528549 0.0024999999441206455
		endloop
	endfacet
	facet normal 0.11196059292844188 0.9937126474142873 0
		outer loop
			vertex -0.0266349446028471 -0.03624451160430908 0
			vertex -0.02654593624174595 -0.03625454008579254 0.0024999999441206455
			vertex -0.02654593624174595 -0.03625454008579254 0
		endloop
	endfacet
	facet normal 0.11196059292844188 0.9937126474142873 0
		outer loop
			vertex -0.0266349446028471 -0.03624451160430908 0
			vertex -0.0266349446028471 -0.03624451160430908 0.0024999999441206455
			vertex -0.02654593624174595 -0.03625454008579254 0.0024999999441206455
		endloop
	endfacet
	facet normal 0.33027354062927133 0.9438852622857321 0
		outer loop
			vertex -0.026719488203525543 -0.036214929074048996 0
			vertex -0.026719488203525543 -0.036214929074048996 0.0024999999441206455
			vertex -0.0266349446028471 -0.03624451160430908 0.0024999999441206455
		endloop
	endfacet
	facet normal 0.33027354062927133 0.9438852622857321 0
		outer loop
			vertex -0.026719488203525543 -0.036214929074048996 0
			vertex -0.0266349446028471 -0.03624451160430908 0.0024999999441206455
			vertex -0.0266349446028471 -0.03624451160430908 0
		endloop
	endfacet
	facet normal 0.532049741235034 0.8467130994922268 0
		outer loop
			vertex -0.02679533138871193 -0.03616727143526077 0
			vertex -0.02679533138871193 -0.03616727143526077 0.0024999999441206455
			vertex -0.026719488203525543 -0.036214929074048996 0.0024999999441206455
		endloop
	endfacet
	facet normal 0.532049741235034 0.8467130994922268 0
		outer loop
			vertex -0.02679533138871193 -0.03616727143526077 0
			vertex -0.026719488203525543 -0.036214929074048996 0.0024999999441206455
			vertex -0.026719488203525543 -0.036214929074048996 0
		endloop
	endfacet
	facet normal 0.7070859854573885 0.7071275763041304 0
		outer loop
			vertex -0.02685866877436638 -0.03610393777489662 0
			vertex -0.02685866877436638 -0.03610393777489662 0.0024999999441206455
			vertex -0.02679533138871193 -0.03616727143526077 0.0024999999441206455
		endloop
	endfacet
	facet normal 0.7070859854573885 0.7071275763041304 0
		outer loop
			vertex -0.02685866877436638 -0.03610393777489662 0
			vertex -0.02679533138871193 -0.03616727143526077 0.0024999999441206455
			vertex -0.02679533138871193 -0.03616727143526077 0
		endloop
	endfacet
	facet normal 0.8467318350139711 0.5320199240384458 0
		outer loop
			vertex -0.026906322687864304 -0.036028094589710236 0
			vertex -0.026906322687864304 -0.036028094589710236 0.0024999999441206455
			vertex -0.02685866877436638 -0.03610393777489662 0.0024999999441206455
		endloop
	endfacet
	facet normal 0.8467318350139711 0.5320199240384458 0
		outer loop
			vertex -0.026906322687864304 -0.036028094589710236 0
			vertex -0.02685866877436638 -0.03610393777489662 0.0024999999441206455
			vertex -0.02685866877436638 -0.03610393777489662 0
		endloop
	endfacet
	facet normal 0.9438810479179683 0.33028558457988744 0
		outer loop
			vertex -0.02693590708076954 -0.03594354912638664 0
			vertex -0.02693590708076954 -0.03594354912638664 0.0024999999441206455
			vertex -0.026906322687864304 -0.036028094589710236 0.0024999999441206455
		endloop
	endfacet
	facet normal 0.9438810479179683 0.33028558457988744 0
		outer loop
			vertex -0.02693590708076954 -0.03594354912638664 0
			vertex -0.026906322687864304 -0.036028094589710236 0.0024999999441206455
			vertex -0.026906322687864304 -0.036028094589710236 0
		endloop
	endfacet
	facet normal 0.9937126474142873 0.11196059292844188 0
		outer loop
			vertex -0.026945935562253 -0.03585454076528549 0
			vertex -0.026945935562253 -0.03585454076528549 0.0024999999441206455
			vertex -0.02693590708076954 -0.03594354912638664 0.0024999999441206455
		endloop
	endfacet
	facet normal 0.9937126474142873 0.11196059292844188 0
		outer loop
			vertex -0.026945935562253 -0.03585454076528549 0
			vertex -0.02693590708076954 -0.03594354912638664 0.0024999999441206455
			vertex -0.02693590708076954 -0.03594354912638664 0
		endloop
	endfacet
	facet normal 0.5383010118677377 -0.8427526449808213 0
		outer loop
			vertex 0.03395714610815048 -0.07089579850435257 0
			vertex 0.03856983780860901 -0.06794948130846024 0
			vertex 0.03856983780860901 -0.06794948130846024 0.0024999999441206455
		endloop
	endfacet
	facet normal 0.5383010118677377 -0.8427526449808213 0
		outer loop
			vertex 0.03395714610815048 -0.07089579850435257 0
			vertex 0.03856983780860901 -0.06794948130846024 0.0024999999441206455
			vertex 0.03395714610815048 -0.07089579850435257 0.0024999999441206455
		endloop
	endfacet
	facet normal 0.46816943982799414 -0.8836387132822682 0
		outer loop
			vertex 0.029120666906237602 -0.07345826178789139 0
			vertex 0.03395714610815048 -0.07089579850435257 0.0024999999441206455
			vertex 0.029120666906237602 -0.07345826178789139 0.0024999999441206455
		endloop
	endfacet
	facet normal 0.46816943982799414 -0.8836387132822682 0
		outer loop
			vertex 0.029120666906237602 -0.07345826178789139 0
			vertex 0.03395714610815048 -0.07089579850435257 0
			vertex 0.03395714610815048 -0.07089579850435257 0.0024999999441206455
		endloop
	endfacet
	facet normal 0.39494999956366805 -0.9187026166527765 0
		outer loop
			vertex 0.02409227564930916 -0.07561996579170227 0
			vertex 0.029120666906237602 -0.07345826178789139 0.0024999999441206455
			vertex 0.02409227564930916 -0.07561996579170227 0.0024999999441206455
		endloop
	endfacet
	facet normal 0.39494999956366805 -0.9187026166527765 0
		outer loop
			vertex 0.02409227564930916 -0.07561996579170227 0
			vertex 0.029120666906237602 -0.07345826178789139 0
			vertex 0.029120666906237602 -0.07345826178789139 0.0024999999441206455
		endloop
	endfacet
	facet normal 0.3191311418456227 -0.9477105646263048 0
		outer loop
			vertex 0.01890510879456997 -0.07736668735742569 0
			vertex 0.02409227564930916 -0.07561996579170227 0.0024999999441206455
			vertex 0.01890510879456997 -0.07736668735742569 0.0024999999441206455
		endloop
	endfacet
	facet normal 0.3191311418456227 -0.9477105646263048 0
		outer loop
			vertex 0.01890510879456997 -0.07736668735742569 0
			vertex 0.02409227564930916 -0.07561996579170227 0
			vertex 0.02409227564930916 -0.07561996579170227 0.0024999999441206455
		endloop
	endfacet
	facet normal 0.2412055821707299 -0.9704740424811369 0
		outer loop
			vertex 0.013593352399766445 -0.07868689298629761 0
			vertex 0.01890510879456997 -0.07736668735742569 0.0024999999441206455
			vertex 0.013593352399766445 -0.07868689298629761 0.0024999999441206455
		endloop
	endfacet
	facet normal 0.2412055821707299 -0.9704740424811369 0
		outer loop
			vertex 0.013593352399766445 -0.07868689298629761 0
			vertex 0.01890510879456997 -0.07736668735742569 0
			vertex 0.01890510879456997 -0.07736668735742569 0.0024999999441206455
		endloop
	endfacet
	facet normal 0.16169389219564667 -0.9868409624790727 0
		outer loop
			vertex 0.008192011155188084 -0.07957190275192261 0
			vertex 0.013593352399766445 -0.07868689298629761 0.0024999999441206455
			vertex 0.008192011155188084 -0.07957190275192261 0.0024999999441206455
		endloop
	endfacet
	facet normal 0.16169389219564667 -0.9868409624790727 0
		outer loop
			vertex 0.008192011155188084 -0.07957190275192261 0
			vertex 0.013593352399766445 -0.07868689298629761 0
			vertex 0.013593352399766445 -0.07868689298629761 0.0024999999441206455
		endloop
	endfacet
	facet normal 0.08111376195273019 -0.9967048498035295 0
		outer loop
			vertex 0.0027366820722818375 -0.0800158679485321 0
			vertex 0.008192011155188084 -0.07957190275192261 0.0024999999441206455
			vertex 0.0027366820722818375 -0.0800158679485321 0.0024999999441206455
		endloop
	endfacet
	facet normal 0.08111376195273019 -0.9967048498035295 0
		outer loop
			vertex 0.0027366820722818375 -0.0800158679485321 0
			vertex 0.008192011155188084 -0.07957190275192261 0
			vertex 0.008192011155188084 -0.07957190275192261 0.0024999999441206455
		endloop
	endfacet
	facet normal 0 -1 0
		outer loop
			vertex -0.0027366820722818375 -0.0800158679485321 0
			vertex 0.0027366820722818375 -0.0800158679485321 0.0024999999441206455
			vertex -0.0027366820722818375 -0.0800158679485321 0.0024999999441206455
		endloop
	endfacet
	facet normal 0 -1 0
		outer loop
			vertex -0.0027366820722818375 -0.0800158679485321 0
			vertex 0.0027366820722818375 -0.0800158679485321 0
			vertex 0.0027366820722818375 -0.0800158679485321 0.0024999999441206455
		endloop
	endfacet
	facet normal -0.08111376195273019 -0.9967048498035295 0
		outer loop
			vertex -0.008192011155188084 -0.07957190275192261 0
			vertex -0.0027366820722818375 -0.0800158679485321 0.0024999999441206455
			vertex -0.008192011155188084 -0.07957190275192261 0.0024999999441206455
		endloop
	endfacet
	facet normal -0.08111376195273019 -0.9967048498035295 0
		outer loop
			vertex -0.008192011155188084 -0.07957190275192261 0
			vertex -0.0027366820722818375 -0.0800158679485321 0
			vertex -0.0027366820722818375 -0.0800158679485321 0.0024999999441206455
		endloop
	endfacet
	facet normal -0.16169389219564667 -0.9868409624790727 0
		outer loop
			vertex -0.013593352399766445 -0.07868689298629761 0
			vertex -0.008192011155188084 -0.07957190275192261 0.0024999999441206455
			vertex -0.013593352399766445 -0.07868689298629761 0.0024999999441206455
		endloop
	endfacet
	facet normal -0.16169389219564667 -0.9868409624790727 0
		outer loop
			vertex -0.013593352399766445 -0.07868689298629761 0
			vertex -0.008192011155188084 -0.07957190275192261 0
			vertex -0.008192011155188084 -0.07957190275192261 0.0024999999441206455
		endloop
	endfacet
	facet normal -0.2412055821707299 -0.9704740424811369 0
		outer loop
			vertex -0.01890510879456997 -0.07736668735742569 0
			vertex -0.013593352399766445 -0.07868689298629761 0.0024999999441206455
			vertex -0.01890510879456997 -0.07736668735742569 0.0024999999441206455
		endloop
	endfacet
	facet normal -0.2412055821707299 -0.9704740424811369 0
		outer loop
			vertex -0.01890510879456997 -0.07736668735742569 0
			vertex -0.013593352399766445 -0.07868689298629761 0
			vertex -0.013593352399766445 -0.07868689298629761 0.0024999999441206455
		endloop
	endfacet
	facet normal -0.3191311418456227 -0.9477105646263048 0
		outer loop
			vertex -0.02409227564930916 -0.07561996579170227 0
			vertex -0.01890510879456997 -0.07736668735742569 0.0024999999441206455
			vertex -0.02409227564930916 -0.07561996579170227 0.0024999999441206455
		endloop
	endfacet
	facet normal -0.3191311418456227 -0.9477105646263048 0
		outer loop
			vertex -0.02409227564930916 -0.07561996579170227 0
			vertex -0.01890510879456997 -0.07736668735742569 0
			vertex -0.01890510879456997 -0.07736668735742569 0.0024999999441206455
		endloop
	endfacet
	facet normal -0.39494999956366805 -0.9187026166527765 0
		outer loop
			vertex -0.029120666906237602 -0.07345826178789139 0
			vertex -0.02409227564930916 -0.07561996579170227 0.0024999999441206455
			vertex -0.029120666906237602 -0.07345826178789139 0.0024999999441206455
		endloop
	endfacet
	facet normal -0.39494999956366805 -0.9187026166527765 0
		outer loop
			vertex -0.029120666906237602 -0.07345826178789139 0
			vertex -0.02409227564930916 -0.07561996579170227 0
			vertex -0.02409227564930916 -0.07561996579170227 0.0024999999441206455
		endloop
	endfacet
	facet normal -0.46816943982799414 -0.8836387132822682 0
		outer loop
			vertex -0.03395714610815048 -0.07089579850435257 0
			vertex -0.029120666906237602 -0.07345826178789139 0.0024999999441206455
			vertex -0.03395714610815048 -0.07089579850435257 0.0024999999441206455
		endloop
	endfacet
	facet normal -0.46816943982799414 -0.8836387132822682 0
		outer loop
			vertex -0.03395714610815048 -0.07089579850435257 0
			vertex -0.029120666906237602 -0.07345826178789139 0
			vertex -0.029120666906237602 -0.07345826178789139 0.0024999999441206455
		endloop
	endfacet
	facet normal -0.5383010118677377 -0.8427526449808213 0
		outer loop
			vertex -0.03856983780860901 -0.06794948130846024 0
			vertex -0.03395714610815048 -0.07089579850435257 0.0024999999441206455
			vertex -0.03856983780860901 -0.06794948130846024 0.0024999999441206455
		endloop
	endfacet
	facet normal -0.5383010118677377 -0.8427526449808213 0
		outer loop
			vertex -0.03856983780860901 -0.06794948130846024 0
			vertex -0.03395714610815048 -0.07089579850435257 0
			vertex -0.03395714610815048 -0.07089579850435257 0.0024999999441206455
		endloop
	endfacet
	facet normal 0.6667628784298566 0.7452699269042945 0
		outer loop
			vertex -0.0418793261051178 -0.07164867222309113 0
			vertex -0.041430164128541946 -0.07205051928758621 0.0024999999441206455
			vertex -0.041430164128541946 -0.07205051928758621 0
		endloop
	endfacet
	facet normal 0.6667628784298566 0.7452699269042945 0
		outer loop
			vertex -0.0418793261051178 -0.07164867222309113 0
			vertex -0.0418793261051178 -0.07164867222309113 0.0024999999441206455
			vertex -0.041430164128541946 -0.07205051928758621 0.0024999999441206455
		endloop
	endfacet
	facet normal 0.8257371532687566 0.5640550981168506 0
		outer loop
			vertex -0.04221927002072334 -0.0711510181427002 0
			vertex -0.04221927002072334 -0.0711510181427002 0.0024999999441206455
			vertex -0.0418793261051178 -0.07164867222309113 0.0024999999441206455
		endloop
	endfacet
	facet normal 0.8257371532687566 0.5640550981168506 0
		outer loop
			vertex -0.04221927002072334 -0.0711510181427002 0
			vertex -0.0418793261051178 -0.07164867222309113 0.0024999999441206455
			vertex -0.0418793261051178 -0.07164867222309113 0
		endloop
	endfacet
	facet normal 0.9367304245550769 0.35005158435988487 0
		outer loop
			vertex -0.04243024066090584 -0.07058646529912949 0
			vertex -0.04243024066090584 -0.07058646529912949 0.0024999999441206455
			vertex -0.04221927002072334 -0.0711510181427002 0.0024999999441206455
		endloop
	endfacet
	facet normal 0.9367304245550769 0.35005158435988487 0
		outer loop
			vertex -0.04243024066090584 -0.07058646529912949 0
			vertex -0.04221927002072334 -0.0711510181427002 0.0024999999441206455
			vertex -0.04221927002072334 -0.0711510181427002 0
		endloop
	endfacet
	facet normal 0.9932843710082863 0.11569856658867117 0
		outer loop
			vertex -0.04249997064471245 -0.06998782604932785 0
			vertex -0.04249997064471245 -0.06998782604932785 0.0024999999441206455
			vertex -0.04243024066090584 -0.07058646529912949 0.0024999999441206455
		endloop
	endfacet
	facet normal 0.9932843710082863 0.11569856658867117 0
		outer loop
			vertex -0.04249997064471245 -0.06998782604932785 0
			vertex -0.04243024066090584 -0.07058646529912949 0.0024999999441206455
			vertex -0.04243024066090584 -0.07058646529912949 0
		endloop
	endfacet
	facet normal 0.9921103739155125 -0.12536748369981074 0
		outer loop
			vertex -0.042424414306879044 -0.06938990205526352 0
			vertex -0.042424414306879044 -0.06938990205526352 0.0024999999441206455
			vertex -0.04249997064471245 -0.06998782604932785 0.0024999999441206455
		endloop
	endfacet
	facet normal 0.9921103739155125 -0.12536748369981074 0
		outer loop
			vertex -0.042424414306879044 -0.06938990205526352 0
			vertex -0.04249997064471245 -0.06998782604932785 0.0024999999441206455
			vertex -0.04249997064471245 -0.06998782604932785 0
		endloop
	endfacet
	facet normal 0.9332778838222885 -0.3591551079522483 0
		outer loop
			vertex -0.042207956314086914 -0.06882742792367935 0
			vertex -0.042207956314086914 -0.06882742792367935 0.0024999999441206455
			vertex -0.042424414306879044 -0.06938990205526352 0.0024999999441206455
		endloop
	endfacet
	facet normal 0.9332778838222885 -0.3591551079522483 0
		outer loop
			vertex -0.042207956314086914 -0.06882742792367935 0
			vertex -0.042424414306879044 -0.06938990205526352 0.0024999999441206455
			vertex -0.042424414306879044 -0.06938990205526352 0
		endloop
	endfacet
	facet normal 0.8202058695682154 -0.5720684675157757 0
		outer loop
			vertex -0.041863180696964264 -0.06833310425281525 0
			vertex -0.041863180696964264 -0.06833310425281525 0.0024999999441206455
			vertex -0.042207956314086914 -0.06882742792367935 0.0024999999441206455
		endloop
	endfacet
	facet normal 0.8202058695682154 -0.5720684675157757 0
		outer loop
			vertex -0.041863180696964264 -0.06833310425281525 0
			vertex -0.042207956314086914 -0.06882742792367935 0.0024999999441206455
			vertex -0.042207956314086914 -0.06882742792367935 0
		endloop
	endfacet
	facet normal 0.6594702987337849 -0.7517306200281938 0
		outer loop
			vertex -0.04141012579202652 -0.06793565303087234 0
			vertex -0.04141012579202652 -0.06793565303087234 0.0024999999441206455
			vertex -0.041863180696964264 -0.06833310425281525 0.0024999999441206455
		endloop
	endfacet
	facet normal 0.6594702987337849 -0.7517306200281938 0
		outer loop
			vertex -0.04141012579202652 -0.06793565303087234 0
			vertex -0.041863180696964264 -0.06833310425281525 0.0024999999441206455
			vertex -0.041863180696964264 -0.06833310425281525 0
		endloop
	endfacet
	facet normal 0.460409538494539 -0.8877066277004164 0
		outer loop
			vertex -0.04087511822581291 -0.06765817105770111 0
			vertex -0.04087511822581291 -0.06765817105770111 0.0024999999441206455
			vertex -0.04141012579202652 -0.06793565303087234 0.0024999999441206455
		endloop
	endfacet
	facet normal 0.460409538494539 -0.8877066277004164 0
		outer loop
			vertex -0.04087511822581291 -0.06765817105770111 0
			vertex -0.04141012579202652 -0.06793565303087234 0.0024999999441206455
			vertex -0.04141012579202652 -0.06793565303087234 0
		endloop
	endfacet
	facet normal 0.23458796499019416 -0.9720948959241374 0
		outer loop
			vertex -0.0402892529964447 -0.06751678884029388 0
			vertex -0.0402892529964447 -0.06751678884029388 0.0024999999441206455
			vertex -0.04087511822581291 -0.06765817105770111 0.0024999999441206455
		endloop
	endfacet
	facet normal 0.23458796499019416 -0.9720948959241374 0
		outer loop
			vertex -0.0402892529964447 -0.06751678884029388 0
			vertex -0.04087511822581291 -0.06765817105770111 0.0024999999441206455
			vertex -0.04087511822581291 -0.06765817105770111 0
		endloop
	endfacet
	facet normal -0.004870754435594904 -0.9999881378052582 0
		outer loop
			vertex -0.039686575531959534 -0.06751972436904907 0
			vertex -0.039686575531959534 -0.06751972436904907 0.0024999999441206455
			vertex -0.0402892529964447 -0.06751678884029388 0.0024999999441206455
		endloop
	endfacet
	facet normal -0.004870754435594904 -0.9999881378052582 0
		outer loop
			vertex -0.039686575531959534 -0.06751972436904907 0
			vertex -0.0402892529964447 -0.06751678884029388 0.0024999999441206455
			vertex -0.0402892529964447 -0.06751678884029388 0
		endloop
	endfacet
	facet normal -0.24404499148946082 -0.9697639105106506 0
		outer loop
			vertex -0.039102114737033844 -0.06766680628061295 0
			vertex -0.039102114737033844 -0.06766680628061295 0.0024999999441206455
			vertex -0.039686575531959534 -0.06751972436904907 0.0024999999441206455
		endloop
	endfacet
	facet normal -0.24404499148946082 -0.9697639105106506 0
		outer loop
			vertex -0.039102114737033844 -0.06766680628061295 0
			vertex -0.039686575531959534 -0.06751972436904907 0.0024999999441206455
			vertex -0.039686575531959534 -0.06751972436904907 0
		endloop
	endfacet
	facet normal -0.4690295822877327 -0.8831824561997341 0
		outer loop
			vertex -0.03856983780860901 -0.06794948130846024 0
			vertex -0.03856983780860901 -0.06794948130846024 0.0024999999441206455
			vertex -0.039102114737033844 -0.06766680628061295 0.0024999999441206455
		endloop
	endfacet
	facet normal -0.4690295822877327 -0.8831824561997341 0
		outer loop
			vertex -0.03856983780860901 -0.06794948130846024 0
			vertex -0.039102114737033844 -0.06766680628061295 0.0024999999441206455
			vertex -0.039102114737033844 -0.06766680628061295 0
		endloop
	endfacet
	facet normal -0.540437964760057 0.8413838637898919 0
		outer loop
			vertex 0.036792460829019547 -0.0750294104218483 0
			vertex 0.041430164128541946 -0.07205051928758621 0.0024999999441206455
			vertex 0.041430164128541946 -0.07205051928758621 0
		endloop
	endfacet
	facet normal -0.540437964760057 0.8413838637898919 0
		outer loop
			vertex 0.036792460829019547 -0.0750294104218483 0
			vertex 0.036792460829019547 -0.0750294104218483 0.0024999999441206455
			vertex 0.041430164128541946 -0.07205051928758621 0.0024999999441206455
		endloop
	endfacet
	facet normal -0.47488260268510607 0.8800491541198253 0
		outer loop
			vertex 0.03194162994623184 -0.07764696329832077 0
			vertex 0.03194162994623184 -0.07764696329832077 0.0024999999441206455
			vertex 0.036792460829019547 -0.0750294104218483 0.0024999999441206455
		endloop
	endfacet
	facet normal -0.47488260268510607 0.8800491541198253 0
		outer loop
			vertex 0.03194162994623184 -0.07764696329832077 0
			vertex 0.036792460829019547 -0.0750294104218483 0.0024999999441206455
			vertex 0.036792460829019547 -0.0750294104218483 0
		endloop
	endfacet
	facet normal -0.40657586944101465 0.9136170217264361 0
		outer loop
			vertex 0.02690577507019043 -0.0798880085349083 0
			vertex 0.02690577507019043 -0.0798880085349083 0.0024999999441206455
			vertex 0.03194162994623184 -0.07764696329832077 0.0024999999441206455
		endloop
	endfacet
	facet normal -0.40657586944101465 0.9136170217264361 0
		outer loop
			vertex 0.02690577507019043 -0.0798880085349083 0
			vertex 0.03194162994623184 -0.07764696329832077 0.0024999999441206455
			vertex 0.03194162994623184 -0.07764696329832077 0
		endloop
	endfacet
	facet normal -0.33591305980096725 0.9418929961811755 0
		outer loop
			vertex 0.021714065223932266 -0.08173955976963043 0
			vertex 0.021714065223932266 -0.08173955976963043 0.0024999999441206455
			vertex 0.02690577507019043 -0.0798880085349083 0.0024999999441206455
		endloop
	endfacet
	facet normal -0.33591305980096725 0.9418929961811755 0
		outer loop
			vertex 0.021714065223932266 -0.08173955976963043 0
			vertex 0.02690577507019043 -0.0798880085349083 0.0024999999441206455
			vertex 0.02690577507019043 -0.0798880085349083 0
		endloop
	endfacet
	facet normal -0.26330494698464774 0.964712654054777 0
		outer loop
			vertex 0.016396572813391685 -0.08319089561700821 0
			vertex 0.016396572813391685 -0.08319089561700821 0.0024999999441206455
			vertex 0.021714065223932266 -0.08173955976963043 0.0024999999441206455
		endloop
	endfacet
	facet normal -0.26330494698464774 0.964712654054777 0
		outer loop
			vertex 0.016396572813391685 -0.08319089561700821 0
			vertex 0.021714065223932266 -0.08173955976963043 0.0024999999441206455
			vertex 0.021714065223932266 -0.08173955976963043 0
		endloop
	endfacet
	facet normal -0.1891721796069925 0.9819439324435688 0
		outer loop
			vertex 0.010984102264046669 -0.0842336118221283 0
			vertex 0.010984102264046669 -0.0842336118221283 0.0024999999441206455
			vertex 0.016396572813391685 -0.08319089561700821 0.0024999999441206455
		endloop
	endfacet
	facet normal -0.1891721796069925 0.9819439324435688 0
		outer loop
			vertex 0.010984102264046669 -0.0842336118221283 0
			vertex 0.016396572813391685 -0.08319089561700821 0.0024999999441206455
			vertex 0.016396572813391685 -0.08319089561700821 0
		endloop
	endfacet
	facet normal -0.11394446292018413 0.9934871208877502 0
		outer loop
			vertex 0.005508003756403923 -0.08486167341470718 0
			vertex 0.005508003756403923 -0.08486167341470718 0.0024999999441206455
			vertex 0.010984102264046669 -0.0842336118221283 0.0024999999441206455
		endloop
	endfacet
	facet normal -0.11394446292018413 0.9934871208877502 0
		outer loop
			vertex 0.005508003756403923 -0.08486167341470718 0
			vertex 0.010984102264046669 -0.0842336118221283 0.0024999999441206455
			vertex 0.010984102264046669 -0.0842336118221283 0
		endloop
	endfacet
	facet normal -0.03805448783208821 0.9992756656477918 -1.6899587306689134e-15
		outer loop
			vertex -3.164135580477027e-17 -0.08507142961025238 0
			vertex -1.4266365495856347e-16 -0.08507142961025238 0.0024999999441206455
			vertex 0.005508003756403923 -0.08486167341470718 0.0024999999441206455
		endloop
	endfacet
	facet normal -0.03805448783208898 0.9992756656477919 0
		outer loop
			vertex -3.164135580477027e-17 -0.08507142961025238 0
			vertex 0.005508003756403923 -0.08486167341470718 0.0024999999441206455
			vertex 0.005508003756403923 -0.08486167341470718 0
		endloop
	endfacet
	facet normal 0.03805448783209018 0.9992756656477919 0
		outer loop
			vertex -0.005508003756403923 -0.08486167341470718 0
			vertex -0.005508003756403923 -0.08486167341470718 0.0024999999441206455
			vertex -1.4266365495856347e-16 -0.08507142961025238 0.0024999999441206455
		endloop
	endfacet
	facet normal 0.03805448783208941 0.9992756656477918 1.6899587306689667e-15
		outer loop
			vertex -0.005508003756403923 -0.08486167341470718 0
			vertex -1.4266365495856347e-16 -0.08507142961025238 0.0024999999441206455
			vertex -3.164135580477027e-17 -0.08507142961025238 0
		endloop
	endfacet
	facet normal 0.11394446292018413 0.9934871208877502 0
		outer loop
			vertex -0.010984102264046669 -0.0842336118221283 0
			vertex -0.010984102264046669 -0.0842336118221283 0.0024999999441206455
			vertex -0.005508003756403923 -0.08486167341470718 0.0024999999441206455
		endloop
	endfacet
	facet normal 0.11394446292018413 0.9934871208877502 0
		outer loop
			vertex -0.010984102264046669 -0.0842336118221283 0
			vertex -0.005508003756403923 -0.08486167341470718 0.0024999999441206455
			vertex -0.005508003756403923 -0.08486167341470718 0
		endloop
	endfacet
	facet normal 0.1891721796069925 0.9819439324435688 0
		outer loop
			vertex -0.016396572813391685 -0.08319089561700821 0
			vertex -0.016396572813391685 -0.08319089561700821 0.0024999999441206455
			vertex -0.010984102264046669 -0.0842336118221283 0.0024999999441206455
		endloop
	endfacet
	facet normal 0.1891721796069925 0.9819439324435688 0
		outer loop
			vertex -0.016396572813391685 -0.08319089561700821 0
			vertex -0.010984102264046669 -0.0842336118221283 0.0024999999441206455
			vertex -0.010984102264046669 -0.0842336118221283 0
		endloop
	endfacet
	facet normal 0.26330494698464774 0.964712654054777 0
		outer loop
			vertex -0.021714065223932266 -0.08173955976963043 0
			vertex -0.021714065223932266 -0.08173955976963043 0.0024999999441206455
			vertex -0.016396572813391685 -0.08319089561700821 0.0024999999441206455
		endloop
	endfacet
	facet normal 0.26330494698464774 0.964712654054777 0
		outer loop
			vertex -0.021714065223932266 -0.08173955976963043 0
			vertex -0.016396572813391685 -0.08319089561700821 0.0024999999441206455
			vertex -0.016396572813391685 -0.08319089561700821 0
		endloop
	endfacet
	facet normal 0.33591305980096725 0.9418929961811755 0
		outer loop
			vertex -0.02690577507019043 -0.0798880085349083 0
			vertex -0.02690577507019043 -0.0798880085349083 0.0024999999441206455
			vertex -0.021714065223932266 -0.08173955976963043 0.0024999999441206455
		endloop
	endfacet
	facet normal 0.33591305980096725 0.9418929961811755 0
		outer loop
			vertex -0.02690577507019043 -0.0798880085349083 0
			vertex -0.021714065223932266 -0.08173955976963043 0.0024999999441206455
			vertex -0.021714065223932266 -0.08173955976963043 0
		endloop
	endfacet
	facet normal 0.40657586944101465 0.9136170217264361 0
		outer loop
			vertex -0.03194162994623184 -0.07764696329832077 0
			vertex -0.03194162994623184 -0.07764696329832077 0.0024999999441206455
			vertex -0.02690577507019043 -0.0798880085349083 0.0024999999441206455
		endloop
	endfacet
	facet normal 0.40657586944101465 0.9136170217264361 0
		outer loop
			vertex -0.03194162994623184 -0.07764696329832077 0
			vertex -0.02690577507019043 -0.0798880085349083 0.0024999999441206455
			vertex -0.02690577507019043 -0.0798880085349083 0
		endloop
	endfacet
	facet normal 0.47488260268510607 0.8800491541198253 0
		outer loop
			vertex -0.036792460829019547 -0.0750294104218483 0
			vertex -0.036792460829019547 -0.0750294104218483 0.0024999999441206455
			vertex -0.03194162994623184 -0.07764696329832077 0.0024999999441206455
		endloop
	endfacet
	facet normal 0.47488260268510607 0.8800491541198253 0
		outer loop
			vertex -0.036792460829019547 -0.0750294104218483 0
			vertex -0.03194162994623184 -0.07764696329832077 0.0024999999441206455
			vertex -0.03194162994623184 -0.07764696329832077 0
		endloop
	endfacet
	facet normal 0.540437964760057 0.8413838637898919 0
		outer loop
			vertex -0.041430164128541946 -0.07205051928758621 0
			vertex -0.036792460829019547 -0.0750294104218483 0.0024999999441206455
			vertex -0.036792460829019547 -0.0750294104218483 0
		endloop
	endfacet
	facet normal 0.540437964760057 0.8413838637898919 0
		outer loop
			vertex -0.041430164128541946 -0.07205051928758621 0
			vertex -0.041430164128541946 -0.07205051928758621 0.0024999999441206455
			vertex -0.036792460829019547 -0.0750294104218483 0.0024999999441206455
		endloop
	endfacet
	facet normal 0.4690295822877327 -0.8831824561997341 0
		outer loop
			vertex 0.039102114737033844 -0.06766680628061295 0
			vertex 0.03856983780860901 -0.06794948130846024 0.0024999999441206455
			vertex 0.03856983780860901 -0.06794948130846024 0
		endloop
	endfacet
	facet normal 0.4690295822877327 -0.8831824561997341 0
		outer loop
			vertex 0.039102114737033844 -0.06766680628061295 0
			vertex 0.039102114737033844 -0.06766680628061295 0.0024999999441206455
			vertex 0.03856983780860901 -0.06794948130846024 0.0024999999441206455
		endloop
	endfacet
	facet normal 0.24404499148946082 -0.9697639105106506 0
		outer loop
			vertex 0.039686575531959534 -0.06751972436904907 0
			vertex 0.039686575531959534 -0.06751972436904907 0.0024999999441206455
			vertex 0.039102114737033844 -0.06766680628061295 0.0024999999441206455
		endloop
	endfacet
	facet normal 0.24404499148946082 -0.9697639105106506 0
		outer loop
			vertex 0.039686575531959534 -0.06751972436904907 0
			vertex 0.039102114737033844 -0.06766680628061295 0.0024999999441206455
			vertex 0.039102114737033844 -0.06766680628061295 0
		endloop
	endfacet
	facet normal 0.004870754435594904 -0.9999881378052582 0
		outer loop
			vertex 0.0402892529964447 -0.06751678884029388 0
			vertex 0.0402892529964447 -0.06751678884029388 0.0024999999441206455
			vertex 0.039686575531959534 -0.06751972436904907 0.0024999999441206455
		endloop
	endfacet
	facet normal 0.004870754435594904 -0.9999881378052582 0
		outer loop
			vertex 0.0402892529964447 -0.06751678884029388 0
			vertex 0.039686575531959534 -0.06751972436904907 0.0024999999441206455
			vertex 0.039686575531959534 -0.06751972436904907 0
		endloop
	endfacet
	facet normal -0.23458796499019416 -0.9720948959241374 0
		outer loop
			vertex 0.04087511822581291 -0.06765817105770111 0
			vertex 0.04087511822581291 -0.06765817105770111 0.0024999999441206455
			vertex 0.0402892529964447 -0.06751678884029388 0.0024999999441206455
		endloop
	endfacet
	facet normal -0.23458796499019416 -0.9720948959241374 0
		outer loop
			vertex 0.04087511822581291 -0.06765817105770111 0
			vertex 0.0402892529964447 -0.06751678884029388 0.0024999999441206455
			vertex 0.0402892529964447 -0.06751678884029388 0
		endloop
	endfacet
	facet normal -0.460409538494539 -0.8877066277004164 0
		outer loop
			vertex 0.04141012579202652 -0.06793565303087234 0
			vertex 0.04141012579202652 -0.06793565303087234 0.0024999999441206455
			vertex 0.04087511822581291 -0.06765817105770111 0.0024999999441206455
		endloop
	endfacet
	facet normal -0.460409538494539 -0.8877066277004164 0
		outer loop
			vertex 0.04141012579202652 -0.06793565303087234 0
			vertex 0.04087511822581291 -0.06765817105770111 0.0024999999441206455
			vertex 0.04087511822581291 -0.06765817105770111 0
		endloop
	endfacet
	facet normal -0.6594702987337849 -0.7517306200281938 0
		outer loop
			vertex 0.041863180696964264 -0.06833310425281525 0
			vertex 0.041863180696964264 -0.06833310425281525 0.0024999999441206455
			vertex 0.04141012579202652 -0.06793565303087234 0.0024999999441206455
		endloop
	endfacet
	facet normal -0.6594702987337849 -0.7517306200281938 0
		outer loop
			vertex 0.041863180696964264 -0.06833310425281525 0
			vertex 0.04141012579202652 -0.06793565303087234 0.0024999999441206455
			vertex 0.04141012579202652 -0.06793565303087234 0
		endloop
	endfacet
	facet normal -0.8202058695682154 -0.5720684675157757 0
		outer loop
			vertex 0.042207956314086914 -0.06882742792367935 0
			vertex 0.042207956314086914 -0.06882742792367935 0.0024999999441206455
			vertex 0.041863180696964264 -0.06833310425281525 0.0024999999441206455
		endloop
	endfacet
	facet normal -0.8202058695682154 -0.5720684675157757 0
		outer loop
			vertex 0.042207956314086914 -0.06882742792367935 0
			vertex 0.041863180696964264 -0.06833310425281525 0.0024999999441206455
			vertex 0.041863180696964264 -0.06833310425281525 0
		endloop
	endfacet
	facet normal -0.9332778838222885 -0.3591551079522483 0
		outer loop
			vertex 0.042424414306879044 -0.06938990205526352 0
			vertex 0.042424414306879044 -0.06938990205526352 0.0024999999441206455
			vertex 0.042207956314086914 -0.06882742792367935 0.0024999999441206455
		endloop
	endfacet
	facet normal -0.9332778838222885 -0.3591551079522483 0
		outer loop
			vertex 0.042424414306879044 -0.06938990205526352 0
			vertex 0.042207956314086914 -0.06882742792367935 0.0024999999441206455
			vertex 0.042207956314086914 -0.06882742792367935 0
		endloop
	endfacet
	facet normal -0.9921103739155125 -0.12536748369981074 0
		outer loop
			vertex 0.04249997064471245 -0.06998782604932785 0
			vertex 0.04249997064471245 -0.06998782604932785 0.0024999999441206455
			vertex 0.042424414306879044 -0.06938990205526352 0.0024999999441206455
		endloop
	endfacet
	facet normal -0.9921103739155125 -0.12536748369981074 0
		outer loop
			vertex 0.04249997064471245 -0.06998782604932785 0
			vertex 0.042424414306879044 -0.06938990205526352 0.0024999999441206455
			vertex 0.042424414306879044 -0.06938990205526352 0
		endloop
	endfacet
	facet normal -0.9932843710082863 0.11569856658867117 0
		outer loop
			vertex 0.04243024066090584 -0.07058646529912949 0
			vertex 0.04243024066090584 -0.07058646529912949 0.0024999999441206455
			vertex 0.04249997064471245 -0.06998782604932785 0.0024999999441206455
		endloop
	endfacet
	facet normal -0.9932843710082863 0.11569856658867117 0
		outer loop
			vertex 0.04243024066090584 -0.07058646529912949 0
			vertex 0.04249997064471245 -0.06998782604932785 0.0024999999441206455
			vertex 0.04249997064471245 -0.06998782604932785 0
		endloop
	endfacet
	facet normal -0.9367304245550769 0.35005158435988487 0
		outer loop
			vertex 0.04221927002072334 -0.0711510181427002 0
			vertex 0.04221927002072334 -0.0711510181427002 0.0024999999441206455
			vertex 0.04243024066090584 -0.07058646529912949 0.0024999999441206455
		endloop
	endfacet
	facet normal -0.9367304245550769 0.35005158435988487 0
		outer loop
			vertex 0.04221927002072334 -0.0711510181427002 0
			vertex 0.04243024066090584 -0.07058646529912949 0.0024999999441206455
			vertex 0.04243024066090584 -0.07058646529912949 0
		endloop
	endfacet
	facet normal -0.8257371532687566 0.5640550981168506 0
		outer loop
			vertex 0.0418793261051178 -0.07164867222309113 0
			vertex 0.0418793261051178 -0.07164867222309113 0.0024999999441206455
			vertex 0.04221927002072334 -0.0711510181427002 0.0024999999441206455
		endloop
	endfacet
	facet normal -0.8257371532687566 0.5640550981168506 0
		outer loop
			vertex 0.0418793261051178 -0.07164867222309113 0
			vertex 0.04221927002072334 -0.0711510181427002 0.0024999999441206455
			vertex 0.04221927002072334 -0.0711510181427002 0
		endloop
	endfacet
	facet normal -0.6667628784298566 0.7452699269042945 0
		outer loop
			vertex 0.041430164128541946 -0.07205051928758621 0
			vertex 0.041430164128541946 -0.07205051928758621 0.0024999999441206455
			vertex 0.0418793261051178 -0.07164867222309113 0.0024999999441206455
		endloop
	endfacet
	facet normal -0.6667628784298566 0.7452699269042945 0
		outer loop
			vertex 0.041430164128541946 -0.07205051928758621 0
			vertex 0.0418793261051178 -0.07164867222309113 0.0024999999441206455
			vertex 0.0418793261051178 -0.07164867222309113 0
		endloop
	endfacet
	facet normal -0.5383010118677377 0.8427526449808213 0
		outer loop
			vertex -0.03395714610815048 0.07089579850435257 0
			vertex -0.03856983780860901 0.06794948130846024 0
			vertex -0.03856983780860901 0.06794948130846024 0.0024999999441206455
		endloop
	endfacet
	facet normal -0.5383010118677377 0.8427526449808213 0
		outer loop
			vertex -0.03395714610815048 0.07089579850435257 0
			vertex -0.03856983780860901 0.06794948130846024 0.0024999999441206455
			vertex -0.03395714610815048 0.07089579850435257 0.0024999999441206455
		endloop
	endfacet
	facet normal -0.46816943982799414 0.8836387132822682 0
		outer loop
			vertex -0.029120666906237602 0.07345826178789139 0
			vertex -0.03395714610815048 0.07089579850435257 0.0024999999441206455
			vertex -0.029120666906237602 0.07345826178789139 0.0024999999441206455
		endloop
	endfacet
	facet normal -0.46816943982799414 0.8836387132822682 0
		outer loop
			vertex -0.029120666906237602 0.07345826178789139 0
			vertex -0.03395714610815048 0.07089579850435257 0
			vertex -0.03395714610815048 0.07089579850435257 0.0024999999441206455
		endloop
	endfacet
	facet normal -0.39494999956366805 0.9187026166527765 0
		outer loop
			vertex -0.02409227564930916 0.07561996579170227 0
			vertex -0.029120666906237602 0.07345826178789139 0.0024999999441206455
			vertex -0.02409227564930916 0.07561996579170227 0.0024999999441206455
		endloop
	endfacet
	facet normal -0.39494999956366805 0.9187026166527765 0
		outer loop
			vertex -0.02409227564930916 0.07561996579170227 0
			vertex -0.029120666906237602 0.07345826178789139 0
			vertex -0.029120666906237602 0.07345826178789139 0.0024999999441206455
		endloop
	endfacet
	facet normal -0.3191311418456227 0.9477105646263048 0
		outer loop
			vertex -0.01890510879456997 0.07736668735742569 0
			vertex -0.02409227564930916 0.07561996579170227 0.0024999999441206455
			vertex -0.01890510879456997 0.07736668735742569 0.0024999999441206455
		endloop
	endfacet
	facet normal -0.3191311418456227 0.9477105646263048 0
		outer loop
			vertex -0.01890510879456997 0.07736668735742569 0
			vertex -0.02409227564930916 0.07561996579170227 0
			vertex -0.02409227564930916 0.07561996579170227 0.0024999999441206455
		endloop
	endfacet
	facet normal -0.2412055821707299 0.9704740424811369 0
		outer loop
			vertex -0.013593352399766445 0.07868689298629761 0
			vertex -0.01890510879456997 0.07736668735742569 0.0024999999441206455
			vertex -0.013593352399766445 0.07868689298629761 0.0024999999441206455
		endloop
	endfacet
	facet normal -0.2412055821707299 0.9704740424811369 0
		outer loop
			vertex -0.013593352399766445 0.07868689298629761 0
			vertex -0.01890510879456997 0.07736668735742569 0
			vertex -0.01890510879456997 0.07736668735742569 0.0024999999441206455
		endloop
	endfacet
	facet normal -0.16169389219564667 0.9868409624790727 0
		outer loop
			vertex -0.008192011155188084 0.07957190275192261 0
			vertex -0.013593352399766445 0.07868689298629761 0.0024999999441206455
			vertex -0.008192011155188084 0.07957190275192261 0.0024999999441206455
		endloop
	endfacet
	facet normal -0.16169389219564667 0.9868409624790727 0
		outer loop
			vertex -0.008192011155188084 0.07957190275192261 0
			vertex -0.013593352399766445 0.07868689298629761 0
			vertex -0.013593352399766445 0.07868689298629761 0.0024999999441206455
		endloop
	endfacet
	facet normal -0.08111376195273019 0.9967048498035295 0
		outer loop
			vertex -0.0027366820722818375 0.0800158679485321 0
			vertex -0.008192011155188084 0.07957190275192261 0.0024999999441206455
			vertex -0.0027366820722818375 0.0800158679485321 0.0024999999441206455
		endloop
	endfacet
	facet normal -0.08111376195273019 0.9967048498035295 0
		outer loop
			vertex -0.0027366820722818375 0.0800158679485321 0
			vertex -0.008192011155188084 0.07957190275192261 0
			vertex -0.008192011155188084 0.07957190275192261 0.0024999999441206455
		endloop
	endfacet
	facet normal 0 1 0
		outer loop
			vertex 0.0027366820722818375 0.0800158679485321 0
			vertex -0.0027366820722818375 0.0800158679485321 0.0024999999441206455
			vertex 0.0027366820722818375 0.0800158679485321 0.0024999999441206455
		endloop
	endfacet
	facet normal 0 1 0
		outer loop
			vertex 0.0027366820722818375 0.0800158679485321 0
			vertex -0.0027366820722818375 0.0800158679485321 0
			vertex -0.0027366820722818375 0.0800158679485321 0.0024999999441206455
		endloop
	endfacet
	facet normal 0.08111376195273019 0.9967048498035295 0
		outer loop
			vertex 0.008192011155188084 0.07957190275192261 0
			vertex 0.0027366820722818375 0.0800158679485321 0.0024999999441206455
			vertex 0.008192011155188084 0.07957190275192261 0.0024999999441206455
		endloop
	endfacet
	facet normal 0.08111376195273019 0.9967048498035295 0
		outer loop
			vertex 0.008192011155188084 0.07957190275192261 0
			vertex 0.0027366820722818375 0.0800158679485321 0
			vertex 0.0027366820722818375 0.0800158679485321 0.0024999999441206455
		endloop
	endfacet
	facet normal 0.16169389219564667 0.9868409624790727 0
		outer loop
			vertex 0.013593352399766445 0.07868689298629761 0
			vertex 0.008192011155188084 0.07957190275192261 0.0024999999441206455
			vertex 0.013593352399766445 0.07868689298629761 0.0024999999441206455
		endloop
	endfacet
	facet normal 0.16169389219564667 0.9868409624790727 0
		outer loop
			vertex 0.013593352399766445 0.07868689298629761 0
			vertex 0.008192011155188084 0.07957190275192261 0
			vertex 0.008192011155188084 0.07957190275192261 0.0024999999441206455
		endloop
	endfacet
	facet normal 0.2412055821707299 0.9704740424811369 0
		outer loop
			vertex 0.01890510879456997 0.07736668735742569 0
			vertex 0.013593352399766445 0.07868689298629761 0.0024999999441206455
			vertex 0.01890510879456997 0.07736668735742569 0.0024999999441206455
		endloop
	endfacet
	facet normal 0.2412055821707299 0.9704740424811369 0
		outer loop
			vertex 0.01890510879456997 0.07736668735742569 0
			vertex 0.013593352399766445 0.07868689298629761 0
			vertex 0.013593352399766445 0.07868689298629761 0.0024999999441206455
		endloop
	endfacet
	facet normal 0.3191311418456227 0.9477105646263048 0
		outer loop
			vertex 0.02409227564930916 0.07561996579170227 0
			vertex 0.01890510879456997 0.07736668735742569 0.0024999999441206455
			vertex 0.02409227564930916 0.07561996579170227 0.0024999999441206455
		endloop
	endfacet
	facet normal 0.3191311418456227 0.9477105646263048 0
		outer loop
			vertex 0.02409227564930916 0.07561996579170227 0
			vertex 0.01890510879456997 0.07736668735742569 0
			vertex 0.01890510879456997 0.07736668735742569 0.0024999999441206455
		endloop
	endfacet
	facet normal 0.39494999956366805 0.9187026166527765 0
		outer loop
			vertex 0.029120666906237602 0.07345826178789139 0
			vertex 0.02409227564930916 0.07561996579170227 0.0024999999441206455
			vertex 0.029120666906237602 0.07345826178789139 0.0024999999441206455
		endloop
	endfacet
	facet normal 0.39494999956366805 0.9187026166527765 0
		outer loop
			vertex 0.029120666906237602 0.07345826178789139 0
			vertex 0.02409227564930916 0.07561996579170227 0
			vertex 0.02409227564930916 0.07561996579170227 0.0024999999441206455
		endloop
	endfacet
	facet normal 0.46816943982799414 0.8836387132822682 0
		outer loop
			vertex 0.03395714610815048 0.07089579850435257 0
			vertex 0.029120666906237602 0.07345826178789139 0.0024999999441206455
			vertex 0.03395714610815048 0.07089579850435257 0.0024999999441206455
		endloop
	endfacet
	facet normal 0.46816943982799414 0.8836387132822682 0
		outer loop
			vertex 0.03395714610815048 0.07089579850435257 0
			vertex 0.029120666906237602 0.07345826178789139 0
			vertex 0.029120666906237602 0.07345826178789139 0.0024999999441206455
		endloop
	endfacet
	facet normal 0.5383010118677377 0.8427526449808213 0
		outer loop
			vertex 0.03856983780860901 0.06794948130846024 0
			vertex 0.03395714610815048 0.07089579850435257 0.0024999999441206455
			vertex 0.03856983780860901 0.06794948130846024 0.0024999999441206455
		endloop
	endfacet
	facet normal 0.5383010118677377 0.8427526449808213 0
		outer loop
			vertex 0.03856983780860901 0.06794948130846024 0
			vertex 0.03395714610815048 0.07089579850435257 0
			vertex 0.03395714610815048 0.07089579850435257 0.0024999999441206455
		endloop
	endfacet
	facet normal -0.6667628784298566 -0.7452699269042945 0
		outer loop
			vertex 0.0418793261051178 0.07164867222309113 0
			vertex 0.041430164128541946 0.07205051928758621 0.0024999999441206455
			vertex 0.041430164128541946 0.07205051928758621 0
		endloop
	endfacet
	facet normal -0.6667628784298566 -0.7452699269042945 0
		outer loop
			vertex 0.0418793261051178 0.07164867222309113 0
			vertex 0.0418793261051178 0.07164867222309113 0.0024999999441206455
			vertex 0.041430164128541946 0.07205051928758621 0.0024999999441206455
		endloop
	endfacet
	facet normal -0.8257371532687566 -0.5640550981168506 0
		outer loop
			vertex 0.04221927002072334 0.0711510181427002 0
			vertex 0.04221927002072334 0.0711510181427002 0.0024999999441206455
			vertex 0.0418793261051178 0.07164867222309113 0.0024999999441206455
		endloop
	endfacet
	facet normal -0.8257371532687566 -0.5640550981168506 0
		outer loop
			vertex 0.04221927002072334 0.0711510181427002 0
			vertex 0.0418793261051178 0.07164867222309113 0.0024999999441206455
			vertex 0.0418793261051178 0.07164867222309113 0
		endloop
	endfacet
	facet normal -0.9367304245550769 -0.35005158435988487 0
		outer loop
			vertex 0.04243024066090584 0.07058646529912949 0
			vertex 0.04243024066090584 0.07058646529912949 0.0024999999441206455
			vertex 0.04221927002072334 0.0711510181427002 0.0024999999441206455
		endloop
	endfacet
	facet normal -0.9367304245550769 -0.35005158435988487 0
		outer loop
			vertex 0.04243024066090584 0.07058646529912949 0
			vertex 0.04221927002072334 0.0711510181427002 0.0024999999441206455
			vertex 0.04221927002072334 0.0711510181427002 0
		endloop
	endfacet
	facet normal -0.9932843710082863 -0.11569856658867117 0
		outer loop
			vertex 0.04249997064471245 0.06998782604932785 0
			vertex 0.04249997064471245 0.06998782604932785 0.0024999999441206455
			vertex 0.04243024066090584 0.07058646529912949 0.0024999999441206455
		endloop
	endfacet
	facet normal -0.9932843710082863 -0.11569856658867117 0
		outer loop
			vertex 0.04249997064471245 0.06998782604932785 0
			vertex 0.04243024066090584 0.07058646529912949 0.0024999999441206455
			vertex 0.04243024066090584 0.07058646529912949 0
		endloop
	endfacet
	facet normal -0.9921103739155125 0.12536748369981074 0
		outer loop
			vertex 0.042424414306879044 0.06938990205526352 0
			vertex 0.042424414306879044 0.06938990205526352 0.0024999999441206455
			vertex 0.04249997064471245 0.06998782604932785 0.0024999999441206455
		endloop
	endfacet
	facet normal -0.9921103739155125 0.12536748369981074 0
		outer loop
			vertex 0.042424414306879044 0.06938990205526352 0
			vertex 0.04249997064471245 0.06998782604932785 0.0024999999441206455
			vertex 0.04249997064471245 0.06998782604932785 0
		endloop
	endfacet
	facet normal -0.9332778838222885 0.3591551079522483 0
		outer loop
			vertex 0.042207956314086914 0.06882742792367935 0
			vertex 0.042207956314086914 0.06882742792367935 0.0024999999441206455
			vertex 0.042424414306879044 0.06938990205526352 0.0024999999441206455
		endloop
	endfacet
	facet normal -0.9332778838222885 0.3591551079522483 0
		outer loop
			vertex 0.042207956314086914 0.06882742792367935 0
			vertex 0.042424414306879044 0.06938990205526352 0.0024999999441206455
			vertex 0.042424414306879044 0.06938990205526352 0
		endloop
	endfacet
	facet normal -0.8202058695682154 0.5720684675157757 0
		outer loop
			vertex 0.041863180696964264 0.06833310425281525 0
			vertex 0.041863180696964264 0.06833310425281525 0.0024999999441206455
			vertex 0.042207956314086914 0.06882742792367935 0.0024999999441206455
		endloop
	endfacet
	facet normal -0.8202058695682154 0.5720684675157757 0
		outer loop
			vertex 0.041863180696964264 0.06833310425281525 0
			vertex 0.042207956314086914 0.06882742792367935 0.0024999999441206455
			vertex 0.042207956314086914 0.06882742792367935 0
		endloop
	endfacet
	facet normal -0.6594702987337849 0.7517306200281938 0
		outer loop
			vertex 0.04141012579202652 0.06793565303087234 0
			vertex 0.04141012579202652 0.06793565303087234 0.0024999999441206455
			vertex 0.041863180696964264 0.06833310425281525 0.0024999999441206455
		endloop
	endfacet
	facet normal -0.6594702987337849 0.7517306200281938 0
		outer loop
			vertex 0.04141012579202652 0.06793565303087234 0
			vertex 0.041863180696964264 0.06833310425281525 0.0024999999441206455
			vertex 0.041863180696964264 0.06833310425281525 0
		endloop
	endfacet
	facet normal -0.460409538494539 0.8877066277004164 0
		outer loop
			vertex 0.04087511822581291 0.06765817105770111 0
			vertex 0.04087511822581291 0.06765817105770111 0.0024999999441206455
			vertex 0.04141012579202652 0.06793565303087234 0.0024999999441206455
		endloop
	endfacet
	facet normal -0.460409538494539 0.8877066277004164 0
		outer loop
			vertex 0.04087511822581291 0.06765817105770111 0
			vertex 0.04141012579202652 0.06793565303087234 0.0024999999441206455
			vertex 0.04141012579202652 0.06793565303087234 0
		endloop
	endfacet
	facet normal -0.23458796499019416 0.9720948959241374 0
		outer loop
			vertex 0.0402892529964447 0.06751678884029388 0
			vertex 0.0402892529964447 0.06751678884029388 0.0024999999441206455
			vertex 0.04087511822581291 0.06765817105770111 0.0024999999441206455
		endloop
	endfacet
	facet normal -0.23458796499019416 0.9720948959241374 0
		outer loop
			vertex 0.0402892529964447 0.06751678884029388 0
			vertex 0.04087511822581291 0.06765817105770111 0.0024999999441206455
			vertex 0.04087511822581291 0.06765817105770111 0
		endloop
	endfacet
	facet normal 0.004870754435594904 0.9999881378052582 0
		outer loop
			vertex 0.039686575531959534 0.06751972436904907 0
			vertex 0.039686575531959534 0.06751972436904907 0.0024999999441206455
			vertex 0.0402892529964447 0.06751678884029388 0.0024999999441206455
		endloop
	endfacet
	facet normal 0.004870754435594904 0.9999881378052582 0
		outer loop
			vertex 0.039686575531959534 0.06751972436904907 0
			vertex 0.0402892529964447 0.06751678884029388 0.0024999999441206455
			vertex 0.0402892529964447 0.06751678884029388 0
		endloop
	endfacet
	facet normal 0.24404499148946082 0.9697639105106506 0
		outer loop
			vertex 0.039102114737033844 0.06766680628061295 0
			vertex 0.039102114737033844 0.06766680628061295 0.0024999999441206455
			vertex 0.039686575531959534 0.06751972436904907 0.0024999999441206455
		endloop
	endfacet
	facet normal 0.24404499148946082 0.9697639105106506 0
		outer loop
			vertex 0.039102114737033844 0.06766680628061295 0
			vertex 0.039686575531959534 0.06751972436904907 0.0024999999441206455
			vertex 0.039686575531959534 0.06751972436904907 0
		endloop
	endfacet
	facet normal 0.4690295822877327 0.8831824561997341 0
		outer loop
			vertex 0.03856983780860901 0.06794948130846024 0
			vertex 0.03856983780860901 0.06794948130846024 0.0024999999441206455
			vertex 0.039102114737033844 0.06766680628061295 0.0024999999441206455
		endloop
	endfacet
	facet normal 0.4690295822877327 0.8831824561997341 0
		outer loop
			vertex 0.03856983780860901 0.06794948130846024 0
			vertex 0.039102114737033844 0.06766680628061295 0.0024999999441206455
			vertex 0.039102114737033844 0.06766680628061295 0
		endloop
	endfacet
	facet normal 0.540437964760057 -0.8413838637898919 0
		outer loop
			vertex -0.036792460829019547 0.0750294104218483 0
			vertex -0.041430164128541946 0.07205051928758621 0.0024999999441206455
			vertex -0.041430164128541946 0.07205051928758621 0
		endloop
	endfacet
	facet normal 0.540437964760057 -0.8413838637898919 0
		outer loop
			vertex -0.036792460829019547 0.0750294104218483 0
			vertex -0.036792460829019547 0.0750294104218483 0.0024999999441206455
			vertex -0.041430164128541946 0.07205051928758621 0.0024999999441206455
		endloop
	endfacet
	facet normal 0.47488260268510607 -0.8800491541198253 0
		outer loop
			vertex -0.03194162994623184 0.07764696329832077 0
			vertex -0.03194162994623184 0.07764696329832077 0.0024999999441206455
			vertex -0.036792460829019547 0.0750294104218483 0.0024999999441206455
		endloop
	endfacet
	facet normal 0.47488260268510607 -0.8800491541198253 0
		outer loop
			vertex -0.03194162994623184 0.07764696329832077 0
			vertex -0.036792460829019547 0.0750294104218483 0.0024999999441206455
			vertex -0.036792460829019547 0.0750294104218483 0
		endloop
	endfacet
	facet normal 0.40657586944101465 -0.9136170217264361 0
		outer loop
			vertex -0.02690577507019043 0.0798880085349083 0
			vertex -0.02690577507019043 0.0798880085349083 0.0024999999441206455
			vertex -0.03194162994623184 0.07764696329832077 0.0024999999441206455
		endloop
	endfacet
	facet normal 0.40657586944101465 -0.9136170217264361 0
		outer loop
			vertex -0.02690577507019043 0.0798880085349083 0
			vertex -0.03194162994623184 0.07764696329832077 0.0024999999441206455
			vertex -0.03194162994623184 0.07764696329832077 0
		endloop
	endfacet
	facet normal 0.33591305980096725 -0.9418929961811755 0
		outer loop
			vertex -0.021714065223932266 0.08173955976963043 0
			vertex -0.021714065223932266 0.08173955976963043 0.0024999999441206455
			vertex -0.02690577507019043 0.0798880085349083 0.0024999999441206455
		endloop
	endfacet
	facet normal 0.33591305980096725 -0.9418929961811755 0
		outer loop
			vertex -0.021714065223932266 0.08173955976963043 0
			vertex -0.02690577507019043 0.0798880085349083 0.0024999999441206455
			vertex -0.02690577507019043 0.0798880085349083 0
		endloop
	endfacet
	facet normal 0.26330494698464774 -0.964712654054777 0
		outer loop
			vertex -0.016396572813391685 0.08319089561700821 0
			vertex -0.016396572813391685 0.08319089561700821 0.0024999999441206455
			vertex -0.021714065223932266 0.08173955976963043 0.0024999999441206455
		endloop
	endfacet
	facet normal 0.26330494698464774 -0.964712654054777 0
		outer loop
			vertex -0.016396572813391685 0.08319089561700821 0
			vertex -0.021714065223932266 0.08173955976963043 0.0024999999441206455
			vertex -0.021714065223932266 0.08173955976963043 0
		endloop
	endfacet
	facet normal 0.1891721796069925 -0.9819439324435688 0
		outer loop
			vertex -0.010984102264046669 0.0842336118221283 0
			vertex -0.010984102264046669 0.0842336118221283 0.0024999999441206455
			vertex -0.016396572813391685 0.08319089561700821 0.0024999999441206455
		endloop
	endfacet
	facet normal 0.1891721796069925 -0.9819439324435688 0
		outer loop
			vertex -0.010984102264046669 0.0842336118221283 0
			vertex -0.016396572813391685 0.08319089561700821 0.0024999999441206455
			vertex -0.016396572813391685 0.08319089561700821 0
		endloop
	endfacet
	facet normal 0.11394446292018413 -0.9934871208877502 0
		outer loop
			vertex -0.005508003756403923 0.08486167341470718 0
			vertex -0.005508003756403923 0.08486167341470718 0.0024999999441206455
			vertex -0.010984102264046669 0.0842336118221283 0.0024999999441206455
		endloop
	endfacet
	facet normal 0.11394446292018413 -0.9934871208877502 0
		outer loop
			vertex -0.005508003756403923 0.08486167341470718 0
			vertex -0.010984102264046669 0.0842336118221283 0.0024999999441206455
			vertex -0.010984102264046669 0.0842336118221283 0
		endloop
	endfacet
	facet normal 0.0380544878320881 -0.999275665647792 -2.640560595365008e-15
		outer loop
			vertex -1.4432898790731443e-17 0.08507142961025238 0
			vertex 1.5903944880694927e-16 0.08507142961025238 0.0024999999441206455
			vertex -0.005508003756403923 0.08486167341470718 0.0024999999441206455
		endloop
	endfacet
	facet normal 0.03805448783208929 -0.9992756656477918 0
		outer loop
			vertex -1.4432898790731443e-17 0.08507142961025238 0
			vertex -0.005508003756403923 0.08486167341470718 0.0024999999441206455
			vertex -0.005508003756403923 0.08486167341470718 0
		endloop
	endfacet
	facet normal -0.03805448783209029 -0.9992756656477919 0
		outer loop
			vertex 0.005508003756403923 0.08486167341470718 0
			vertex 0.005508003756403923 0.08486167341470718 0.0024999999441206455
			vertex 1.5903944880694927e-16 0.08507142961025238 0.0024999999441206455
		endloop
	endfacet
	facet normal -0.03805448783208909 -0.9992756656477919 2.6405605953650765e-15
		outer loop
			vertex 0.005508003756403923 0.08486167341470718 0
			vertex 1.5903944880694927e-16 0.08507142961025238 0.0024999999441206455
			vertex -1.4432898790731443e-17 0.08507142961025238 0
		endloop
	endfacet
	facet normal -0.11394446292018413 -0.9934871208877502 0
		outer loop
			vertex 0.010984102264046669 0.0842336118221283 0
			vertex 0.010984102264046669 0.0842336118221283 0.0024999999441206455
			vertex 0.005508003756403923 0.08486167341470718 0.0024999999441206455
		endloop
	endfacet
	facet normal -0.11394446292018413 -0.9934871208877502 0
		outer loop
			vertex 0.010984102264046669 0.0842336118221283 0
			vertex 0.005508003756403923 0.08486167341470718 0.0024999999441206455
			vertex 0.005508003756403923 0.08486167341470718 0
		endloop
	endfacet
	facet normal -0.1891721796069925 -0.9819439324435688 0
		outer loop
			vertex 0.016396572813391685 0.08319089561700821 0
			vertex 0.016396572813391685 0.08319089561700821 0.0024999999441206455
			vertex 0.010984102264046669 0.0842336118221283 0.0024999999441206455
		endloop
	endfacet
	facet normal -0.1891721796069925 -0.9819439324435688 0
		outer loop
			vertex 0.016396572813391685 0.08319089561700821 0
			vertex 0.010984102264046669 0.0842336118221283 0.0024999999441206455
			vertex 0.010984102264046669 0.0842336118221283 0
		endloop
	endfacet
	facet normal -0.26330494698464774 -0.964712654054777 0
		outer loop
			vertex 0.021714065223932266 0.08173955976963043 0
			vertex 0.021714065223932266 0.08173955976963043 0.0024999999441206455
			vertex 0.016396572813391685 0.08319089561700821 0.0024999999441206455
		endloop
	endfacet
	facet normal -0.26330494698464774 -0.964712654054777 0
		outer loop
			vertex 0.021714065223932266 0.08173955976963043 0
			vertex 0.016396572813391685 0.08319089561700821 0.0024999999441206455
			vertex 0.016396572813391685 0.08319089561700821 0
		endloop
	endfacet
	facet normal -0.33591305980096725 -0.9418929961811755 0
		outer loop
			vertex 0.02690577507019043 0.0798880085349083 0
			vertex 0.02690577507019043 0.0798880085349083 0.0024999999441206455
			vertex 0.021714065223932266 0.08173955976963043 0.0024999999441206455
		endloop
	endfacet
	facet normal -0.33591305980096725 -0.9418929961811755 0
		outer loop
			vertex 0.02690577507019043 0.0798880085349083 0
			vertex 0.021714065223932266 0.08173955976963043 0.0024999999441206455
			vertex 0.021714065223932266 0.08173955976963043 0
		endloop
	endfacet
	facet normal -0.40657586944101465 -0.9136170217264361 0
		outer loop
			vertex 0.03194162994623184 0.07764696329832077 0
			vertex 0.03194162994623184 0.07764696329832077 0.0024999999441206455
			vertex 0.02690577507019043 0.0798880085349083 0.0024999999441206455
		endloop
	endfacet
	facet normal -0.40657586944101465 -0.9136170217264361 0
		outer loop
			vertex 0.03194162994623184 0.07764696329832077 0
			vertex 0.02690577507019043 0.0798880085349083 0.0024999999441206455
			vertex 0.02690577507019043 0.0798880085349083 0
		endloop
	endfacet
	facet normal -0.47488260268510607 -0.8800491541198253 0
		outer loop
			vertex 0.036792460829019547 0.0750294104218483 0
			vertex 0.036792460829019547 0.0750294104218483 0.0024999999441206455
			vertex 0.03194162994623184 0.07764696329832077 0.0024999999441206455
		endloop
	endfacet
	facet normal -0.47488260268510607 -0.8800491541198253 0
		outer loop
			vertex 0.036792460829019547 0.0750294104218483 0
			vertex 0.03194162994623184 0.07764696329832077 0.0024999999441206455
			vertex 0.03194162994623184 0.07764696329832077 0
		endloop
	endfacet
	facet normal -0.540437964760057 -0.8413838637898919 0
		outer loop
			vertex 0.041430164128541946 0.07205051928758621 0
			vertex 0.036792460829019547 0.0750294104218483 0.0024999999441206455
			vertex 0.036792460829019547 0.0750294104218483 0
		endloop
	endfacet
	facet normal -0.540437964760057 -0.8413838637898919 0
		outer loop
			vertex 0.041430164128541946 0.07205051928758621 0
			vertex 0.041430164128541946 0.07205051928758621 0.0024999999441206455
			vertex 0.036792460829019547 0.0750294104218483 0.0024999999441206455
		endloop
	endfacet
	facet normal -0.4690295822877327 0.8831824561997341 0
		outer loop
			vertex -0.039102114737033844 0.06766680628061295 0
			vertex -0.03856983780860901 0.06794948130846024 0.0024999999441206455
			vertex -0.03856983780860901 0.06794948130846024 0
		endloop
	endfacet
	facet normal -0.4690295822877327 0.8831824561997341 0
		outer loop
			vertex -0.039102114737033844 0.06766680628061295 0
			vertex -0.039102114737033844 0.06766680628061295 0.0024999999441206455
			vertex -0.03856983780860901 0.06794948130846024 0.0024999999441206455
		endloop
	endfacet
	facet normal -0.24404499148946082 0.9697639105106506 0
		outer loop
			vertex -0.039686575531959534 0.06751972436904907 0
			vertex -0.039686575531959534 0.06751972436904907 0.0024999999441206455
			vertex -0.039102114737033844 0.06766680628061295 0.0024999999441206455
		endloop
	endfacet
	facet normal -0.24404499148946082 0.9697639105106506 0
		outer loop
			vertex -0.039686575531959534 0.06751972436904907 0
			vertex -0.039102114737033844 0.06766680628061295 0.0024999999441206455
			vertex -0.039102114737033844 0.06766680628061295 0
		endloop
	endfacet
	facet normal -0.004870754435594904 0.9999881378052582 0
		outer loop
			vertex -0.0402892529964447 0.06751678884029388 0
			vertex -0.0402892529964447 0.06751678884029388 0.0024999999441206455
			vertex -0.039686575531959534 0.06751972436904907 0.0024999999441206455
		endloop
	endfacet
	facet normal -0.004870754435594904 0.9999881378052582 0
		outer loop
			vertex -0.0402892529964447 0.06751678884029388 0
			vertex -0.039686575531959534 0.06751972436904907 0.0024999999441206455
			vertex -0.039686575531959534 0.06751972436904907 0
		endloop
	endfacet
	facet normal 0.23458796499019416 0.9720948959241374 0
		outer loop
			vertex -0.04087511822581291 0.06765817105770111 0
			vertex -0.04087511822581291 0.06765817105770111 0.0024999999441206455
			vertex -0.0402892529964447 0.06751678884029388 0.0024999999441206455
		endloop
	endfacet
	facet normal 0.23458796499019416 0.9720948959241374 0
		outer loop
			vertex -0.04087511822581291 0.06765817105770111 0
			vertex -0.0402892529964447 0.06751678884029388 0.0024999999441206455
			vertex -0.0402892529964447 0.06751678884029388 0
		endloop
	endfacet
	facet normal 0.460409538494539 0.8877066277004164 0
		outer loop
			vertex -0.04141012579202652 0.06793565303087234 0
			vertex -0.04141012579202652 0.06793565303087234 0.0024999999441206455
			vertex -0.04087511822581291 0.06765817105770111 0.0024999999441206455
		endloop
	endfacet
	facet normal 0.460409538494539 0.8877066277004164 0
		outer loop
			vertex -0.04141012579202652 0.06793565303087234 0
			vertex -0.04087511822581291 0.06765817105770111 0.0024999999441206455
			vertex -0.04087511822581291 0.06765817105770111 0
		endloop
	endfacet
	facet normal 0.6594702987337849 0.7517306200281938 0
		outer loop
			vertex -0.041863180696964264 0.06833310425281525 0
			vertex -0.041863180696964264 0.06833310425281525 0.0024999999441206455
			vertex -0.04141012579202652 0.06793565303087234 0.0024999999441206455
		endloop
	endfacet
	facet normal 0.6594702987337849 0.7517306200281938 0
		outer loop
			vertex -0.041863180696964264 0.06833310425281525 0
			vertex -0.04141012579202652 0.06793565303087234 0.0024999999441206455
			vertex -0.04141012579202652 0.06793565303087234 0
		endloop
	endfacet
	facet normal 0.8202058695682154 0.5720684675157757 0
		outer loop
			vertex -0.042207956314086914 0.06882742792367935 0
			vertex -0.042207956314086914 0.06882742792367935 0.0024999999441206455
			vertex -0.041863180696964264 0.06833310425281525 0.0024999999441206455
		endloop
	endfacet
	facet normal 0.8202058695682154 0.5720684675157757 0
		outer loop
			vertex -0.042207956314086914 0.06882742792367935 0
			vertex -0.041863180696964264 0.06833310425281525 0.0024999999441206455
			vertex -0.041863180696964264 0.06833310425281525 0
		endloop
	endfacet
	facet normal 0.9332778838222885 0.3591551079522483 0
		outer loop
			vertex -0.042424414306879044 0.06938990205526352 0
			vertex -0.042424414306879044 0.06938990205526352 0.0024999999441206455
			vertex -0.042207956314086914 0.06882742792367935 0.0024999999441206455
		endloop
	endfacet
	facet normal 0.9332778838222885 0.3591551079522483 0
		outer loop
			vertex -0.042424414306879044 0.06938990205526352 0
			vertex -0.042207956314086914 0.06882742792367935 0.0024999999441206455
			vertex -0.042207956314086914 0.06882742792367935 0
		endloop
	endfacet
	facet normal 0.9921103739155125 0.12536748369981074 0
		outer loop
			vertex -0.04249997064471245 0.06998782604932785 0
			vertex -0.04249997064471245 0.06998782604932785 0.0024999999441206455
			vertex -0.042424414306879044 0.06938990205526352 0.0024999999441206455
		endloop
	endfacet
	facet normal 0.9921103739155125 0.12536748369981074 0
		outer loop
			vertex -0.04249997064471245 0.06998782604932785 0
			vertex -0.042424414306879044 0.06938990205526352 0.0024999999441206455
			vertex -0.042424414306879044 0.06938990205526352 0
		endloop
	endfacet
	facet normal 0.9932843710082863 -0.11569856658867117 0
		outer loop
			vertex -0.04243024066090584 0.07058646529912949 0
			vertex -0.04243024066090584 0.07058646529912949 0.0024999999441206455
			vertex -0.04249997064471245 0.06998782604932785 0.0024999999441206455
		endloop
	endfacet
	facet normal 0.9932843710082863 -0.11569856658867117 0
		outer loop
			vertex -0.04243024066090584 0.07058646529912949 0
			vertex -0.04249997064471245 0.06998782604932785 0.0024999999441206455
			vertex -0.04249997064471245 0.06998782604932785 0
		endloop
	endfacet
	facet normal 0.9367304245550769 -0.35005158435988487 0
		outer loop
			vertex -0.04221927002072334 0.0711510181427002 0
			vertex -0.04221927002072334 0.0711510181427002 0.0024999999441206455
			vertex -0.04243024066090584 0.07058646529912949 0.0024999999441206455
		endloop
	endfacet
	facet normal 0.9367304245550769 -0.35005158435988487 0
		outer loop
			vertex -0.04221927002072334 0.0711510181427002 0
			vertex -0.04243024066090584 0.07058646529912949 0.0024999999441206455
			vertex -0.04243024066090584 0.07058646529912949 0
		endloop
	endfacet
	facet normal 0.8257371532687566 -0.5640550981168506 0
		outer loop
			vertex -0.0418793261051178 0.07164867222309113 0
			vertex -0.0418793261051178 0.07164867222309113 0.0024999999441206455
			vertex -0.04221927002072334 0.0711510181427002 0.0024999999441206455
		endloop
	endfacet
	facet normal 0.8257371532687566 -0.5640550981168506 0
		outer loop
			vertex -0.0418793261051178 0.07164867222309113 0
			vertex -0.04221927002072334 0.0711510181427002 0.0024999999441206455
			vertex -0.04221927002072334 0.0711510181427002 0
		endloop
	endfacet
	facet normal 0.6667628784298566 -0.7452699269042945 0
		outer loop
			vertex -0.041430164128541946 0.07205051928758621 0
			vertex -0.041430164128541946 0.07205051928758621 0.0024999999441206455
			vertex -0.0418793261051178 0.07164867222309113 0.0024999999441206455
		endloop
	endfacet
	facet normal 0.6667628784298566 -0.7452699269042945 0
		outer loop
			vertex -0.041430164128541946 0.07205051928758621 0
			vertex -0.0418793261051178 0.07164867222309113 0.0024999999441206455
			vertex -0.0418793261051178 0.07164867222309113 0
		endloop
	endfacet
	facet normal -0.9927087807854862 0.12053744875097422 0
		outer loop
			vertex -0.018842428922653198 -0.023537445813417435 0
			vertex -0.018795935437083244 -0.023154539987444878 0.0024999999441206455
			vertex -0.018795935437083244 -0.023154539987444878 0
		endloop
	endfacet
	facet normal -0.9927087807854862 0.12053744875097422 0
		outer loop
			vertex -0.018842428922653198 -0.023537445813417435 0
			vertex -0.018842428922653198 -0.023537445813417435 0.0024999999441206455
			vertex -0.018795935437083244 -0.023154539987444878 0.0024999999441206455
		endloop
	endfacet
	facet normal -0.9350154709208929 0.35460692201165667 0
		outer loop
			vertex -0.018979206681251526 -0.02389809675514698 0
			vertex -0.018979206681251526 -0.02389809675514698 0.0024999999441206455
			vertex -0.018842428922653198 -0.023537445813417435 0.0024999999441206455
		endloop
	endfacet
	facet normal -0.9350154709208929 0.35460692201165667 0
		outer loop
			vertex -0.018979206681251526 -0.02389809675514698 0
			vertex -0.018842428922653198 -0.023537445813417435 0.0024999999441206455
			vertex -0.018842428922653198 -0.023537445813417435 0
		endloop
	endfacet
	facet normal -0.8229843029755263 0.5680641135082267 0
		outer loop
			vertex -0.01919831894338131 -0.024215536192059517 0
			vertex -0.01919831894338131 -0.024215536192059517 0.0024999999441206455
			vertex -0.018979206681251526 -0.02389809675514698 0.0024999999441206455
		endloop
	endfacet
	facet normal -0.8229843029755263 0.5680641135082267 0
		outer loop
			vertex -0.01919831894338131 -0.024215536192059517 0
			vertex -0.018979206681251526 -0.02389809675514698 0.0024999999441206455
			vertex -0.018979206681251526 -0.02389809675514698 0
		endloop
	endfacet
	facet normal -0.6631232281386009 0.7485102432853148 0
		outer loop
			vertex -0.019487032666802406 -0.024471314623951912 0
			vertex -0.019487032666802406 -0.024471314623951912 0.0024999999441206455
			vertex -0.01919831894338131 -0.024215536192059517 0.0024999999441206455
		endloop
	endfacet
	facet normal -0.6631232281386009 0.7485102432853148 0
		outer loop
			vertex -0.019487032666802406 -0.024471314623951912 0
			vertex -0.01919831894338131 -0.024215536192059517 0.0024999999441206455
			vertex -0.01919831894338131 -0.024215536192059517 0
		endloop
	endfacet
	facet normal -0.4647241119017534 0.885455532377051 0
		outer loop
			vertex -0.019828567281365395 -0.024650566279888153 0
			vertex -0.019828567281365395 -0.024650566279888153 0.0024999999441206455
			vertex -0.019487032666802406 -0.024471314623951912 0.0024999999441206455
		endloop
	endfacet
	facet normal -0.4647241119017534 0.885455532377051 0
		outer loop
			vertex -0.019828567281365395 -0.024650566279888153 0
			vertex -0.019487032666802406 -0.024471314623951912 0.0024999999441206455
			vertex -0.019487032666802406 -0.024471314623951912 0
		endloop
	endfacet
	facet normal -0.23931303033827447 0.9709424666324531 0
		outer loop
			vertex -0.02020307630300522 -0.02474287338554859 0
			vertex -0.02020307630300522 -0.02474287338554859 0.0024999999441206455
			vertex -0.019828567281365395 -0.024650566279888153 0.0024999999441206455
		endloop
	endfacet
	facet normal -0.23931303033827447 0.9709424666324531 0
		outer loop
			vertex -0.02020307630300522 -0.02474287338554859 0
			vertex -0.019828567281365395 -0.024650566279888153 0.0024999999441206455
			vertex -0.019828567281365395 -0.024650566279888153 0
		endloop
	endfacet
	facet normal 0 1 0
		outer loop
			vertex -0.020588794723153114 -0.02474287338554859 0
			vertex -0.020588794723153114 -0.02474287338554859 0.0024999999441206455
			vertex -0.02020307630300522 -0.02474287338554859 0.0024999999441206455
		endloop
	endfacet
	facet normal 0 1 0
		outer loop
			vertex -0.020588794723153114 -0.02474287338554859 0
			vertex -0.02020307630300522 -0.02474287338554859 0.0024999999441206455
			vertex -0.02020307630300522 -0.02474287338554859 0
		endloop
	endfacet
	facet normal 0.23931303033827447 0.9709424666324531 0
		outer loop
			vertex -0.020963303744792938 -0.024650566279888153 0
			vertex -0.020963303744792938 -0.024650566279888153 0.0024999999441206455
			vertex -0.020588794723153114 -0.02474287338554859 0.0024999999441206455
		endloop
	endfacet
	facet normal 0.23931303033827447 0.9709424666324531 0
		outer loop
			vertex -0.020963303744792938 -0.024650566279888153 0
			vertex -0.020588794723153114 -0.02474287338554859 0.0024999999441206455
			vertex -0.020588794723153114 -0.02474287338554859 0
		endloop
	endfacet
	facet normal 0.4647241119017534 0.885455532377051 0
		outer loop
			vertex -0.021304838359355927 -0.024471314623951912 0
			vertex -0.021304838359355927 -0.024471314623951912 0.0024999999441206455
			vertex -0.020963303744792938 -0.024650566279888153 0.0024999999441206455
		endloop
	endfacet
	facet normal 0.4647241119017534 0.885455532377051 0
		outer loop
			vertex -0.021304838359355927 -0.024471314623951912 0
			vertex -0.020963303744792938 -0.024650566279888153 0.0024999999441206455
			vertex -0.020963303744792938 -0.024650566279888153 0
		endloop
	endfacet
	facet normal 0.6631232281386009 0.7485102432853148 0
		outer loop
			vertex -0.021593552082777023 -0.024215536192059517 0
			vertex -0.021593552082777023 -0.024215536192059517 0.0024999999441206455
			vertex -0.021304838359355927 -0.024471314623951912 0.0024999999441206455
		endloop
	endfacet
	facet normal 0.6631232281386009 0.7485102432853148 0
		outer loop
			vertex -0.021593552082777023 -0.024215536192059517 0
			vertex -0.021304838359355927 -0.024471314623951912 0.0024999999441206455
			vertex -0.021304838359355927 -0.024471314623951912 0
		endloop
	endfacet
	facet normal 0.8229843029755263 0.5680641135082267 0
		outer loop
			vertex -0.021812664344906807 -0.02389809675514698 0
			vertex -0.021812664344906807 -0.02389809675514698 0.0024999999441206455
			vertex -0.021593552082777023 -0.024215536192059517 0.0024999999441206455
		endloop
	endfacet
	facet normal 0.8229843029755263 0.5680641135082267 0
		outer loop
			vertex -0.021812664344906807 -0.02389809675514698 0
			vertex -0.021593552082777023 -0.024215536192059517 0.0024999999441206455
			vertex -0.021593552082777023 -0.024215536192059517 0
		endloop
	endfacet
	facet normal 0.9350154709208929 0.35460692201165667 0
		outer loop
			vertex -0.021949442103505135 -0.023537445813417435 0
			vertex -0.021812664344906807 -0.02389809675514698 0.0024999999441206455
			vertex -0.021812664344906807 -0.02389809675514698 0
		endloop
	endfacet
	facet normal 0.9350154709208929 0.35460692201165667 0
		outer loop
			vertex -0.021949442103505135 -0.023537445813417435 0
			vertex -0.021949442103505135 -0.023537445813417435 0.0024999999441206455
			vertex -0.021812664344906807 -0.02389809675514698 0.0024999999441206455
		endloop
	endfacet
	facet normal 0.9927087807854862 0.12053744875097422 0
		outer loop
			vertex -0.02199593558907509 -0.023154539987444878 0
			vertex -0.021949442103505135 -0.023537445813417435 0.0024999999441206455
			vertex -0.021949442103505135 -0.023537445813417435 0
		endloop
	endfacet
	facet normal 0.9927087807854862 0.12053744875097422 0
		outer loop
			vertex -0.02199593558907509 -0.023154539987444878 0
			vertex -0.02199593558907509 -0.023154539987444878 0.0024999999441206455
			vertex -0.021949442103505135 -0.023537445813417435 0.0024999999441206455
		endloop
	endfacet
	facet normal 0.9927087807854862 -0.12053744875097422 0
		outer loop
			vertex -0.021949442103505135 -0.02277163416147232 0
			vertex -0.02199593558907509 -0.023154539987444878 0.0024999999441206455
			vertex -0.02199593558907509 -0.023154539987444878 0
		endloop
	endfacet
	facet normal 0.9927087807854862 -0.12053744875097422 0
		outer loop
			vertex -0.021949442103505135 -0.02277163416147232 0
			vertex -0.021949442103505135 -0.02277163416147232 0.0024999999441206455
			vertex -0.02199593558907509 -0.023154539987444878 0.0024999999441206455
		endloop
	endfacet
	facet normal 0.9350154709208929 -0.35460692201165667 0
		outer loop
			vertex -0.021812664344906807 -0.022410983219742775 0
			vertex -0.021949442103505135 -0.02277163416147232 0.0024999999441206455
			vertex -0.021949442103505135 -0.02277163416147232 0
		endloop
	endfacet
	facet normal 0.9350154709208929 -0.35460692201165667 0
		outer loop
			vertex -0.021812664344906807 -0.022410983219742775 0
			vertex -0.021812664344906807 -0.022410983219742775 0.0024999999441206455
			vertex -0.021949442103505135 -0.02277163416147232 0.0024999999441206455
		endloop
	endfacet
	facet normal 0.8229843029755263 -0.5680641135082267 0
		outer loop
			vertex -0.021593552082777023 -0.02209354378283024 0
			vertex -0.021812664344906807 -0.022410983219742775 0.0024999999441206455
			vertex -0.021812664344906807 -0.022410983219742775 0
		endloop
	endfacet
	facet normal 0.8229843029755263 -0.5680641135082267 0
		outer loop
			vertex -0.021593552082777023 -0.02209354378283024 0
			vertex -0.021593552082777023 -0.02209354378283024 0.0024999999441206455
			vertex -0.021812664344906807 -0.022410983219742775 0.0024999999441206455
		endloop
	endfacet
	facet normal 0.6631232281386009 -0.7485102432853148 0
		outer loop
			vertex -0.021304838359355927 -0.021837765350937843 0
			vertex -0.021593552082777023 -0.02209354378283024 0.0024999999441206455
			vertex -0.021593552082777023 -0.02209354378283024 0
		endloop
	endfacet
	facet normal 0.6631232281386009 -0.7485102432853148 0
		outer loop
			vertex -0.021304838359355927 -0.021837765350937843 0
			vertex -0.021304838359355927 -0.021837765350937843 0.0024999999441206455
			vertex -0.021593552082777023 -0.02209354378283024 0.0024999999441206455
		endloop
	endfacet
	facet normal 0.4647241119017534 -0.885455532377051 0
		outer loop
			vertex -0.020963303744792938 -0.021658513695001602 0
			vertex -0.021304838359355927 -0.021837765350937843 0.0024999999441206455
			vertex -0.021304838359355927 -0.021837765350937843 0
		endloop
	endfacet
	facet normal 0.4647241119017534 -0.885455532377051 0
		outer loop
			vertex -0.020963303744792938 -0.021658513695001602 0
			vertex -0.020963303744792938 -0.021658513695001602 0.0024999999441206455
			vertex -0.021304838359355927 -0.021837765350937843 0.0024999999441206455
		endloop
	endfacet
	facet normal 0.23931303033827447 -0.9709424666324531 0
		outer loop
			vertex -0.020588794723153114 -0.021566206589341164 0
			vertex -0.020963303744792938 -0.021658513695001602 0.0024999999441206455
			vertex -0.020963303744792938 -0.021658513695001602 0
		endloop
	endfacet
	facet normal 0.23931303033827447 -0.9709424666324531 0
		outer loop
			vertex -0.020588794723153114 -0.021566206589341164 0
			vertex -0.020588794723153114 -0.021566206589341164 0.0024999999441206455
			vertex -0.020963303744792938 -0.021658513695001602 0.0024999999441206455
		endloop
	endfacet
	facet normal 0 -1 0
		outer loop
			vertex -0.02020307630300522 -0.021566206589341164 0
			vertex -0.020588794723153114 -0.021566206589341164 0.0024999999441206455
			vertex -0.020588794723153114 -0.021566206589341164 0
		endloop
	endfacet
	facet normal 0 -1 0
		outer loop
			vertex -0.02020307630300522 -0.021566206589341164 0
			vertex -0.02020307630300522 -0.021566206589341164 0.0024999999441206455
			vertex -0.020588794723153114 -0.021566206589341164 0.0024999999441206455
		endloop
	endfacet
	facet normal -0.23931303033827447 -0.9709424666324531 0
		outer loop
			vertex -0.019828567281365395 -0.021658513695001602 0
			vertex -0.02020307630300522 -0.021566206589341164 0.0024999999441206455
			vertex -0.02020307630300522 -0.021566206589341164 0
		endloop
	endfacet
	facet normal -0.23931303033827447 -0.9709424666324531 0
		outer loop
			vertex -0.019828567281365395 -0.021658513695001602 0
			vertex -0.019828567281365395 -0.021658513695001602 0.0024999999441206455
			vertex -0.02020307630300522 -0.021566206589341164 0.0024999999441206455
		endloop
	endfacet
	facet normal -0.4647241119017534 -0.885455532377051 0
		outer loop
			vertex -0.019487032666802406 -0.021837765350937843 0
			vertex -0.019828567281365395 -0.021658513695001602 0.0024999999441206455
			vertex -0.019828567281365395 -0.021658513695001602 0
		endloop
	endfacet
	facet normal -0.4647241119017534 -0.885455532377051 0
		outer loop
			vertex -0.019487032666802406 -0.021837765350937843 0
			vertex -0.019487032666802406 -0.021837765350937843 0.0024999999441206455
			vertex -0.019828567281365395 -0.021658513695001602 0.0024999999441206455
		endloop
	endfacet
	facet normal -0.6631232281386009 -0.7485102432853148 0
		outer loop
			vertex -0.01919831894338131 -0.02209354378283024 0
			vertex -0.019487032666802406 -0.021837765350937843 0.0024999999441206455
			vertex -0.019487032666802406 -0.021837765350937843 0
		endloop
	endfacet
	facet normal -0.6631232281386009 -0.7485102432853148 0
		outer loop
			vertex -0.01919831894338131 -0.02209354378283024 0
			vertex -0.01919831894338131 -0.02209354378283024 0.0024999999441206455
			vertex -0.019487032666802406 -0.021837765350937843 0.0024999999441206455
		endloop
	endfacet
	facet normal -0.8229843029755263 -0.5680641135082267 0
		outer loop
			vertex -0.018979206681251526 -0.022410983219742775 0
			vertex -0.018979206681251526 -0.022410983219742775 0.0024999999441206455
			vertex -0.01919831894338131 -0.02209354378283024 0.0024999999441206455
		endloop
	endfacet
	facet normal -0.8229843029755263 -0.5680641135082267 0
		outer loop
			vertex -0.018979206681251526 -0.022410983219742775 0
			vertex -0.01919831894338131 -0.02209354378283024 0.0024999999441206455
			vertex -0.01919831894338131 -0.02209354378283024 0
		endloop
	endfacet
	facet normal -0.9350154709208929 -0.35460692201165667 0
		outer loop
			vertex -0.018842428922653198 -0.02277163416147232 0
			vertex -0.018842428922653198 -0.02277163416147232 0.0024999999441206455
			vertex -0.018979206681251526 -0.022410983219742775 0.0024999999441206455
		endloop
	endfacet
	facet normal -0.9350154709208929 -0.35460692201165667 0
		outer loop
			vertex -0.018842428922653198 -0.02277163416147232 0
			vertex -0.018979206681251526 -0.022410983219742775 0.0024999999441206455
			vertex -0.018979206681251526 -0.022410983219742775 0
		endloop
	endfacet
	facet normal -0.9927087807854862 -0.12053744875097422 0
		outer loop
			vertex -0.018795935437083244 -0.023154539987444878 0
			vertex -0.018842428922653198 -0.02277163416147232 0.0024999999441206455
			vertex -0.018842428922653198 -0.02277163416147232 0
		endloop
	endfacet
	facet normal -0.9927087807854862 -0.12053744875097422 0
		outer loop
			vertex -0.018795935437083244 -0.023154539987444878 0
			vertex -0.018795935437083244 -0.023154539987444878 0.0024999999441206455
			vertex -0.018842428922653198 -0.02277163416147232 0.0024999999441206455
		endloop
	endfacet
	facet normal -0.992709358609455 0.12053268987791077 0
		outer loop
			vertex 0.023157572373747826 -0.023537445813417435 0
			vertex 0.02320406399667263 -0.023154539987444878 0.0024999999441206455
			vertex 0.02320406399667263 -0.023154539987444878 0
		endloop
	endfacet
	facet normal -0.992709358609455 0.12053268987791077 0
		outer loop
			vertex 0.023157572373747826 -0.023537445813417435 0
			vertex 0.023157572373747826 -0.023537445813417435 0.0024999999441206455
			vertex 0.02320406399667263 -0.023154539987444878 0.0024999999441206455
		endloop
	endfacet
	facet normal -0.9350154709208929 0.35460692201165667 0
		outer loop
			vertex 0.023020794615149498 -0.02389809675514698 0
			vertex 0.023020794615149498 -0.02389809675514698 0.0024999999441206455
			vertex 0.023157572373747826 -0.023537445813417435 0.0024999999441206455
		endloop
	endfacet
	facet normal -0.9350154709208929 0.35460692201165667 0
		outer loop
			vertex 0.023020794615149498 -0.02389809675514698 0
			vertex 0.023157572373747826 -0.023537445813417435 0.0024999999441206455
			vertex 0.023157572373747826 -0.023537445813417435 0
		endloop
	endfacet
	facet normal -0.8229843029755263 0.5680641135082267 0
		outer loop
			vertex 0.022801682353019714 -0.024215536192059517 0
			vertex 0.022801682353019714 -0.024215536192059517 0.0024999999441206455
			vertex 0.023020794615149498 -0.02389809675514698 0.0024999999441206455
		endloop
	endfacet
	facet normal -0.8229843029755263 0.5680641135082267 0
		outer loop
			vertex 0.022801682353019714 -0.024215536192059517 0
			vertex 0.023020794615149498 -0.02389809675514698 0.0024999999441206455
			vertex 0.023020794615149498 -0.02389809675514698 0
		endloop
	endfacet
	facet normal -0.6631232281386009 0.7485102432853148 0
		outer loop
			vertex 0.022512968629598618 -0.024471314623951912 0
			vertex 0.022512968629598618 -0.024471314623951912 0.0024999999441206455
			vertex 0.022801682353019714 -0.024215536192059517 0.0024999999441206455
		endloop
	endfacet
	facet normal -0.6631232281386009 0.7485102432853148 0
		outer loop
			vertex 0.022512968629598618 -0.024471314623951912 0
			vertex 0.022801682353019714 -0.024215536192059517 0.0024999999441206455
			vertex 0.022801682353019714 -0.024215536192059517 0
		endloop
	endfacet
	facet normal -0.4647221247889749 0.8854565752941365 0
		outer loop
			vertex 0.02217143215239048 -0.024650566279888153 0
			vertex 0.02217143215239048 -0.024650566279888153 0.0024999999441206455
			vertex 0.022512968629598618 -0.024471314623951912 0.0024999999441206455
		endloop
	endfacet
	facet normal -0.4647221247889749 0.8854565752941365 0
		outer loop
			vertex 0.02217143215239048 -0.024650566279888153 0
			vertex 0.022512968629598618 -0.024471314623951912 0.0024999999441206455
			vertex 0.022512968629598618 -0.024471314623951912 0
		endloop
	endfacet
	facet normal -0.23931303033827447 0.9709424666324531 0
		outer loop
			vertex 0.021796923130750656 -0.02474287338554859 0
			vertex 0.021796923130750656 -0.02474287338554859 0.0024999999441206455
			vertex 0.02217143215239048 -0.024650566279888153 0.0024999999441206455
		endloop
	endfacet
	facet normal -0.23931303033827447 0.9709424666324531 0
		outer loop
			vertex 0.021796923130750656 -0.02474287338554859 0
			vertex 0.02217143215239048 -0.024650566279888153 0.0024999999441206455
			vertex 0.02217143215239048 -0.024650566279888153 0
		endloop
	endfacet
	facet normal 0 1 0
		outer loop
			vertex 0.02141120657324791 -0.02474287338554859 0
			vertex 0.02141120657324791 -0.02474287338554859 0.0024999999441206455
			vertex 0.021796923130750656 -0.02474287338554859 0.0024999999441206455
		endloop
	endfacet
	facet normal 0 1 0
		outer loop
			vertex 0.02141120657324791 -0.02474287338554859 0
			vertex 0.021796923130750656 -0.02474287338554859 0.0024999999441206455
			vertex 0.021796923130750656 -0.02474287338554859 0
		endloop
	endfacet
	facet normal 0.23931303033827447 0.9709424666324531 0
		outer loop
			vertex 0.021036697551608086 -0.024650566279888153 0
			vertex 0.021036697551608086 -0.024650566279888153 0.0024999999441206455
			vertex 0.02141120657324791 -0.02474287338554859 0.0024999999441206455
		endloop
	endfacet
	facet normal 0.23931303033827447 0.9709424666324531 0
		outer loop
			vertex 0.021036697551608086 -0.024650566279888153 0
			vertex 0.02141120657324791 -0.02474287338554859 0.0024999999441206455
			vertex 0.02141120657324791 -0.02474287338554859 0
		endloop
	endfacet
	facet normal 0.4647221247889749 0.8854565752941365 0
		outer loop
			vertex 0.020695161074399948 -0.024471314623951912 0
			vertex 0.020695161074399948 -0.024471314623951912 0.0024999999441206455
			vertex 0.021036697551608086 -0.024650566279888153 0.0024999999441206455
		endloop
	endfacet
	facet normal 0.4647221247889749 0.8854565752941365 0
		outer loop
			vertex 0.020695161074399948 -0.024471314623951912 0
			vertex 0.021036697551608086 -0.024650566279888153 0.0024999999441206455
			vertex 0.021036697551608086 -0.024650566279888153 0
		endloop
	endfacet
	facet normal 0.6631232281386009 0.7485102432853148 0
		outer loop
			vertex 0.02040644735097885 -0.024215536192059517 0
			vertex 0.02040644735097885 -0.024215536192059517 0.0024999999441206455
			vertex 0.020695161074399948 -0.024471314623951912 0.0024999999441206455
		endloop
	endfacet
	facet normal 0.6631232281386009 0.7485102432853148 0
		outer loop
			vertex 0.02040644735097885 -0.024215536192059517 0
			vertex 0.020695161074399948 -0.024471314623951912 0.0024999999441206455
			vertex 0.020695161074399948 -0.024471314623951912 0
		endloop
	endfacet
	facet normal 0.8229843029755263 0.5680641135082267 0
		outer loop
			vertex 0.020187335088849068 -0.02389809675514698 0
			vertex 0.020187335088849068 -0.02389809675514698 0.0024999999441206455
			vertex 0.02040644735097885 -0.024215536192059517 0.0024999999441206455
		endloop
	endfacet
	facet normal 0.8229843029755263 0.5680641135082267 0
		outer loop
			vertex 0.020187335088849068 -0.02389809675514698 0
			vertex 0.02040644735097885 -0.024215536192059517 0.0024999999441206455
			vertex 0.02040644735097885 -0.024215536192059517 0
		endloop
	endfacet
	facet normal 0.9350154709208929 0.35460692201165667 0
		outer loop
			vertex 0.02005055733025074 -0.023537445813417435 0
			vertex 0.020187335088849068 -0.02389809675514698 0.0024999999441206455
			vertex 0.020187335088849068 -0.02389809675514698 0
		endloop
	endfacet
	facet normal 0.9350154709208929 0.35460692201165667 0
		outer loop
			vertex 0.02005055733025074 -0.023537445813417435 0
			vertex 0.02005055733025074 -0.023537445813417435 0.0024999999441206455
			vertex 0.020187335088849068 -0.02389809675514698 0.0024999999441206455
		endloop
	endfacet
	facet normal 0.9927087807854862 0.12053744875097422 0
		outer loop
			vertex 0.020004063844680786 -0.023154539987444878 0
			vertex 0.02005055733025074 -0.023537445813417435 0.0024999999441206455
			vertex 0.02005055733025074 -0.023537445813417435 0
		endloop
	endfacet
	facet normal 0.9927087807854862 0.12053744875097422 0
		outer loop
			vertex 0.020004063844680786 -0.023154539987444878 0
			vertex 0.020004063844680786 -0.023154539987444878 0.0024999999441206455
			vertex 0.02005055733025074 -0.023537445813417435 0.0024999999441206455
		endloop
	endfacet
	facet normal 0.9927087807854862 -0.12053744875097422 0
		outer loop
			vertex 0.02005055733025074 -0.02277163416147232 0
			vertex 0.020004063844680786 -0.023154539987444878 0.0024999999441206455
			vertex 0.020004063844680786 -0.023154539987444878 0
		endloop
	endfacet
	facet normal 0.9927087807854862 -0.12053744875097422 0
		outer loop
			vertex 0.02005055733025074 -0.02277163416147232 0
			vertex 0.02005055733025074 -0.02277163416147232 0.0024999999441206455
			vertex 0.020004063844680786 -0.023154539987444878 0.0024999999441206455
		endloop
	endfacet
	facet normal 0.9350154709208929 -0.35460692201165667 0
		outer loop
			vertex 0.020187335088849068 -0.022410983219742775 0
			vertex 0.02005055733025074 -0.02277163416147232 0.0024999999441206455
			vertex 0.02005055733025074 -0.02277163416147232 0
		endloop
	endfacet
	facet normal 0.9350154709208929 -0.35460692201165667 0
		outer loop
			vertex 0.020187335088849068 -0.022410983219742775 0
			vertex 0.020187335088849068 -0.022410983219742775 0.0024999999441206455
			vertex 0.02005055733025074 -0.02277163416147232 0.0024999999441206455
		endloop
	endfacet
	facet normal 0.8229843029755263 -0.5680641135082267 0
		outer loop
			vertex 0.02040644735097885 -0.02209354378283024 0
			vertex 0.020187335088849068 -0.022410983219742775 0.0024999999441206455
			vertex 0.020187335088849068 -0.022410983219742775 0
		endloop
	endfacet
	facet normal 0.8229843029755263 -0.5680641135082267 0
		outer loop
			vertex 0.02040644735097885 -0.02209354378283024 0
			vertex 0.02040644735097885 -0.02209354378283024 0.0024999999441206455
			vertex 0.020187335088849068 -0.022410983219742775 0.0024999999441206455
		endloop
	endfacet
	facet normal 0.6631232281386009 -0.7485102432853148 0
		outer loop
			vertex 0.020695161074399948 -0.021837765350937843 0
			vertex 0.02040644735097885 -0.02209354378283024 0.0024999999441206455
			vertex 0.02040644735097885 -0.02209354378283024 0
		endloop
	endfacet
	facet normal 0.6631232281386009 -0.7485102432853148 0
		outer loop
			vertex 0.020695161074399948 -0.021837765350937843 0
			vertex 0.020695161074399948 -0.021837765350937843 0.0024999999441206455
			vertex 0.02040644735097885 -0.02209354378283024 0.0024999999441206455
		endloop
	endfacet
	facet normal 0.4647221247889749 -0.8854565752941365 0
		outer loop
			vertex 0.021036697551608086 -0.021658513695001602 0
			vertex 0.020695161074399948 -0.021837765350937843 0.0024999999441206455
			vertex 0.020695161074399948 -0.021837765350937843 0
		endloop
	endfacet
	facet normal 0.4647221247889749 -0.8854565752941365 0
		outer loop
			vertex 0.021036697551608086 -0.021658513695001602 0
			vertex 0.021036697551608086 -0.021658513695001602 0.0024999999441206455
			vertex 0.020695161074399948 -0.021837765350937843 0.0024999999441206455
		endloop
	endfacet
	facet normal 0.23931303033827447 -0.9709424666324531 0
		outer loop
			vertex 0.02141120657324791 -0.021566206589341164 0
			vertex 0.021036697551608086 -0.021658513695001602 0.0024999999441206455
			vertex 0.021036697551608086 -0.021658513695001602 0
		endloop
	endfacet
	facet normal 0.23931303033827447 -0.9709424666324531 0
		outer loop
			vertex 0.02141120657324791 -0.021566206589341164 0
			vertex 0.02141120657324791 -0.021566206589341164 0.0024999999441206455
			vertex 0.021036697551608086 -0.021658513695001602 0.0024999999441206455
		endloop
	endfacet
	facet normal 0 -1 0
		outer loop
			vertex 0.021796923130750656 -0.021566206589341164 0
			vertex 0.02141120657324791 -0.021566206589341164 0.0024999999441206455
			vertex 0.02141120657324791 -0.021566206589341164 0
		endloop
	endfacet
	facet normal 0 -1 0
		outer loop
			vertex 0.021796923130750656 -0.021566206589341164 0
			vertex 0.021796923130750656 -0.021566206589341164 0.0024999999441206455
			vertex 0.02141120657324791 -0.021566206589341164 0.0024999999441206455
		endloop
	endfacet
	facet normal -0.23931303033827447 -0.9709424666324531 0
		outer loop
			vertex 0.02217143215239048 -0.021658513695001602 0
			vertex 0.021796923130750656 -0.021566206589341164 0.0024999999441206455
			vertex 0.021796923130750656 -0.021566206589341164 0
		endloop
	endfacet
	facet normal -0.23931303033827447 -0.9709424666324531 0
		outer loop
			vertex 0.02217143215239048 -0.021658513695001602 0
			vertex 0.02217143215239048 -0.021658513695001602 0.0024999999441206455
			vertex 0.021796923130750656 -0.021566206589341164 0.0024999999441206455
		endloop
	endfacet
	facet normal -0.4647221247889749 -0.8854565752941365 0
		outer loop
			vertex 0.022512968629598618 -0.021837765350937843 0
			vertex 0.02217143215239048 -0.021658513695001602 0.0024999999441206455
			vertex 0.02217143215239048 -0.021658513695001602 0
		endloop
	endfacet
	facet normal -0.4647221247889749 -0.8854565752941365 0
		outer loop
			vertex 0.022512968629598618 -0.021837765350937843 0
			vertex 0.022512968629598618 -0.021837765350937843 0.0024999999441206455
			vertex 0.02217143215239048 -0.021658513695001602 0.0024999999441206455
		endloop
	endfacet
	facet normal -0.6631232281386009 -0.7485102432853148 0
		outer loop
			vertex 0.022801682353019714 -0.02209354378283024 0
			vertex 0.022512968629598618 -0.021837765350937843 0.0024999999441206455
			vertex 0.022512968629598618 -0.021837765350937843 0
		endloop
	endfacet
	facet normal -0.6631232281386009 -0.7485102432853148 0
		outer loop
			vertex 0.022801682353019714 -0.02209354378283024 0
			vertex 0.022801682353019714 -0.02209354378283024 0.0024999999441206455
			vertex 0.022512968629598618 -0.021837765350937843 0.0024999999441206455
		endloop
	endfacet
	facet normal -0.8229843029755263 -0.5680641135082267 0
		outer loop
			vertex 0.023020794615149498 -0.022410983219742775 0
			vertex 0.023020794615149498 -0.022410983219742775 0.0024999999441206455
			vertex 0.022801682353019714 -0.02209354378283024 0.0024999999441206455
		endloop
	endfacet
	facet normal -0.8229843029755263 -0.5680641135082267 0
		outer loop
			vertex 0.023020794615149498 -0.022410983219742775 0
			vertex 0.022801682353019714 -0.02209354378283024 0.0024999999441206455
			vertex 0.022801682353019714 -0.02209354378283024 0
		endloop
	endfacet
	facet normal -0.9350154709208929 -0.35460692201165667 0
		outer loop
			vertex 0.023157572373747826 -0.02277163416147232 0
			vertex 0.023157572373747826 -0.02277163416147232 0.0024999999441206455
			vertex 0.023020794615149498 -0.022410983219742775 0.0024999999441206455
		endloop
	endfacet
	facet normal -0.9350154709208929 -0.35460692201165667 0
		outer loop
			vertex 0.023157572373747826 -0.02277163416147232 0
			vertex 0.023020794615149498 -0.022410983219742775 0.0024999999441206455
			vertex 0.023020794615149498 -0.022410983219742775 0
		endloop
	endfacet
	facet normal -0.992709358609455 -0.12053268987791077 0
		outer loop
			vertex 0.02320406399667263 -0.023154539987444878 0
			vertex 0.023157572373747826 -0.02277163416147232 0.0024999999441206455
			vertex 0.023157572373747826 -0.02277163416147232 0
		endloop
	endfacet
	facet normal -0.992709358609455 -0.12053268987791077 0
		outer loop
			vertex 0.02320406399667263 -0.023154539987444878 0
			vertex 0.02320406399667263 -0.023154539987444878 0.0024999999441206455
			vertex 0.023157572373747826 -0.02277163416147232 0.0024999999441206455
		endloop
	endfacet
	facet normal 0 -1 0
		outer loop
			vertex 0.08062257617712021 0.03999999910593033 0
			vertex 0.06780000030994415 0.03999999910593033 0.0024999999441206455
			vertex 0.06780000030994415 0.03999999910593033 0
		endloop
	endfacet
	facet normal 0 -1 0
		outer loop
			vertex 0.08062257617712021 0.03999999910593033 0
			vertex 0.08062257617712021 0.03999999910593033 0.0024999999441206455
			vertex 0.06780000030994415 0.03999999910593033 0.0024999999441206455
		endloop
	endfacet
	facet normal 0 1 0
		outer loop
			vertex 0.06780000030994415 -0.03999999910593033 0
			vertex 0.08062257617712021 -0.03999999910593033 0.0024999999441206455
			vertex 0.08062257617712021 -0.03999999910593033 0
		endloop
	endfacet
	facet normal 0 1 0
		outer loop
			vertex 0.06780000030994415 -0.03999999910593033 0
			vertex 0.06780000030994415 -0.03999999910593033 0.0024999999441206455
			vertex 0.08062257617712021 -0.03999999910593033 0.0024999999441206455
		endloop
	endfacet
	facet normal 0.879850703759983 0.4752501857896143 0
		outer loop
			vertex 0.07765518128871918 0.04549366235733032 0.0024999999441206455
			vertex 0.08062257617712021 0.03999999910593033 0.0024999999441206455
			vertex 0.08062257617712021 0.03999999910593033 0
		endloop
	endfacet
	facet normal 0.879850703759983 0.4752501857896143 0
		outer loop
			vertex 0.07765518128871918 0.04549366235733032 0.0024999999441206455
			vertex 0.08062257617712021 0.03999999910593033 0
			vertex 0.07765518128871918 0.04549366235733032 0
		endloop
	endfacet
	facet normal 0.844781532467032 0.5351113551426967 0
		outer loop
			vertex 0.07431402057409286 0.05076836049556732 0.0024999999441206455
			vertex 0.07765518128871918 0.04549366235733032 0
			vertex 0.07431402057409286 0.05076836049556732 0
		endloop
	endfacet
	facet normal 0.844781532467032 0.5351113551426967 0
		outer loop
			vertex 0.07431402057409286 0.05076836049556732 0.0024999999441206455
			vertex 0.07765518128871918 0.04549366235733032 0.0024999999441206455
			vertex 0.07765518128871918 0.04549366235733032 0
		endloop
	endfacet
	facet normal 0.8056468251487074 0.5923961454363188 0
		outer loop
			vertex 0.07061517983675003 0.05579870939254761 0.0024999999441206455
			vertex 0.07431402057409286 0.05076836049556732 0
			vertex 0.07061517983675003 0.05579870939254761 0
		endloop
	endfacet
	facet normal 0.8056468251487074 0.5923961454363188 0
		outer loop
			vertex 0.07061517983675003 0.05579870939254761 0.0024999999441206455
			vertex 0.07431402057409286 0.05076836049556732 0.0024999999441206455
			vertex 0.07431402057409286 0.05076836049556732 0
		endloop
	endfacet
	facet normal 0.7626352388189994 0.6468287969095747 0
		outer loop
			vertex 0.06657647341489792 0.06056049466133118 0.0024999999441206455
			vertex 0.07061517983675003 0.05579870939254761 0
			vertex 0.06657647341489792 0.06056049466133118 0
		endloop
	endfacet
	facet normal 0.7626352388189994 0.6468287969095747 0
		outer loop
			vertex 0.06657647341489792 0.06056049466133118 0.0024999999441206455
			vertex 0.07061517983675003 0.05579870939254761 0.0024999999441206455
			vertex 0.07061517983675003 0.05579870939254761 0
		endloop
	endfacet
	facet normal 0.7159516174033123 0.6981498990457431 0
		outer loop
			vertex 0.06221732124686241 0.06503079831600189 0.0024999999441206455
			vertex 0.06657647341489792 0.06056049466133118 0
			vertex 0.06221732124686241 0.06503079831600189 0
		endloop
	endfacet
	facet normal 0.7159516174033123 0.6981498990457431 0
		outer loop
			vertex 0.06221732124686241 0.06503079831600189 0.0024999999441206455
			vertex 0.06657647341489792 0.06056049466133118 0.0024999999441206455
			vertex 0.06657647341489792 0.06056049466133118 0
		endloop
	endfacet
	facet normal 0.6658231274394169 0.7461096185995689 0
		outer loop
			vertex 0.05755871906876564 0.06918810307979584 0.0024999999441206455
			vertex 0.06221732124686241 0.06503079831600189 0
			vertex 0.05755871906876564 0.06918810307979584 0
		endloop
	endfacet
	facet normal 0.6658231274394169 0.7461096185995689 0
		outer loop
			vertex 0.05755871906876564 0.06918810307979584 0.0024999999441206455
			vertex 0.06221732124686241 0.06503079831600189 0.0024999999441206455
			vertex 0.06221732124686241 0.06503079831600189 0
		endloop
	endfacet
	facet normal 0.6124898435872225 0.7904784573297997 0
		outer loop
			vertex 0.05262308195233345 0.07301240414381027 0.0024999999441206455
			vertex 0.05755871906876564 0.06918810307979584 0
			vertex 0.05262308195233345 0.07301240414381027 0
		endloop
	endfacet
	facet normal 0.6124898435872225 0.7904784573297997 0
		outer loop
			vertex 0.05262308195233345 0.07301240414381027 0.0024999999441206455
			vertex 0.05755871906876564 0.06918810307979584 0.0024999999441206455
			vertex 0.05755871906876564 0.06918810307979584 0
		endloop
	endfacet
	facet normal 0.5562083053573401 0.831042911678763 0
		outer loop
			vertex 0.04743416607379913 0.0764852911233902 0.0024999999441206455
			vertex 0.05262308195233345 0.07301240414381027 0.0024999999441206455
			vertex 0.05262308195233345 0.07301240414381027 0
		endloop
	endfacet
	facet normal 0.5562083053573401 0.831042911678763 0
		outer loop
			vertex 0.04743416607379913 0.0764852911233902 0.0024999999441206455
			vertex 0.05262308195233345 0.07301240414381027 0
			vertex 0.04743416607379913 0.0764852911233902 0
		endloop
	endfacet
	facet normal 0.4972501037154823 0.8676072466012154 0
		outer loop
			vertex 0.04201694577932358 0.07959005236625671 0.0024999999441206455
			vertex 0.04743416607379913 0.0764852911233902 0.0024999999441206455
			vertex 0.04743416607379913 0.0764852911233902 0
		endloop
	endfacet
	facet normal 0.4972501037154823 0.8676072466012154 0
		outer loop
			vertex 0.04201694577932358 0.07959005236625671 0.0024999999441206455
			vertex 0.04743416607379913 0.0764852911233902 0
			vertex 0.04201694577932358 0.07959005236625671 0
		endloop
	endfacet
	facet normal 0.4358983408378233 0.8999959091322765 0
		outer loop
			vertex 0.03639749437570572 0.08231174200773239 0.0024999999441206455
			vertex 0.04201694577932358 0.07959005236625671 0.0024999999441206455
			vertex 0.04201694577932358 0.07959005236625671 0
		endloop
	endfacet
	facet normal 0.4358983408378233 0.8999959091322765 0
		outer loop
			vertex 0.03639749437570572 0.08231174200773239 0.0024999999441206455
			vertex 0.04201694577932358 0.07959005236625671 0
			vertex 0.03639749437570572 0.08231174200773239 0
		endloop
	endfacet
	facet normal 0.37244801847785464 0.9280530553432383 0
		outer loop
			vertex 0.030602863058447838 0.08463725447654724 0.0024999999441206455
			vertex 0.03639749437570572 0.08231174200773239 0.0024999999441206455
			vertex 0.03639749437570572 0.08231174200773239 0
		endloop
	endfacet
	facet normal 0.37244801847785464 0.9280530553432383 0
		outer loop
			vertex 0.030602863058447838 0.08463725447654724 0.0024999999441206455
			vertex 0.03639749437570572 0.08231174200773239 0
			vertex 0.030602863058447838 0.08463725447654724 0
		endloop
	endfacet
	facet normal 0.30720612003434083 0.9516430001914826 0
		outer loop
			vertex 0.02466093748807907 0.08655540645122528 0.0024999999441206455
			vertex 0.030602863058447838 0.08463725447654724 0.0024999999441206455
			vertex 0.030602863058447838 0.08463725447654724 0
		endloop
	endfacet
	facet normal 0.30720612003434083 0.9516430001914826 0
		outer loop
			vertex 0.02466093748807907 0.08655540645122528 0.0024999999441206455
			vertex 0.030602863058447838 0.08463725447654724 0
			vertex 0.02466093748807907 0.08655540645122528 0
		endloop
	endfacet
	facet normal 0.24048470277506634 0.9706529285646791 0
		outer loop
			vertex 0.01860031671822071 0.08805695921182632 0.0024999999441206455
			vertex 0.02466093748807907 0.08655540645122528 0.0024999999441206455
			vertex 0.02466093748807907 0.08655540645122528 0
		endloop
	endfacet
	facet normal 0.24048470277506634 0.9706529285646791 0
		outer loop
			vertex 0.01860031671822071 0.08805695921182632 0.0024999999441206455
			vertex 0.02466093748807907 0.08655540645122528 0
			vertex 0.01860031671822071 0.08805695921182632 0
		endloop
	endfacet
	facet normal 0.17260698242125028 0.9849907764133786 0
		outer loop
			vertex 0.012450171634554863 0.08913469314575195 0.0024999999441206455
			vertex 0.01860031671822071 0.08805695921182632 0.0024999999441206455
			vertex 0.01860031671822071 0.08805695921182632 0
		endloop
	endfacet
	facet normal 0.17260698242125028 0.9849907764133786 0
		outer loop
			vertex 0.012450171634554863 0.08913469314575195 0.0024999999441206455
			vertex 0.01860031671822071 0.08805695921182632 0
			vertex 0.012450171634554863 0.08913469314575195 0
		endloop
	endfacet
	facet normal 0.10389758178930711 0.994588001384661 0
		outer loop
			vertex 0.0062401024624705315 0.08978341519832611 0.0024999999441206455
			vertex 0.012450171634554863 0.08913469314575195 0.0024999999441206455
			vertex 0.012450171634554863 0.08913469314575195 0
		endloop
	endfacet
	facet normal 0.10389758178930711 0.994588001384661 0
		outer loop
			vertex 0.0062401024624705315 0.08978341519832611 0.0024999999441206455
			vertex 0.012450171634554863 0.08913469314575195 0
			vertex 0.0062401024624705315 0.08978341519832611 0
		endloop
	endfacet
	facet normal 0.03468821748037588 0.999398182691981 0
		outer loop
			vertex -3.4457118314570176e-17 0.09000000357627869 0.0024999999441206455
			vertex 0.0062401024624705315 0.08978341519832611 0.0024999999441206455
			vertex 0.0062401024624705315 0.08978341519832611 0
		endloop
	endfacet
	facet normal 0.03468821748037588 0.999398182691981 0
		outer loop
			vertex -3.4457118314570176e-17 0.09000000357627869 0.0024999999441206455
			vertex 0.0062401024624705315 0.08978341519832611 0
			vertex -3.4457118314570176e-17 0.09000000357627869 0
		endloop
	endfacet
	facet normal -0.03468821748037627 0.999398182691981 0
		outer loop
			vertex -0.0062401024624705315 0.08978341519832611 0.0024999999441206455
			vertex -3.4457118314570176e-17 0.09000000357627869 0.0024999999441206455
			vertex -3.4457118314570176e-17 0.09000000357627869 0
		endloop
	endfacet
	facet normal -0.03468821748037627 0.999398182691981 0
		outer loop
			vertex -0.0062401024624705315 0.08978341519832611 0.0024999999441206455
			vertex -3.4457118314570176e-17 0.09000000357627869 0
			vertex -0.0062401024624705315 0.08978341519832611 0
		endloop
	endfacet
	facet normal -0.10389758178930711 0.994588001384661 0
		outer loop
			vertex -0.012450171634554863 0.08913469314575195 0.0024999999441206455
			vertex -0.0062401024624705315 0.08978341519832611 0.0024999999441206455
			vertex -0.0062401024624705315 0.08978341519832611 0
		endloop
	endfacet
	facet normal -0.10389758178930711 0.994588001384661 0
		outer loop
			vertex -0.012450171634554863 0.08913469314575195 0.0024999999441206455
			vertex -0.0062401024624705315 0.08978341519832611 0
			vertex -0.012450171634554863 0.08913469314575195 0
		endloop
	endfacet
	facet normal -0.17260698242125028 0.9849907764133786 0
		outer loop
			vertex -0.01860031671822071 0.08805695921182632 0.0024999999441206455
			vertex -0.012450171634554863 0.08913469314575195 0.0024999999441206455
			vertex -0.012450171634554863 0.08913469314575195 0
		endloop
	endfacet
	facet normal -0.17260698242125028 0.9849907764133786 0
		outer loop
			vertex -0.01860031671822071 0.08805695921182632 0.0024999999441206455
			vertex -0.012450171634554863 0.08913469314575195 0
			vertex -0.01860031671822071 0.08805695921182632 0
		endloop
	endfacet
	facet normal -0.24048470277506634 0.9706529285646791 0
		outer loop
			vertex -0.02466093748807907 0.08655540645122528 0.0024999999441206455
			vertex -0.01860031671822071 0.08805695921182632 0.0024999999441206455
			vertex -0.01860031671822071 0.08805695921182632 0
		endloop
	endfacet
	facet normal -0.24048470277506634 0.9706529285646791 0
		outer loop
			vertex -0.02466093748807907 0.08655540645122528 0.0024999999441206455
			vertex -0.01860031671822071 0.08805695921182632 0
			vertex -0.02466093748807907 0.08655540645122528 0
		endloop
	endfacet
	facet normal -0.30720612003434083 0.9516430001914826 0
		outer loop
			vertex -0.030602863058447838 0.08463725447654724 0.0024999999441206455
			vertex -0.02466093748807907 0.08655540645122528 0
			vertex -0.030602863058447838 0.08463725447654724 0
		endloop
	endfacet
	facet normal -0.30720612003434083 0.9516430001914826 0
		outer loop
			vertex -0.030602863058447838 0.08463725447654724 0.0024999999441206455
			vertex -0.02466093748807907 0.08655540645122528 0.0024999999441206455
			vertex -0.02466093748807907 0.08655540645122528 0
		endloop
	endfacet
	facet normal -0.37244801847785464 0.9280530553432383 0
		outer loop
			vertex -0.03639749437570572 0.08231174200773239 0.0024999999441206455
			vertex -0.030602863058447838 0.08463725447654724 0.0024999999441206455
			vertex -0.030602863058447838 0.08463725447654724 0
		endloop
	endfacet
	facet normal -0.37244801847785464 0.9280530553432383 0
		outer loop
			vertex -0.03639749437570572 0.08231174200773239 0.0024999999441206455
			vertex -0.030602863058447838 0.08463725447654724 0
			vertex -0.03639749437570572 0.08231174200773239 0
		endloop
	endfacet
	facet normal -0.4358983408378233 0.8999959091322765 0
		outer loop
			vertex -0.04201694577932358 0.07959005236625671 0.0024999999441206455
			vertex -0.03639749437570572 0.08231174200773239 0
			vertex -0.04201694577932358 0.07959005236625671 0
		endloop
	endfacet
	facet normal -0.4358983408378233 0.8999959091322765 0
		outer loop
			vertex -0.04201694577932358 0.07959005236625671 0.0024999999441206455
			vertex -0.03639749437570572 0.08231174200773239 0.0024999999441206455
			vertex -0.03639749437570572 0.08231174200773239 0
		endloop
	endfacet
	facet normal -0.4972501037154823 0.8676072466012154 0
		outer loop
			vertex -0.04743416607379913 0.0764852911233902 0.0024999999441206455
			vertex -0.04201694577932358 0.07959005236625671 0
			vertex -0.04743416607379913 0.0764852911233902 0
		endloop
	endfacet
	facet normal -0.4972501037154823 0.8676072466012154 0
		outer loop
			vertex -0.04743416607379913 0.0764852911233902 0.0024999999441206455
			vertex -0.04201694577932358 0.07959005236625671 0.0024999999441206455
			vertex -0.04201694577932358 0.07959005236625671 0
		endloop
	endfacet
	facet normal -0.5562083053573401 0.831042911678763 0
		outer loop
			vertex -0.05262308195233345 0.07301240414381027 0.0024999999441206455
			vertex -0.04743416607379913 0.0764852911233902 0
			vertex -0.05262308195233345 0.07301240414381027 0
		endloop
	endfacet
	facet normal -0.5562083053573401 0.831042911678763 0
		outer loop
			vertex -0.05262308195233345 0.07301240414381027 0.0024999999441206455
			vertex -0.04743416607379913 0.0764852911233902 0.0024999999441206455
			vertex -0.04743416607379913 0.0764852911233902 0
		endloop
	endfacet
	facet normal -0.6124898435872225 0.7904784573297997 0
		outer loop
			vertex -0.05755871906876564 0.06918810307979584 0.0024999999441206455
			vertex -0.05262308195233345 0.07301240414381027 0
			vertex -0.05755871906876564 0.06918810307979584 0
		endloop
	endfacet
	facet normal -0.6124898435872225 0.7904784573297997 0
		outer loop
			vertex -0.05755871906876564 0.06918810307979584 0.0024999999441206455
			vertex -0.05262308195233345 0.07301240414381027 0.0024999999441206455
			vertex -0.05262308195233345 0.07301240414381027 0
		endloop
	endfacet
	facet normal -0.6658231274394169 0.7461096185995689 0
		outer loop
			vertex -0.06221732124686241 0.06503079831600189 0.0024999999441206455
			vertex -0.05755871906876564 0.06918810307979584 0
			vertex -0.06221732124686241 0.06503079831600189 0
		endloop
	endfacet
	facet normal -0.6658231274394169 0.7461096185995689 0
		outer loop
			vertex -0.06221732124686241 0.06503079831600189 0.0024999999441206455
			vertex -0.05755871906876564 0.06918810307979584 0.0024999999441206455
			vertex -0.05755871906876564 0.06918810307979584 0
		endloop
	endfacet
	facet normal -0.7159516174033123 0.6981498990457431 0
		outer loop
			vertex -0.06657647341489792 0.06056049466133118 0.0024999999441206455
			vertex -0.06221732124686241 0.06503079831600189 0
			vertex -0.06657647341489792 0.06056049466133118 0
		endloop
	endfacet
	facet normal -0.7159516174033123 0.6981498990457431 0
		outer loop
			vertex -0.06657647341489792 0.06056049466133118 0.0024999999441206455
			vertex -0.06221732124686241 0.06503079831600189 0.0024999999441206455
			vertex -0.06221732124686241 0.06503079831600189 0
		endloop
	endfacet
	facet normal -0.7626352388189994 0.6468287969095747 0
		outer loop
			vertex -0.07061517983675003 0.05579870939254761 0.0024999999441206455
			vertex -0.06657647341489792 0.06056049466133118 0
			vertex -0.07061517983675003 0.05579870939254761 0
		endloop
	endfacet
	facet normal -0.7626352388189994 0.6468287969095747 0
		outer loop
			vertex -0.07061517983675003 0.05579870939254761 0.0024999999441206455
			vertex -0.06657647341489792 0.06056049466133118 0.0024999999441206455
			vertex -0.06657647341489792 0.06056049466133118 0
		endloop
	endfacet
	facet normal -0.8056468251487074 0.5923961454363188 0
		outer loop
			vertex -0.07431402057409286 0.05076836049556732 0.0024999999441206455
			vertex -0.07061517983675003 0.05579870939254761 0
			vertex -0.07431402057409286 0.05076836049556732 0
		endloop
	endfacet
	facet normal -0.8056468251487074 0.5923961454363188 0
		outer loop
			vertex -0.07431402057409286 0.05076836049556732 0.0024999999441206455
			vertex -0.07061517983675003 0.05579870939254761 0.0024999999441206455
			vertex -0.07061517983675003 0.05579870939254761 0
		endloop
	endfacet
	facet normal -0.844781532467032 0.5351113551426967 0
		outer loop
			vertex -0.07765518128871918 0.04549366235733032 0.0024999999441206455
			vertex -0.07431402057409286 0.05076836049556732 0
			vertex -0.07765518128871918 0.04549366235733032 0
		endloop
	endfacet
	facet normal -0.844781532467032 0.5351113551426967 0
		outer loop
			vertex -0.07765518128871918 0.04549366235733032 0.0024999999441206455
			vertex -0.07431402057409286 0.05076836049556732 0.0024999999441206455
			vertex -0.07431402057409286 0.05076836049556732 0
		endloop
	endfacet
	facet normal -0.879850703759983 0.4752501857896143 0
		outer loop
			vertex -0.08062257617712021 0.03999999910593033 0.0024999999441206455
			vertex -0.07765518128871918 0.04549366235733032 0
			vertex -0.08062257617712021 0.03999999910593033 0
		endloop
	endfacet
	facet normal -0.879850703759983 0.4752501857896143 0
		outer loop
			vertex -0.08062257617712021 0.03999999910593033 0.0024999999441206455
			vertex -0.07765518128871918 0.04549366235733032 0.0024999999441206455
			vertex -0.07765518128871918 0.04549366235733032 0
		endloop
	endfacet
	facet normal -0.879850703759983 -0.4752501857896143 0
		outer loop
			vertex -0.07765518128871918 -0.04549366235733032 0.0024999999441206455
			vertex -0.08062257617712021 -0.03999999910593033 0.0024999999441206455
			vertex -0.08062257617712021 -0.03999999910593033 0
		endloop
	endfacet
	facet normal -0.879850703759983 -0.4752501857896143 0
		outer loop
			vertex -0.07765518128871918 -0.04549366235733032 0.0024999999441206455
			vertex -0.08062257617712021 -0.03999999910593033 0
			vertex -0.07765518128871918 -0.04549366235733032 0
		endloop
	endfacet
	facet normal -0.844781532467032 -0.5351113551426967 0
		outer loop
			vertex -0.07431402057409286 -0.05076836049556732 0.0024999999441206455
			vertex -0.07765518128871918 -0.04549366235733032 0
			vertex -0.07431402057409286 -0.05076836049556732 0
		endloop
	endfacet
	facet normal -0.844781532467032 -0.5351113551426967 0
		outer loop
			vertex -0.07431402057409286 -0.05076836049556732 0.0024999999441206455
			vertex -0.07765518128871918 -0.04549366235733032 0.0024999999441206455
			vertex -0.07765518128871918 -0.04549366235733032 0
		endloop
	endfacet
	facet normal -0.8056468251487074 -0.5923961454363188 0
		outer loop
			vertex -0.07061517983675003 -0.05579870939254761 0.0024999999441206455
			vertex -0.07431402057409286 -0.05076836049556732 0
			vertex -0.07061517983675003 -0.05579870939254761 0
		endloop
	endfacet
	facet normal -0.8056468251487074 -0.5923961454363188 0
		outer loop
			vertex -0.07061517983675003 -0.05579870939254761 0.0024999999441206455
			vertex -0.07431402057409286 -0.05076836049556732 0.0024999999441206455
			vertex -0.07431402057409286 -0.05076836049556732 0
		endloop
	endfacet
	facet normal -0.7626352388189994 -0.6468287969095747 0
		outer loop
			vertex -0.06657647341489792 -0.06056049466133118 0.0024999999441206455
			vertex -0.07061517983675003 -0.05579870939254761 0
			vertex -0.06657647341489792 -0.06056049466133118 0
		endloop
	endfacet
	facet normal -0.7626352388189994 -0.6468287969095747 0
		outer loop
			vertex -0.06657647341489792 -0.06056049466133118 0.0024999999441206455
			vertex -0.07061517983675003 -0.05579870939254761 0.0024999999441206455
			vertex -0.07061517983675003 -0.05579870939254761 0
		endloop
	endfacet
	facet normal -0.7159516174033123 -0.6981498990457431 0
		outer loop
			vertex -0.06221732124686241 -0.06503079831600189 0.0024999999441206455
			vertex -0.06657647341489792 -0.06056049466133118 0
			vertex -0.06221732124686241 -0.06503079831600189 0
		endloop
	endfacet
	facet normal -0.7159516174033123 -0.6981498990457431 0
		outer loop
			vertex -0.06221732124686241 -0.06503079831600189 0.0024999999441206455
			vertex -0.06657647341489792 -0.06056049466133118 0.0024999999441206455
			vertex -0.06657647341489792 -0.06056049466133118 0
		endloop
	endfacet
	facet normal -0.6658231274394169 -0.7461096185995689 0
		outer loop
			vertex -0.05755871906876564 -0.06918810307979584 0.0024999999441206455
			vertex -0.06221732124686241 -0.06503079831600189 0
			vertex -0.05755871906876564 -0.06918810307979584 0
		endloop
	endfacet
	facet normal -0.6658231274394169 -0.7461096185995689 0
		outer loop
			vertex -0.05755871906876564 -0.06918810307979584 0.0024999999441206455
			vertex -0.06221732124686241 -0.06503079831600189 0.0024999999441206455
			vertex -0.06221732124686241 -0.06503079831600189 0
		endloop
	endfacet
	facet normal -0.6124898435872225 -0.7904784573297997 0
		outer loop
			vertex -0.05262308195233345 -0.07301240414381027 0.0024999999441206455
			vertex -0.05755871906876564 -0.06918810307979584 0
			vertex -0.05262308195233345 -0.07301240414381027 0
		endloop
	endfacet
	facet normal -0.6124898435872225 -0.7904784573297997 0
		outer loop
			vertex -0.05262308195233345 -0.07301240414381027 0.0024999999441206455
			vertex -0.05755871906876564 -0.06918810307979584 0.0024999999441206455
			vertex -0.05755871906876564 -0.06918810307979584 0
		endloop
	endfacet
	facet normal -0.5562083053573401 -0.831042911678763 0
		outer loop
			vertex -0.04743416607379913 -0.0764852911233902 0.0024999999441206455
			vertex -0.05262308195233345 -0.07301240414381027 0.0024999999441206455
			vertex -0.05262308195233345 -0.07301240414381027 0
		endloop
	endfacet
	facet normal -0.5562083053573401 -0.831042911678763 0
		outer loop
			vertex -0.04743416607379913 -0.0764852911233902 0.0024999999441206455
			vertex -0.05262308195233345 -0.07301240414381027 0
			vertex -0.04743416607379913 -0.0764852911233902 0
		endloop
	endfacet
	facet normal -0.4972501037154823 -0.8676072466012154 0
		outer loop
			vertex -0.04201694577932358 -0.07959005236625671 0.0024999999441206455
			vertex -0.04743416607379913 -0.0764852911233902 0.0024999999441206455
			vertex -0.04743416607379913 -0.0764852911233902 0
		endloop
	endfacet
	facet normal -0.4972501037154823 -0.8676072466012154 0
		outer loop
			vertex -0.04201694577932358 -0.07959005236625671 0.0024999999441206455
			vertex -0.04743416607379913 -0.0764852911233902 0
			vertex -0.04201694577932358 -0.07959005236625671 0
		endloop
	endfacet
	facet normal -0.4358983408378233 -0.8999959091322765 0
		outer loop
			vertex -0.03639749437570572 -0.08231174200773239 0.0024999999441206455
			vertex -0.04201694577932358 -0.07959005236625671 0
			vertex -0.03639749437570572 -0.08231174200773239 0
		endloop
	endfacet
	facet normal -0.4358983408378233 -0.8999959091322765 0
		outer loop
			vertex -0.03639749437570572 -0.08231174200773239 0.0024999999441206455
			vertex -0.04201694577932358 -0.07959005236625671 0.0024999999441206455
			vertex -0.04201694577932358 -0.07959005236625671 0
		endloop
	endfacet
	facet normal -0.37244801847785464 -0.9280530553432383 0
		outer loop
			vertex -0.030602863058447838 -0.08463725447654724 0.0024999999441206455
			vertex -0.03639749437570572 -0.08231174200773239 0
			vertex -0.030602863058447838 -0.08463725447654724 0
		endloop
	endfacet
	facet normal -0.37244801847785464 -0.9280530553432383 0
		outer loop
			vertex -0.030602863058447838 -0.08463725447654724 0.0024999999441206455
			vertex -0.03639749437570572 -0.08231174200773239 0.0024999999441206455
			vertex -0.03639749437570572 -0.08231174200773239 0
		endloop
	endfacet
	facet normal -0.30720612003434083 -0.9516430001914826 0
		outer loop
			vertex -0.02466093748807907 -0.08655540645122528 0.0024999999441206455
			vertex -0.030602863058447838 -0.08463725447654724 0
			vertex -0.02466093748807907 -0.08655540645122528 0
		endloop
	endfacet
	facet normal -0.30720612003434083 -0.9516430001914826 0
		outer loop
			vertex -0.02466093748807907 -0.08655540645122528 0.0024999999441206455
			vertex -0.030602863058447838 -0.08463725447654724 0.0024999999441206455
			vertex -0.030602863058447838 -0.08463725447654724 0
		endloop
	endfacet
	facet normal -0.24048470277506634 -0.9706529285646791 0
		outer loop
			vertex -0.01860031671822071 -0.08805695921182632 0.0024999999441206455
			vertex -0.02466093748807907 -0.08655540645122528 0
			vertex -0.01860031671822071 -0.08805695921182632 0
		endloop
	endfacet
	facet normal -0.24048470277506634 -0.9706529285646791 0
		outer loop
			vertex -0.01860031671822071 -0.08805695921182632 0.0024999999441206455
			vertex -0.02466093748807907 -0.08655540645122528 0.0024999999441206455
			vertex -0.02466093748807907 -0.08655540645122528 0
		endloop
	endfacet
	facet normal -0.17260698242125028 -0.9849907764133786 0
		outer loop
			vertex -0.012450171634554863 -0.08913469314575195 0.0024999999441206455
			vertex -0.01860031671822071 -0.08805695921182632 0
			vertex -0.012450171634554863 -0.08913469314575195 0
		endloop
	endfacet
	facet normal -0.17260698242125028 -0.9849907764133786 0
		outer loop
			vertex -0.012450171634554863 -0.08913469314575195 0.0024999999441206455
			vertex -0.01860031671822071 -0.08805695921182632 0.0024999999441206455
			vertex -0.01860031671822071 -0.08805695921182632 0
		endloop
	endfacet
	facet normal -0.10389758178930711 -0.994588001384661 0
		outer loop
			vertex -0.0062401024624705315 -0.08978341519832611 0.0024999999441206455
			vertex -0.012450171634554863 -0.08913469314575195 0
			vertex -0.0062401024624705315 -0.08978341519832611 0
		endloop
	endfacet
	facet normal -0.10389758178930711 -0.994588001384661 0
		outer loop
			vertex -0.0062401024624705315 -0.08978341519832611 0.0024999999441206455
			vertex -0.012450171634554863 -0.08913469314575195 0.0024999999441206455
			vertex -0.012450171634554863 -0.08913469314575195 0
		endloop
	endfacet
	facet normal -0.03468821748037794 -0.999398182691981 0
		outer loop
			vertex -3.3627695049940395e-16 -0.09000000357627869 0.0024999999441206455
			vertex -0.0062401024624705315 -0.08978341519832611 0
			vertex -3.3627695049940395e-16 -0.09000000357627869 0
		endloop
	endfacet
	facet normal -0.03468821748037794 -0.999398182691981 0
		outer loop
			vertex -3.3627695049940395e-16 -0.09000000357627869 0.0024999999441206455
			vertex -0.0062401024624705315 -0.08978341519832611 0.0024999999441206455
			vertex -0.0062401024624705315 -0.08978341519832611 0
		endloop
	endfacet
	facet normal 0.034688217480374206 -0.9993981826919811 0
		outer loop
			vertex 0.0062401024624705315 -0.08978341519832611 0.0024999999441206455
			vertex -3.3627695049940395e-16 -0.09000000357627869 0
			vertex 0.0062401024624705315 -0.08978341519832611 0
		endloop
	endfacet
	facet normal 0.034688217480374206 -0.9993981826919811 0
		outer loop
			vertex 0.0062401024624705315 -0.08978341519832611 0.0024999999441206455
			vertex -3.3627695049940395e-16 -0.09000000357627869 0.0024999999441206455
			vertex -3.3627695049940395e-16 -0.09000000357627869 0
		endloop
	endfacet
	facet normal 0.10389758178930711 -0.994588001384661 0
		outer loop
			vertex 0.012450171634554863 -0.08913469314575195 0.0024999999441206455
			vertex 0.0062401024624705315 -0.08978341519832611 0
			vertex 0.012450171634554863 -0.08913469314575195 0
		endloop
	endfacet
	facet normal 0.10389758178930711 -0.994588001384661 0
		outer loop
			vertex 0.012450171634554863 -0.08913469314575195 0.0024999999441206455
			vertex 0.0062401024624705315 -0.08978341519832611 0.0024999999441206455
			vertex 0.0062401024624705315 -0.08978341519832611 0
		endloop
	endfacet
	facet normal 0.17260698242125028 -0.9849907764133786 0
		outer loop
			vertex 0.01860031671822071 -0.08805695921182632 0.0024999999441206455
			vertex 0.012450171634554863 -0.08913469314575195 0
			vertex 0.01860031671822071 -0.08805695921182632 0
		endloop
	endfacet
	facet normal 0.17260698242125028 -0.9849907764133786 0
		outer loop
			vertex 0.01860031671822071 -0.08805695921182632 0.0024999999441206455
			vertex 0.012450171634554863 -0.08913469314575195 0.0024999999441206455
			vertex 0.012450171634554863 -0.08913469314575195 0
		endloop
	endfacet
	facet normal 0.24048470277506634 -0.9706529285646791 0
		outer loop
			vertex 0.02466093748807907 -0.08655540645122528 0.0024999999441206455
			vertex 0.01860031671822071 -0.08805695921182632 0
			vertex 0.02466093748807907 -0.08655540645122528 0
		endloop
	endfacet
	facet normal 0.24048470277506634 -0.9706529285646791 0
		outer loop
			vertex 0.02466093748807907 -0.08655540645122528 0.0024999999441206455
			vertex 0.01860031671822071 -0.08805695921182632 0.0024999999441206455
			vertex 0.01860031671822071 -0.08805695921182632 0
		endloop
	endfacet
	facet normal 0.30720612003434083 -0.9516430001914826 0
		outer loop
			vertex 0.030602863058447838 -0.08463725447654724 0.0024999999441206455
			vertex 0.02466093748807907 -0.08655540645122528 0
			vertex 0.030602863058447838 -0.08463725447654724 0
		endloop
	endfacet
	facet normal 0.30720612003434083 -0.9516430001914826 0
		outer loop
			vertex 0.030602863058447838 -0.08463725447654724 0.0024999999441206455
			vertex 0.02466093748807907 -0.08655540645122528 0.0024999999441206455
			vertex 0.02466093748807907 -0.08655540645122528 0
		endloop
	endfacet
	facet normal 0.37244801847785464 -0.9280530553432383 0
		outer loop
			vertex 0.03639749437570572 -0.08231174200773239 0.0024999999441206455
			vertex 0.030602863058447838 -0.08463725447654724 0
			vertex 0.03639749437570572 -0.08231174200773239 0
		endloop
	endfacet
	facet normal 0.37244801847785464 -0.9280530553432383 0
		outer loop
			vertex 0.03639749437570572 -0.08231174200773239 0.0024999999441206455
			vertex 0.030602863058447838 -0.08463725447654724 0.0024999999441206455
			vertex 0.030602863058447838 -0.08463725447654724 0
		endloop
	endfacet
	facet normal 0.4358983408378233 -0.8999959091322765 0
		outer loop
			vertex 0.04201694577932358 -0.07959005236625671 0.0024999999441206455
			vertex 0.03639749437570572 -0.08231174200773239 0
			vertex 0.04201694577932358 -0.07959005236625671 0
		endloop
	endfacet
	facet normal 0.4358983408378233 -0.8999959091322765 0
		outer loop
			vertex 0.04201694577932358 -0.07959005236625671 0.0024999999441206455
			vertex 0.03639749437570572 -0.08231174200773239 0.0024999999441206455
			vertex 0.03639749437570572 -0.08231174200773239 0
		endloop
	endfacet
	facet normal 0.4972501037154823 -0.8676072466012154 0
		outer loop
			vertex 0.04743416607379913 -0.0764852911233902 0.0024999999441206455
			vertex 0.04201694577932358 -0.07959005236625671 0
			vertex 0.04743416607379913 -0.0764852911233902 0
		endloop
	endfacet
	facet normal 0.4972501037154823 -0.8676072466012154 0
		outer loop
			vertex 0.04743416607379913 -0.0764852911233902 0.0024999999441206455
			vertex 0.04201694577932358 -0.07959005236625671 0.0024999999441206455
			vertex 0.04201694577932358 -0.07959005236625671 0
		endloop
	endfacet
	facet normal 0.5562083053573401 -0.831042911678763 0
		outer loop
			vertex 0.05262308195233345 -0.07301240414381027 0.0024999999441206455
			vertex 0.04743416607379913 -0.0764852911233902 0
			vertex 0.05262308195233345 -0.07301240414381027 0
		endloop
	endfacet
	facet normal 0.5562083053573401 -0.831042911678763 0
		outer loop
			vertex 0.05262308195233345 -0.07301240414381027 0.0024999999441206455
			vertex 0.04743416607379913 -0.0764852911233902 0.0024999999441206455
			vertex 0.04743416607379913 -0.0764852911233902 0
		endloop
	endfacet
	facet normal 0.6124898435872225 -0.7904784573297997 0
		outer loop
			vertex 0.05755871906876564 -0.06918810307979584 0.0024999999441206455
			vertex 0.05262308195233345 -0.07301240414381027 0
			vertex 0.05755871906876564 -0.06918810307979584 0
		endloop
	endfacet
	facet normal 0.6124898435872225 -0.7904784573297997 0
		outer loop
			vertex 0.05755871906876564 -0.06918810307979584 0.0024999999441206455
			vertex 0.05262308195233345 -0.07301240414381027 0.0024999999441206455
			vertex 0.05262308195233345 -0.07301240414381027 0
		endloop
	endfacet
	facet normal 0.6658231274394169 -0.7461096185995689 0
		outer loop
			vertex 0.06221732124686241 -0.06503079831600189 0.0024999999441206455
			vertex 0.05755871906876564 -0.06918810307979584 0
			vertex 0.06221732124686241 -0.06503079831600189 0
		endloop
	endfacet
	facet normal 0.6658231274394169 -0.7461096185995689 0
		outer loop
			vertex 0.06221732124686241 -0.06503079831600189 0.0024999999441206455
			vertex 0.05755871906876564 -0.06918810307979584 0.0024999999441206455
			vertex 0.05755871906876564 -0.06918810307979584 0
		endloop
	endfacet
	facet normal 0.7159516174033123 -0.6981498990457431 0
		outer loop
			vertex 0.06657647341489792 -0.06056049466133118 0.0024999999441206455
			vertex 0.06221732124686241 -0.06503079831600189 0
			vertex 0.06657647341489792 -0.06056049466133118 0
		endloop
	endfacet
	facet normal 0.7159516174033123 -0.6981498990457431 0
		outer loop
			vertex 0.06657647341489792 -0.06056049466133118 0.0024999999441206455
			vertex 0.06221732124686241 -0.06503079831600189 0.0024999999441206455
			vertex 0.06221732124686241 -0.06503079831600189 0
		endloop
	endfacet
	facet normal 0.7626352388189994 -0.6468287969095747 0
		outer loop
			vertex 0.07061517983675003 -0.05579870939254761 0.0024999999441206455
			vertex 0.06657647341489792 -0.06056049466133118 0
			vertex 0.07061517983675003 -0.05579870939254761 0
		endloop
	endfacet
	facet normal 0.7626352388189994 -0.6468287969095747 0
		outer loop
			vertex 0.07061517983675003 -0.05579870939254761 0.0024999999441206455
			vertex 0.06657647341489792 -0.06056049466133118 0.0024999999441206455
			vertex 0.06657647341489792 -0.06056049466133118 0
		endloop
	endfacet
	facet normal 0.8056468251487074 -0.5923961454363188 0
		outer loop
			vertex 0.07431402057409286 -0.05076836049556732 0.0024999999441206455
			vertex 0.07061517983675003 -0.05579870939254761 0
			vertex 0.07431402057409286 -0.05076836049556732 0
		endloop
	endfacet
	facet normal 0.8056468251487074 -0.5923961454363188 0
		outer loop
			vertex 0.07431402057409286 -0.05076836049556732 0.0024999999441206455
			vertex 0.07061517983675003 -0.05579870939254761 0.0024999999441206455
			vertex 0.07061517983675003 -0.05579870939254761 0
		endloop
	endfacet
	facet normal 0.844781532467032 -0.5351113551426967 0
		outer loop
			vertex 0.07765518128871918 -0.04549366235733032 0.0024999999441206455
			vertex 0.07431402057409286 -0.05076836049556732 0
			vertex 0.07765518128871918 -0.04549366235733032 0
		endloop
	endfacet
	facet normal 0.844781532467032 -0.5351113551426967 0
		outer loop
			vertex 0.07765518128871918 -0.04549366235733032 0.0024999999441206455
			vertex 0.07431402057409286 -0.05076836049556732 0.0024999999441206455
			vertex 0.07431402057409286 -0.05076836049556732 0
		endloop
	endfacet
	facet normal 0.879850703759983 -0.4752501857896143 0
		outer loop
			vertex 0.08062257617712021 -0.03999999910593033 0.0024999999441206455
			vertex 0.07765518128871918 -0.04549366235733032 0
			vertex 0.08062257617712021 -0.03999999910593033 0
		endloop
	endfacet
	facet normal 0.879850703759983 -0.4752501857896143 0
		outer loop
			vertex 0.08062257617712021 -0.03999999910593033 0.0024999999441206455
			vertex 0.07765518128871918 -0.04549366235733032 0.0024999999441206455
			vertex 0.07765518128871918 -0.04549366235733032 0
		endloop
	endfacet
	facet normal -1 0 0
		outer loop
			vertex -0.06780000030994415 -0.03999999910593033 0
			vertex -0.06780000030994415 -0.03999999910593033 0.0024999999441206455
			vertex -0.06780000030994415 0.005499999970197678 0.0024999999441206455
		endloop
	endfacet
	facet normal -1 0 0
		outer loop
			vertex -0.06780000030994415 -0.03999999910593033 0
			vertex -0.06780000030994415 0.005499999970197678 0.0024999999441206455
			vertex -0.06780000030994415 0.005499999970197678 1.3322675997716858e-17
		endloop
	endfacet
	facet normal 0 1 0
		outer loop
			vertex -0.08062257617712021 -0.03999999910593033 0
			vertex -0.06780000030994415 -0.03999999910593033 0.0024999999441206455
			vertex -0.06780000030994415 -0.03999999910593033 0
		endloop
	endfacet
	facet normal 0 1 0
		outer loop
			vertex -0.08062257617712021 -0.03999999910593033 0
			vertex -0.08062257617712021 -0.03999999910593033 0.0024999999441206455
			vertex -0.06780000030994415 -0.03999999910593033 0.0024999999441206455
		endloop
	endfacet
	facet normal 0 -1 0
		outer loop
			vertex -0.06780000030994415 0.03999999910593033 0
			vertex -0.08062257617712021 0.03999999910593033 0.0024999999441206455
			vertex -0.08062257617712021 0.03999999910593033 0
		endloop
	endfacet
	facet normal 0 -1 0
		outer loop
			vertex -0.06780000030994415 0.03999999910593033 0
			vertex -0.06780000030994415 0.03999999910593033 0.0024999999441206455
			vertex -0.08062257617712021 0.03999999910593033 0.0024999999441206455
		endloop
	endfacet
	facet normal 1 0 0
		outer loop
			vertex 0.06780000030994415 0.005499999970197678 -2.9698465379327345e-16
			vertex 0.06780000030994415 -0.03999999910593033 0.0024999999441206455
			vertex 0.06780000030994415 -0.03999999910593033 0
		endloop
	endfacet
	facet normal 1 0 0
		outer loop
			vertex 0.06780000030994415 0.005499999970197678 -2.9698465379327345e-16
			vertex 0.06780000030994415 0.005499999970197678 0.0024999999441206455
			vertex 0.06780000030994415 -0.03999999910593033 0.0024999999441206455
		endloop
	endfacet
	facet normal 1 0 0
		outer loop
			vertex 0.06780000030994415 0.03999999910593033 0
			vertex 0.06780000030994415 0.03999999910593033 0.0024999999441206455
			vertex 0.06780000030994415 0.025499999523162842 0.0024999999441206455
		endloop
	endfacet
	facet normal 1 0 0
		outer loop
			vertex 0.06780000030994415 0.03999999910593033 0
			vertex 0.06780000030994415 0.025499999523162842 0.0024999999441206455
			vertex 0.06780000030994415 0.025499999523162842 -2.9642955604524627e-16
		endloop
	endfacet
	facet normal 1 0 0
		outer loop
			vertex 0.06530000269412994 0.025499999523162842 0.0024999999441206455
			vertex 0.06530000269412994 0.005499999970197678 -2.9309889014774435e-16
			vertex 0.06530000269412994 0.025499999523162842 -2.9309889014774435e-16
		endloop
	endfacet
	facet normal 1 0 0
		outer loop
			vertex 0.06530000269412994 0.025499999523162842 0.0024999999441206455
			vertex 0.06530000269412994 0.005499999970197678 0.0024999999441206455
			vertex 0.06530000269412994 0.005499999970197678 -2.9309889014774435e-16
		endloop
	endfacet
	facet normal 0 -1 0
		outer loop
			vertex 0.06780000030994415 0.025499999523162842 0.0024999999441206455
			vertex 0.06530000269412994 0.025499999523162842 -2.9309889014774435e-16
			vertex 0.06780000030994415 0.025499999523162842 -2.9642955604524627e-16
		endloop
	endfacet
	facet normal 0 -1 0
		outer loop
			vertex 0.06780000030994415 0.025499999523162842 0.0024999999441206455
			vertex 0.06530000269412994 0.025499999523162842 0.0024999999441206455
			vertex 0.06530000269412994 0.025499999523162842 -2.9309889014774435e-16
		endloop
	endfacet
	facet normal 0 1 0
		outer loop
			vertex 0.06780000030994415 0.005499999970197678 -2.9698465379327345e-16
			vertex 0.06530000269412994 0.005499999970197678 -2.9309889014774435e-16
			vertex 0.06530000269412994 0.005499999970197678 0.0024999999441206455
		endloop
	endfacet
	facet normal 0 1 0
		outer loop
			vertex 0.06780000030994415 0.005499999970197678 -2.9698465379327345e-16
			vertex 0.06530000269412994 0.005499999970197678 0.0024999999441206455
			vertex 0.06780000030994415 0.005499999970197678 0.0024999999441206455
		endloop
	endfacet
	facet normal -1 0 0
		outer loop
			vertex 0.0471000000834465 0.025499999523162842 0.0024999999441206455
			vertex 0.0471000000834465 0.005499999970197678 -2.1260770498055274e-16
			vertex 0.0471000000834465 0.005499999970197678 0.0024999999441206455
		endloop
	endfacet
	facet normal -1 0 0
		outer loop
			vertex 0.0471000000834465 0.025499999523162842 0.0024999999441206455
			vertex 0.0471000000834465 0.025499999523162842 -2.1205259399763575e-16
			vertex 0.0471000000834465 0.005499999970197678 -2.1260770498055274e-16
		endloop
	endfacet
	facet normal 0 -1 0
		outer loop
			vertex 0.0471000000834465 0.025499999523162842 0.0024999999441206455
			vertex 0.044599998742341995 0.025499999523162842 -2.0872192810013384e-16
			vertex 0.0471000000834465 0.025499999523162842 -2.1205259399763575e-16
		endloop
	endfacet
	facet normal 0 -1 0
		outer loop
			vertex 0.0471000000834465 0.025499999523162842 0.0024999999441206455
			vertex 0.044599998742341995 0.025499999523162842 0.0024999999441206455
			vertex 0.044599998742341995 0.025499999523162842 -2.0872192810013384e-16
		endloop
	endfacet
	facet normal 1 0 0
		outer loop
			vertex 0.044599998742341995 0.025499999523162842 0.0024999999441206455
			vertex 0.044599998742341995 0.005499999970197678 0.0024999999441206455
			vertex 0.044599998742341995 0.005499999970197678 -2.0872192810013384e-16
		endloop
	endfacet
	facet normal 1 0 0
		outer loop
			vertex 0.044599998742341995 0.025499999523162842 0.0024999999441206455
			vertex 0.044599998742341995 0.005499999970197678 -2.0872192810013384e-16
			vertex 0.044599998742341995 0.025499999523162842 -2.0872192810013384e-16
		endloop
	endfacet
	facet normal 0 1 0
		outer loop
			vertex 0.0471000000834465 0.005499999970197678 -2.1260770498055274e-16
			vertex 0.044599998742341995 0.005499999970197678 -2.0872192810013384e-16
			vertex 0.044599998742341995 0.005499999970197678 0.0024999999441206455
		endloop
	endfacet
	facet normal 0 1 0
		outer loop
			vertex 0.0471000000834465 0.005499999970197678 -2.1260770498055274e-16
			vertex 0.044599998742341995 0.005499999970197678 0.0024999999441206455
			vertex 0.0471000000834465 0.005499999970197678 0.0024999999441206455
		endloop
	endfacet
	facet normal -1 0 0
		outer loop
			vertex -0.06780000030994415 0.025499999523162842 1.3322675997716858e-17
			vertex -0.06780000030994415 0.03999999910593033 0.0024999999441206455
			vertex -0.06780000030994415 0.03999999910593033 0
		endloop
	endfacet
	facet normal -1 0 0
		outer loop
			vertex -0.06780000030994415 0.025499999523162842 1.3322675997716858e-17
			vertex -0.06780000030994415 0.025499999523162842 0.0024999999441206455
			vertex -0.06780000030994415 0.03999999910593033 0.0024999999441206455
		endloop
	endfacet
	facet normal 0 -1 0
		outer loop
			vertex -0.06530000269412994 0.025499999523162842 0.0024999999441206455
			vertex -0.06780000030994415 0.025499999523162842 1.3322675997716858e-17
			vertex -0.06530000269412994 0.025499999523162842 9.992007618673103e-18
		endloop
	endfacet
	facet normal 0 -1 0
		outer loop
			vertex -0.06530000269412994 0.025499999523162842 0.0024999999441206455
			vertex -0.06780000030994415 0.025499999523162842 0.0024999999441206455
			vertex -0.06780000030994415 0.025499999523162842 1.3322675997716858e-17
		endloop
	endfacet
	facet normal 0 1 0
		outer loop
			vertex -0.06530000269412994 0.005499999970197678 9.436895808575504e-18
			vertex -0.06780000030994415 0.005499999970197678 1.3322675997716858e-17
			vertex -0.06780000030994415 0.005499999970197678 0.0024999999441206455
		endloop
	endfacet
	facet normal 0 1 0
		outer loop
			vertex -0.06530000269412994 0.005499999970197678 9.436895808575504e-18
			vertex -0.06780000030994415 0.005499999970197678 0.0024999999441206455
			vertex -0.06530000269412994 0.005499999970197678 0.0024999999441206455
		endloop
	endfacet
	facet normal -1 0 0
		outer loop
			vertex -0.06530000269412994 0.025499999523162842 0.0024999999441206455
			vertex -0.06530000269412994 0.005499999970197678 9.436895808575504e-18
			vertex -0.06530000269412994 0.005499999970197678 0.0024999999441206455
		endloop
	endfacet
	facet normal -1 0 0
		outer loop
			vertex -0.06530000269412994 0.025499999523162842 0.0024999999441206455
			vertex -0.06530000269412994 0.025499999523162842 9.992007618673103e-18
			vertex -0.06530000269412994 0.005499999970197678 9.436895808575504e-18
		endloop
	endfacet
	facet normal 1 0 0
		outer loop
			vertex -0.0471000000834465 0.025499999523162842 0.0024999999441206455
			vertex -0.0471000000834465 0.005499999970197678 -1.776356799695581e-17
			vertex -0.0471000000834465 0.025499999523162842 -1.776356799695581e-17
		endloop
	endfacet
	facet normal 1 0 0
		outer loop
			vertex -0.0471000000834465 0.025499999523162842 0.0024999999441206455
			vertex -0.0471000000834465 0.005499999970197678 0.0024999999441206455
			vertex -0.0471000000834465 0.005499999970197678 -1.776356799695581e-17
		endloop
	endfacet
	facet normal 0 -1 0
		outer loop
			vertex -0.044599998742341995 0.025499999523162842 0.0024999999441206455
			vertex -0.0471000000834465 0.025499999523162842 -1.776356799695581e-17
			vertex -0.044599998742341995 0.025499999523162842 -2.1094237203180178e-17
		endloop
	endfacet
	facet normal 0 -1 0
		outer loop
			vertex -0.044599998742341995 0.025499999523162842 0.0024999999441206455
			vertex -0.0471000000834465 0.025499999523162842 0.0024999999441206455
			vertex -0.0471000000834465 0.025499999523162842 -1.776356799695581e-17
		endloop
	endfacet
	facet normal -1 0 0
		outer loop
			vertex -0.044599998742341995 0.025499999523162842 0.0024999999441206455
			vertex -0.044599998742341995 0.005499999970197678 -2.1649348186097164e-17
			vertex -0.044599998742341995 0.005499999970197678 0.0024999999441206455
		endloop
	endfacet
	facet normal -1 0 0
		outer loop
			vertex -0.044599998742341995 0.025499999523162842 0.0024999999441206455
			vertex -0.044599998742341995 0.025499999523162842 -2.1094237203180178e-17
			vertex -0.044599998742341995 0.005499999970197678 -2.1649348186097164e-17
		endloop
	endfacet
	facet normal 0 1 0
		outer loop
			vertex -0.044599998742341995 0.005499999970197678 -2.1649348186097164e-17
			vertex -0.0471000000834465 0.005499999970197678 -1.776356799695581e-17
			vertex -0.0471000000834465 0.005499999970197678 0.0024999999441206455
		endloop
	endfacet
	facet normal 0 1 0
		outer loop
			vertex -0.044599998742341995 0.005499999970197678 -2.1649348186097164e-17
			vertex -0.0471000000834465 0.005499999970197678 0.0024999999441206455
			vertex -0.044599998742341995 0.005499999970197678 0.0024999999441206455
		endloop
	endfacet
	facet normal 0 1 0
		outer loop
			vertex -0.02500000037252903 0.013749999925494194 0.0024999999441206455
			vertex -0.029999999329447746 0.013749999925494194 0
			vertex -0.029999999329447746 0.013749999925494194 0.0024999999441206455
		endloop
	endfacet
	facet normal 0 1 0
		outer loop
			vertex -0.02500000037252903 0.013749999925494194 0.0024999999441206455
			vertex -0.02500000037252903 0.013749999925494194 0
			vertex -0.029999999329447746 0.013749999925494194 0
		endloop
	endfacet
	facet normal -1 0 0
		outer loop
			vertex 0.014999999664723873 0.013749999925494194 0
			vertex 0.014999999664723873 0.016249999403953552 0.0024999999441206455
			vertex 0.014999999664723873 0.016249999403953552 0
		endloop
	endfacet
	facet normal -1 0 0
		outer loop
			vertex 0.014999999664723873 0.013749999925494194 0
			vertex 0.014999999664723873 0.013749999925494194 0.0024999999441206455
			vertex 0.014999999664723873 0.016249999403953552 0.0024999999441206455
		endloop
	endfacet
	facet normal 1 0 0
		outer loop
			vertex 0.004999999888241291 0.016249999403953552 0
			vertex 0.004999999888241291 0.013749999925494194 0.0024999999441206455
			vertex 0.004999999888241291 0.013749999925494194 0
		endloop
	endfacet
	facet normal 1 0 0
		outer loop
			vertex 0.004999999888241291 0.016249999403953552 0
			vertex 0.004999999888241291 0.016249999403953552 0.0024999999441206455
			vertex 0.004999999888241291 0.013749999925494194 0.0024999999441206455
		endloop
	endfacet
	facet normal -1 0 0
		outer loop
			vertex -0.004999999888241291 0.013749999925494194 0
			vertex -0.004999999888241291 0.016249999403953552 0.0024999999441206455
			vertex -0.004999999888241291 0.016249999403953552 0
		endloop
	endfacet
	facet normal -1 0 0
		outer loop
			vertex -0.004999999888241291 0.013749999925494194 0
			vertex -0.004999999888241291 0.013749999925494194 0.0024999999441206455
			vertex -0.004999999888241291 0.016249999403953552 0.0024999999441206455
		endloop
	endfacet
	facet normal 1 0 0
		outer loop
			vertex -0.014999999664723873 0.016249999403953552 0
			vertex -0.014999999664723873 0.013749999925494194 0.0024999999441206455
			vertex -0.014999999664723873 0.013749999925494194 0
		endloop
	endfacet
	facet normal 1 0 0
		outer loop
			vertex -0.014999999664723873 0.016249999403953552 0
			vertex -0.014999999664723873 0.016249999403953552 0.0024999999441206455
			vertex -0.014999999664723873 0.013749999925494194 0.0024999999441206455
		endloop
	endfacet
	facet normal 1 0 0
		outer loop
			vertex 0.02500000037252903 0.016249999403953552 0
			vertex 0.02500000037252903 0.013749999925494194 0.0024999999441206455
			vertex 0.02500000037252903 0.013749999925494194 0
		endloop
	endfacet
	facet normal 1 0 0
		outer loop
			vertex 0.02500000037252903 0.016249999403953552 0
			vertex 0.02500000037252903 0.016249999403953552 0.0024999999441206455
			vertex 0.02500000037252903 0.013749999925494194 0.0024999999441206455
		endloop
	endfacet
	facet normal -1 0 0
		outer loop
			vertex -0.02500000037252903 0.013749999925494194 0
			vertex -0.02500000037252903 0.016249999403953552 0.0024999999441206455
			vertex -0.02500000037252903 0.016249999403953552 0
		endloop
	endfacet
	facet normal -1 0 0
		outer loop
			vertex -0.02500000037252903 0.013749999925494194 0
			vertex -0.02500000037252903 0.013749999925494194 0.0024999999441206455
			vertex -0.02500000037252903 0.016249999403953552 0.0024999999441206455
		endloop
	endfacet
	facet normal 0 -1 0
		outer loop
			vertex -0.029999999329447746 0.016249999403953552 0.0024999999441206455
			vertex -0.02500000037252903 0.016249999403953552 0
			vertex -0.02500000037252903 0.016249999403953552 0.0024999999441206455
		endloop
	endfacet
	facet normal 0 -1 0
		outer loop
			vertex -0.029999999329447746 0.016249999403953552 0.0024999999441206455
			vertex -0.029999999329447746 0.016249999403953552 0
			vertex -0.02500000037252903 0.016249999403953552 0
		endloop
	endfacet
	facet normal 0 -1 0
		outer loop
			vertex 0.02500000037252903 0.016249999403953552 0.0024999999441206455
			vertex 0.029999999329447746 0.016249999403953552 0
			vertex 0.029999999329447746 0.016249999403953552 0.0024999999441206455
		endloop
	endfacet
	facet normal 0 -1 0
		outer loop
			vertex 0.02500000037252903 0.016249999403953552 0.0024999999441206455
			vertex 0.02500000037252903 0.016249999403953552 0
			vertex 0.029999999329447746 0.016249999403953552 0
		endloop
	endfacet
	facet normal 0 -1 0
		outer loop
			vertex 0.004999999888241291 0.016249999403953552 0.0024999999441206455
			vertex 0.014999999664723873 0.016249999403953552 0
			vertex 0.014999999664723873 0.016249999403953552 0.0024999999441206455
		endloop
	endfacet
	facet normal 0 -1 0
		outer loop
			vertex 0.004999999888241291 0.016249999403953552 0.0024999999441206455
			vertex 0.004999999888241291 0.016249999403953552 0
			vertex 0.014999999664723873 0.016249999403953552 0
		endloop
	endfacet
	facet normal 0 -1 0
		outer loop
			vertex -0.014999999664723873 0.016249999403953552 0.0024999999441206455
			vertex -0.004999999888241291 0.016249999403953552 0
			vertex -0.004999999888241291 0.016249999403953552 0.0024999999441206455
		endloop
	endfacet
	facet normal 0 -1 0
		outer loop
			vertex -0.014999999664723873 0.016249999403953552 0.0024999999441206455
			vertex -0.014999999664723873 0.016249999403953552 0
			vertex -0.004999999888241291 0.016249999403953552 0
		endloop
	endfacet
	facet normal 0 1 0
		outer loop
			vertex -0.004999999888241291 0.013749999925494194 0.0024999999441206455
			vertex -0.014999999664723873 0.013749999925494194 0
			vertex -0.014999999664723873 0.013749999925494194 0.0024999999441206455
		endloop
	endfacet
	facet normal 0 1 0
		outer loop
			vertex -0.004999999888241291 0.013749999925494194 0.0024999999441206455
			vertex -0.004999999888241291 0.013749999925494194 0
			vertex -0.014999999664723873 0.013749999925494194 0
		endloop
	endfacet
	facet normal 0 1 0
		outer loop
			vertex 0.014999999664723873 0.013749999925494194 0.0024999999441206455
			vertex 0.004999999888241291 0.013749999925494194 0
			vertex 0.004999999888241291 0.013749999925494194 0.0024999999441206455
		endloop
	endfacet
	facet normal 0 1 0
		outer loop
			vertex 0.014999999664723873 0.013749999925494194 0.0024999999441206455
			vertex 0.014999999664723873 0.013749999925494194 0
			vertex 0.004999999888241291 0.013749999925494194 0
		endloop
	endfacet
	facet normal 0 1 0
		outer loop
			vertex 0.029999999329447746 0.013749999925494194 0.0024999999441206455
			vertex 0.02500000037252903 0.013749999925494194 0
			vertex 0.02500000037252903 0.013749999925494194 0.0024999999441206455
		endloop
	endfacet
	facet normal 0 1 0
		outer loop
			vertex 0.029999999329447746 0.013749999925494194 0.0024999999441206455
			vertex 0.029999999329447746 0.013749999925494194 0
			vertex 0.02500000037252903 0.013749999925494194 0
		endloop
	endfacet
	facet normal -1 0 0
		outer loop
			vertex 0.029999999329447746 0.016249999403953552 0.0024999999441206455
			vertex 0.029999999329447746 0.013749999925494194 0
			vertex 0.029999999329447746 0.013749999925494194 0.0024999999441206455
		endloop
	endfacet
	facet normal -1 0 0
		outer loop
			vertex 0.029999999329447746 0.016249999403953552 0.0024999999441206455
			vertex 0.029999999329447746 0.016249999403953552 0
			vertex 0.029999999329447746 0.013749999925494194 0
		endloop
	endfacet
	facet normal 1 0 0
		outer loop
			vertex -0.029999999329447746 0.013749999925494194 0.0024999999441206455
			vertex -0.029999999329447746 0.016249999403953552 0
			vertex -0.029999999329447746 0.016249999403953552 0.0024999999441206455
		endloop
	endfacet
	facet normal 1 0 0
		outer loop
			vertex -0.029999999329447746 0.013749999925494194 0.0024999999441206455
			vertex -0.029999999329447746 0.013749999925494194 0
			vertex -0.029999999329447746 0.016249999403953552 0
		endloop
	endfacet
	facet normal 0 -1 0
		outer loop
			vertex -0.001500000013038516 0.016499999910593033 0.0024999999441206455
			vertex 0.001500000013038516 0.016499999910593033 0
			vertex 0.001500000013038516 0.016499999910593033 0.0024999999441206455
		endloop
	endfacet
	facet normal 0 -1 0
		outer loop
			vertex -0.001500000013038516 0.016499999910593033 0.0024999999441206455
			vertex -0.001500000013038516 0.016499999910593033 0
			vertex 0.001500000013038516 0.016499999910593033 0
		endloop
	endfacet
	facet normal 1 0 0
		outer loop
			vertex -0.001500000013038516 0.013500000350177288 0.0024999999441206455
			vertex -0.001500000013038516 0.016499999910593033 0
			vertex -0.001500000013038516 0.016499999910593033 0.0024999999441206455
		endloop
	endfacet
	facet normal 1 0 0
		outer loop
			vertex -0.001500000013038516 0.013500000350177288 0.0024999999441206455
			vertex -0.001500000013038516 0.013500000350177288 0
			vertex -0.001500000013038516 0.016499999910593033 0
		endloop
	endfacet
	facet normal 0 1 0
		outer loop
			vertex 0.001500000013038516 0.013500000350177288 0.0024999999441206455
			vertex -0.001500000013038516 0.013500000350177288 0
			vertex -0.001500000013038516 0.013500000350177288 0.0024999999441206455
		endloop
	endfacet
	facet normal 0 1 0
		outer loop
			vertex 0.001500000013038516 0.013500000350177288 0.0024999999441206455
			vertex 0.001500000013038516 0.013500000350177288 0
			vertex -0.001500000013038516 0.013500000350177288 0
		endloop
	endfacet
	facet normal -1 0 0
		outer loop
			vertex 0.001500000013038516 0.016499999910593033 0.0024999999441206455
			vertex 0.001500000013038516 0.013500000350177288 0
			vertex 0.001500000013038516 0.013500000350177288 0.0024999999441206455
		endloop
	endfacet
	facet normal -1 0 0
		outer loop
			vertex 0.001500000013038516 0.016499999910593033 0.0024999999441206455
			vertex 0.001500000013038516 0.016499999910593033 0
			vertex 0.001500000013038516 0.013500000350177288 0
		endloop
	endfacet
	facet normal 1 0 0
		outer loop
			vertex -0.029999999329447746 -0.061250001192092896 0.0024999999441206455
			vertex -0.029999999329447746 -0.05874999985098839 0
			vertex -0.029999999329447746 -0.05874999985098839 0.0024999999441206455
		endloop
	endfacet
	facet normal 1 0 0
		outer loop
			vertex -0.029999999329447746 -0.061250001192092896 0.0024999999441206455
			vertex -0.029999999329447746 -0.061250001192092896 0
			vertex -0.029999999329447746 -0.05874999985098839 0
		endloop
	endfacet
	facet normal -1 0 0
		outer loop
			vertex 0.014999999664723873 -0.061250001192092896 0
			vertex 0.014999999664723873 -0.05874999985098839 0.0024999999441206455
			vertex 0.014999999664723873 -0.05874999985098839 0
		endloop
	endfacet
	facet normal -1 0 0
		outer loop
			vertex 0.014999999664723873 -0.061250001192092896 0
			vertex 0.014999999664723873 -0.061250001192092896 0.0024999999441206455
			vertex 0.014999999664723873 -0.05874999985098839 0.0024999999441206455
		endloop
	endfacet
	facet normal 1 0 0
		outer loop
			vertex 0.004999999888241291 -0.05874999985098839 0
			vertex 0.004999999888241291 -0.061250001192092896 0.0024999999441206455
			vertex 0.004999999888241291 -0.061250001192092896 0
		endloop
	endfacet
	facet normal 1 0 0
		outer loop
			vertex 0.004999999888241291 -0.05874999985098839 0
			vertex 0.004999999888241291 -0.05874999985098839 0.0024999999441206455
			vertex 0.004999999888241291 -0.061250001192092896 0.0024999999441206455
		endloop
	endfacet
	facet normal -1 0 0
		outer loop
			vertex -0.004999999888241291 -0.061250001192092896 0
			vertex -0.004999999888241291 -0.05874999985098839 0.0024999999441206455
			vertex -0.004999999888241291 -0.05874999985098839 0
		endloop
	endfacet
	facet normal -1 0 0
		outer loop
			vertex -0.004999999888241291 -0.061250001192092896 0
			vertex -0.004999999888241291 -0.061250001192092896 0.0024999999441206455
			vertex -0.004999999888241291 -0.05874999985098839 0.0024999999441206455
		endloop
	endfacet
	facet normal 1 0 0
		outer loop
			vertex -0.014999999664723873 -0.05874999985098839 0
			vertex -0.014999999664723873 -0.061250001192092896 0.0024999999441206455
			vertex -0.014999999664723873 -0.061250001192092896 0
		endloop
	endfacet
	facet normal 1 0 0
		outer loop
			vertex -0.014999999664723873 -0.05874999985098839 0
			vertex -0.014999999664723873 -0.05874999985098839 0.0024999999441206455
			vertex -0.014999999664723873 -0.061250001192092896 0.0024999999441206455
		endloop
	endfacet
	facet normal 1 0 0
		outer loop
			vertex 0.02500000037252903 -0.05874999985098839 0
			vertex 0.02500000037252903 -0.061250001192092896 0.0024999999441206455
			vertex 0.02500000037252903 -0.061250001192092896 0
		endloop
	endfacet
	facet normal 1 0 0
		outer loop
			vertex 0.02500000037252903 -0.05874999985098839 0
			vertex 0.02500000037252903 -0.05874999985098839 0.0024999999441206455
			vertex 0.02500000037252903 -0.061250001192092896 0.0024999999441206455
		endloop
	endfacet
	facet normal -1 0 0
		outer loop
			vertex -0.02500000037252903 -0.061250001192092896 0
			vertex -0.02500000037252903 -0.05874999985098839 0.0024999999441206455
			vertex -0.02500000037252903 -0.05874999985098839 0
		endloop
	endfacet
	facet normal -1 0 0
		outer loop
			vertex -0.02500000037252903 -0.061250001192092896 0
			vertex -0.02500000037252903 -0.061250001192092896 0.0024999999441206455
			vertex -0.02500000037252903 -0.05874999985098839 0.0024999999441206455
		endloop
	endfacet
	facet normal 0 1 0
		outer loop
			vertex 0.014999999664723873 -0.061250001192092896 0.0024999999441206455
			vertex 0.004999999888241291 -0.061250001192092896 0
			vertex 0.004999999888241291 -0.061250001192092896 0.0024999999441206455
		endloop
	endfacet
	facet normal 0 1 0
		outer loop
			vertex 0.014999999664723873 -0.061250001192092896 0.0024999999441206455
			vertex 0.014999999664723873 -0.061250001192092896 0
			vertex 0.004999999888241291 -0.061250001192092896 0
		endloop
	endfacet
	facet normal 0 1 0
		outer loop
			vertex 0.029999999329447746 -0.061250001192092896 0.0024999999441206455
			vertex 0.02500000037252903 -0.061250001192092896 0
			vertex 0.02500000037252903 -0.061250001192092896 0.0024999999441206455
		endloop
	endfacet
	facet normal 0 1 0
		outer loop
			vertex 0.029999999329447746 -0.061250001192092896 0.0024999999441206455
			vertex 0.029999999329447746 -0.061250001192092896 0
			vertex 0.02500000037252903 -0.061250001192092896 0
		endloop
	endfacet
	facet normal 0 1 0
		outer loop
			vertex -0.02500000037252903 -0.061250001192092896 0.0024999999441206455
			vertex -0.029999999329447746 -0.061250001192092896 0
			vertex -0.029999999329447746 -0.061250001192092896 0.0024999999441206455
		endloop
	endfacet
	facet normal 0 1 0
		outer loop
			vertex -0.02500000037252903 -0.061250001192092896 0.0024999999441206455
			vertex -0.02500000037252903 -0.061250001192092896 0
			vertex -0.029999999329447746 -0.061250001192092896 0
		endloop
	endfacet
	facet normal 0 1 0
		outer loop
			vertex -0.004999999888241291 -0.061250001192092896 0.0024999999441206455
			vertex -0.014999999664723873 -0.061250001192092896 0
			vertex -0.014999999664723873 -0.061250001192092896 0.0024999999441206455
		endloop
	endfacet
	facet normal 0 1 0
		outer loop
			vertex -0.004999999888241291 -0.061250001192092896 0.0024999999441206455
			vertex -0.004999999888241291 -0.061250001192092896 0
			vertex -0.014999999664723873 -0.061250001192092896 0
		endloop
	endfacet
	facet normal 0 -1 0
		outer loop
			vertex 0.004999999888241291 -0.05874999985098839 0.0024999999441206455
			vertex 0.014999999664723873 -0.05874999985098839 0
			vertex 0.014999999664723873 -0.05874999985098839 0.0024999999441206455
		endloop
	endfacet
	facet normal 0 -1 0
		outer loop
			vertex 0.004999999888241291 -0.05874999985098839 0.0024999999441206455
			vertex 0.004999999888241291 -0.05874999985098839 0
			vertex 0.014999999664723873 -0.05874999985098839 0
		endloop
	endfacet
	facet normal 0 -1 0
		outer loop
			vertex -0.014999999664723873 -0.05874999985098839 0.0024999999441206455
			vertex -0.004999999888241291 -0.05874999985098839 0
			vertex -0.004999999888241291 -0.05874999985098839 0.0024999999441206455
		endloop
	endfacet
	facet normal 0 -1 0
		outer loop
			vertex -0.014999999664723873 -0.05874999985098839 0.0024999999441206455
			vertex -0.014999999664723873 -0.05874999985098839 0
			vertex -0.004999999888241291 -0.05874999985098839 0
		endloop
	endfacet
	facet normal 0 -1 0
		outer loop
			vertex -0.029999999329447746 -0.05874999985098839 0.0024999999441206455
			vertex -0.02500000037252903 -0.05874999985098839 0
			vertex -0.02500000037252903 -0.05874999985098839 0.0024999999441206455
		endloop
	endfacet
	facet normal 0 -1 0
		outer loop
			vertex -0.029999999329447746 -0.05874999985098839 0.0024999999441206455
			vertex -0.029999999329447746 -0.05874999985098839 0
			vertex -0.02500000037252903 -0.05874999985098839 0
		endloop
	endfacet
	facet normal 0 -1 0
		outer loop
			vertex 0.02500000037252903 -0.05874999985098839 0.0024999999441206455
			vertex 0.029999999329447746 -0.05874999985098839 0
			vertex 0.029999999329447746 -0.05874999985098839 0.0024999999441206455
		endloop
	endfacet
	facet normal 0 -1 0
		outer loop
			vertex 0.02500000037252903 -0.05874999985098839 0.0024999999441206455
			vertex 0.02500000037252903 -0.05874999985098839 0
			vertex 0.029999999329447746 -0.05874999985098839 0
		endloop
	endfacet
	facet normal -1 0 0
		outer loop
			vertex 0.029999999329447746 -0.05874999985098839 0.0024999999441206455
			vertex 0.029999999329447746 -0.061250001192092896 0
			vertex 0.029999999329447746 -0.061250001192092896 0.0024999999441206455
		endloop
	endfacet
	facet normal -1 0 0
		outer loop
			vertex 0.029999999329447746 -0.05874999985098839 0.0024999999441206455
			vertex 0.029999999329447746 -0.05874999985098839 0
			vertex 0.029999999329447746 -0.061250001192092896 0
		endloop
	endfacet
	facet normal 0 -1 0
		outer loop
			vertex 0.001500000013038516 -0.05849999934434891 0
			vertex -0.001500000013038516 -0.05849999934434891 0.0024999999441206455
			vertex -0.001500000013038516 -0.05849999934434891 0
		endloop
	endfacet
	facet normal 0 -1 0
		outer loop
			vertex 0.001500000013038516 -0.05849999934434891 0
			vertex 0.001500000013038516 -0.05849999934434891 0.0024999999441206455
			vertex -0.001500000013038516 -0.05849999934434891 0.0024999999441206455
		endloop
	endfacet
	facet normal 1 0 0
		outer loop
			vertex -0.001500000013038516 -0.05849999934434891 0
			vertex -0.001500000013038516 -0.061500001698732376 0.0024999999441206455
			vertex -0.001500000013038516 -0.061500001698732376 0
		endloop
	endfacet
	facet normal 1 0 0
		outer loop
			vertex -0.001500000013038516 -0.05849999934434891 0
			vertex -0.001500000013038516 -0.05849999934434891 0.0024999999441206455
			vertex -0.001500000013038516 -0.061500001698732376 0.0024999999441206455
		endloop
	endfacet
	facet normal 0 1 0
		outer loop
			vertex -0.001500000013038516 -0.061500001698732376 0
			vertex 0.001500000013038516 -0.061500001698732376 0.0024999999441206455
			vertex 0.001500000013038516 -0.061500001698732376 0
		endloop
	endfacet
	facet normal 0 1 0
		outer loop
			vertex -0.001500000013038516 -0.061500001698732376 0
			vertex -0.001500000013038516 -0.061500001698732376 0.0024999999441206455
			vertex 0.001500000013038516 -0.061500001698732376 0.0024999999441206455
		endloop
	endfacet
	facet normal -1 0 0
		outer loop
			vertex 0.001500000013038516 -0.061500001698732376 0
			vertex 0.001500000013038516 -0.05849999934434891 0.0024999999441206455
			vertex 0.001500000013038516 -0.05849999934434891 0
		endloop
	endfacet
	facet normal -1 0 0
		outer loop
			vertex 0.001500000013038516 -0.061500001698732376 0
			vertex 0.001500000013038516 -0.061500001698732376 0.0024999999441206455
			vertex 0.001500000013038516 -0.05849999934434891 0.0024999999441206455
		endloop
	endfacet
	facet normal 0 1 0
		outer loop
			vertex -0.006050489842891693 -0.02448951080441475 0
			vertex -0.006050489842891693 -0.02448951080441475 0.0024999999441206455
			vertex 0.006049510091543198 -0.02448951080441475 0.0024999999441206455
		endloop
	endfacet
	facet normal 0 1 0
		outer loop
			vertex -0.006050489842891693 -0.02448951080441475 0
			vertex 0.006049510091543198 -0.02448951080441475 0.0024999999441206455
			vertex 0.006049510091543198 -0.02448951080441475 0
		endloop
	endfacet
	facet normal 1 0 0
		outer loop
			vertex -0.006050489842891693 -0.005789509974420071 0
			vertex -0.006050489842891693 -0.02448951080441475 0.0024999999441206455
			vertex -0.006050489842891693 -0.02448951080441475 0
		endloop
	endfacet
	facet normal 1 0 0
		outer loop
			vertex -0.006050489842891693 -0.005789509974420071 0
			vertex -0.006050489842891693 -0.005789509974420071 0.0024999999441206455
			vertex -0.006050489842891693 -0.02448951080441475 0.0024999999441206455
		endloop
	endfacet
	facet normal 0 -1 0
		outer loop
			vertex 0.006049510091543198 -0.005789509974420071 0
			vertex -0.006050489842891693 -0.005789509974420071 0.0024999999441206455
			vertex -0.006050489842891693 -0.005789509974420071 0
		endloop
	endfacet
	facet normal 0 -1 0
		outer loop
			vertex 0.006049510091543198 -0.005789509974420071 0
			vertex 0.006049510091543198 -0.005789509974420071 0.0024999999441206455
			vertex -0.006050489842891693 -0.005789509974420071 0.0024999999441206455
		endloop
	endfacet
	facet normal -1 0 0
		outer loop
			vertex 0.006049510091543198 -0.005789509974420071 0.0024999999441206455
			vertex 0.006049510091543198 -0.005789509974420071 0
			vertex 0.006049510091543198 -0.02448951080441475 0
		endloop
	endfacet
	facet normal -1 0 0
		outer loop
			vertex 0.006049510091543198 -0.005789509974420071 0.0024999999441206455
			vertex 0.006049510091543198 -0.02448951080441475 0
			vertex 0.006049510091543198 -0.02448951080441475 0.0024999999441206455
		endloop
	endfacet
	facet normal -0.9927089954040051 0.12053568120673303 0
		outer loop
			vertex 0.0015535069396719337 0.041965093463659286 0
			vertex 0.0015999999595806003 0.04234800115227699 0.0024999999441206455
			vertex 0.0015999999595806003 0.04234800115227699 0
		endloop
	endfacet
	facet normal -0.9927089954040051 0.12053568120673303 0
		outer loop
			vertex 0.0015535069396719337 0.041965093463659286 0
			vertex 0.0015535069396719337 0.041965093463659286 0.0024999999441206455
			vertex 0.0015999999595806003 0.04234800115227699 0.0024999999441206455
		endloop
	endfacet
	facet normal -0.9350152639691098 0.35460746769459917 0
		outer loop
			vertex 0.0014167296467348933 0.04160444438457489 0
			vertex 0.0014167296467348933 0.04160444438457489 0.0024999999441206455
			vertex 0.0015535069396719337 0.041965093463659286 0.0024999999441206455
		endloop
	endfacet
	facet normal -0.9350152639691098 0.35460746769459917 0
		outer loop
			vertex 0.0014167296467348933 0.04160444438457489 0
			vertex 0.0015535069396719337 0.041965093463659286 0.0024999999441206455
			vertex 0.0015535069396719337 0.041965093463659286 0
		endloop
	endfacet
	facet normal -0.8229840207737622 0.5680645223485197 0
		outer loop
			vertex 0.001197617151774466 0.041287004947662354 0
			vertex 0.001197617151774466 0.041287004947662354 0.0024999999441206455
			vertex 0.0014167296467348933 0.04160444438457489 0.0024999999441206455
		endloop
	endfacet
	facet normal -0.8229840207737622 0.5680645223485197 0
		outer loop
			vertex 0.001197617151774466 0.041287004947662354 0
			vertex 0.0014167296467348933 0.04160444438457489 0.0024999999441206455
			vertex 0.0014167296467348933 0.04160444438457489 0
		endloop
	endfacet
	facet normal -0.6631234528493258 0.7485100442086186 0
		outer loop
			vertex 0.000908903602976352 0.04103122651576996 0
			vertex 0.000908903602976352 0.04103122651576996 0.0024999999441206455
			vertex 0.001197617151774466 0.041287004947662354 0.0024999999441206455
		endloop
	endfacet
	facet normal -0.6631234528493258 0.7485100442086186 0
		outer loop
			vertex 0.000908903602976352 0.04103122651576996 0
			vertex 0.001197617151774466 0.041287004947662354 0.0024999999441206455
			vertex 0.001197617151774466 0.041287004947662354 0
		endloop
	endfacet
	facet normal -0.4647266560685275 0.8854541970872152 0
		outer loop
			vertex 0.0005673678242601454 0.04085197299718857 0
			vertex 0.0005673678242601454 0.04085197299718857 0.0024999999441206455
			vertex 0.000908903602976352 0.04103122651576996 0.0024999999441206455
		endloop
	endfacet
	facet normal -0.4647266560685275 0.8854541970872152 0
		outer loop
			vertex 0.0005673678242601454 0.04085197299718857 0
			vertex 0.000908903602976352 0.04103122651576996 0.0024999999441206455
			vertex 0.000908903602976352 0.04103122651576996 0
		endloop
	endfacet
	facet normal -0.23931751268264104 0.9709413618357157 0
		outer loop
			vertex 0.00019285868620499969 0.04075966402888298 0
			vertex 0.00019285868620499969 0.04075966402888298 0.0024999999441206455
			vertex 0.0005673678242601454 0.04085197299718857 0.0024999999441206455
		endloop
	endfacet
	facet normal -0.23931751268264104 0.9709413618357157 0
		outer loop
			vertex 0.00019285868620499969 0.04075966402888298 0
			vertex 0.0005673678242601454 0.04085197299718857 0.0024999999441206455
			vertex 0.0005673678242601454 0.04085197299718857 0
		endloop
	endfacet
	facet normal 0 1 0
		outer loop
			vertex -0.00019285868620499969 0.04075966402888298 0
			vertex -0.00019285868620499969 0.04075966402888298 0.0024999999441206455
			vertex 0.00019285868620499969 0.04075966402888298 0.0024999999441206455
		endloop
	endfacet
	facet normal 0 1 0
		outer loop
			vertex -0.00019285868620499969 0.04075966402888298 0
			vertex 0.00019285868620499969 0.04075966402888298 0.0024999999441206455
			vertex 0.00019285868620499969 0.04075966402888298 0
		endloop
	endfacet
	facet normal 0.23931751268264104 0.9709413618357157 0
		outer loop
			vertex -0.0005673678242601454 0.04085197299718857 0
			vertex -0.0005673678242601454 0.04085197299718857 0.0024999999441206455
			vertex -0.00019285868620499969 0.04075966402888298 0.0024999999441206455
		endloop
	endfacet
	facet normal 0.23931751268264104 0.9709413618357157 0
		outer loop
			vertex -0.0005673678242601454 0.04085197299718857 0
			vertex -0.00019285868620499969 0.04075966402888298 0.0024999999441206455
			vertex -0.00019285868620499969 0.04075966402888298 0
		endloop
	endfacet
	facet normal 0.4647266560685275 0.8854541970872152 0
		outer loop
			vertex -0.000908903602976352 0.04103122651576996 0
			vertex -0.000908903602976352 0.04103122651576996 0.0024999999441206455
			vertex -0.0005673678242601454 0.04085197299718857 0.0024999999441206455
		endloop
	endfacet
	facet normal 0.4647266560685275 0.8854541970872152 0
		outer loop
			vertex -0.000908903602976352 0.04103122651576996 0
			vertex -0.0005673678242601454 0.04085197299718857 0.0024999999441206455
			vertex -0.0005673678242601454 0.04085197299718857 0
		endloop
	endfacet
	facet normal 0.6631234528493258 0.7485100442086186 0
		outer loop
			vertex -0.001197617151774466 0.041287004947662354 0
			vertex -0.001197617151774466 0.041287004947662354 0.0024999999441206455
			vertex -0.000908903602976352 0.04103122651576996 0.0024999999441206455
		endloop
	endfacet
	facet normal 0.6631234528493258 0.7485100442086186 0
		outer loop
			vertex -0.001197617151774466 0.041287004947662354 0
			vertex -0.000908903602976352 0.04103122651576996 0.0024999999441206455
			vertex -0.000908903602976352 0.04103122651576996 0
		endloop
	endfacet
	facet normal 0.8229840207737622 0.5680645223485197 0
		outer loop
			vertex -0.0014167296467348933 0.04160444438457489 0
			vertex -0.0014167296467348933 0.04160444438457489 0.0024999999441206455
			vertex -0.001197617151774466 0.041287004947662354 0.0024999999441206455
		endloop
	endfacet
	facet normal 0.8229840207737622 0.5680645223485197 0
		outer loop
			vertex -0.0014167296467348933 0.04160444438457489 0
			vertex -0.001197617151774466 0.041287004947662354 0.0024999999441206455
			vertex -0.001197617151774466 0.041287004947662354 0
		endloop
	endfacet
	facet normal 0.9350152639691098 0.35460746769459917 0
		outer loop
			vertex -0.0015535069396719337 0.041965093463659286 0
			vertex -0.0014167296467348933 0.04160444438457489 0.0024999999441206455
			vertex -0.0014167296467348933 0.04160444438457489 0
		endloop
	endfacet
	facet normal 0.9350152639691098 0.35460746769459917 0
		outer loop
			vertex -0.0015535069396719337 0.041965093463659286 0
			vertex -0.0015535069396719337 0.041965093463659286 0.0024999999441206455
			vertex -0.0014167296467348933 0.04160444438457489 0.0024999999441206455
		endloop
	endfacet
	facet normal 0.9927089954040051 0.12053568120673303 0
		outer loop
			vertex -0.0015999999595806003 0.04234800115227699 0
			vertex -0.0015535069396719337 0.041965093463659286 0.0024999999441206455
			vertex -0.0015535069396719337 0.041965093463659286 0
		endloop
	endfacet
	facet normal 0.9927089954040051 0.12053568120673303 0
		outer loop
			vertex -0.0015999999595806003 0.04234800115227699 0
			vertex -0.0015999999595806003 0.04234800115227699 0.0024999999441206455
			vertex -0.0015535069396719337 0.041965093463659286 0.0024999999441206455
		endloop
	endfacet
	facet normal 0.9927088550820939 -0.120536836865741 0
		outer loop
			vertex -0.0015535069396719337 0.0427309051156044 0
			vertex -0.0015999999595806003 0.04234800115227699 0.0024999999441206455
			vertex -0.0015999999595806003 0.04234800115227699 0
		endloop
	endfacet
	facet normal 0.9927088550820939 -0.120536836865741 0
		outer loop
			vertex -0.0015535069396719337 0.0427309051156044 0
			vertex -0.0015535069396719337 0.0427309051156044 0.0024999999441206455
			vertex -0.0015999999595806003 0.04234800115227699 0.0024999999441206455
		endloop
	endfacet
	facet normal 0.9350164784309298 -0.35460426543207674 0
		outer loop
			vertex -0.0014167296467348933 0.043091557919979095 0
			vertex -0.0015535069396719337 0.0427309051156044 0.0024999999441206455
			vertex -0.0015535069396719337 0.0427309051156044 0
		endloop
	endfacet
	facet normal 0.9350164784309298 -0.35460426543207674 0
		outer loop
			vertex -0.0014167296467348933 0.043091557919979095 0
			vertex -0.0014167296467348933 0.043091557919979095 0.0024999999441206455
			vertex -0.0015535069396719337 0.0427309051156044 0.0024999999441206455
		endloop
	endfacet
	facet normal 0.8229840207737622 -0.5680645223485197 0
		outer loop
			vertex -0.001197617151774466 0.04340899735689163 0
			vertex -0.0014167296467348933 0.043091557919979095 0.0024999999441206455
			vertex -0.0014167296467348933 0.043091557919979095 0
		endloop
	endfacet
	facet normal 0.8229840207737622 -0.5680645223485197 0
		outer loop
			vertex -0.001197617151774466 0.04340899735689163 0
			vertex -0.001197617151774466 0.04340899735689163 0.0024999999441206455
			vertex -0.0014167296467348933 0.043091557919979095 0.0024999999441206455
		endloop
	endfacet
	facet normal 0.6631234528493258 -0.7485100442086186 0
		outer loop
			vertex -0.000908903602976352 0.04366477578878403 0
			vertex -0.001197617151774466 0.04340899735689163 0.0024999999441206455
			vertex -0.001197617151774466 0.04340899735689163 0
		endloop
	endfacet
	facet normal 0.6631234528493258 -0.7485100442086186 0
		outer loop
			vertex -0.000908903602976352 0.04366477578878403 0
			vertex -0.000908903602976352 0.04366477578878403 0.0024999999441206455
			vertex -0.001197617151774466 0.04340899735689163 0.0024999999441206455
		endloop
	endfacet
	facet normal 0.4647190838150818 -0.8854581713091089 0
		outer loop
			vertex -0.0005673678242601454 0.04384402558207512 0
			vertex -0.000908903602976352 0.04366477578878403 0.0024999999441206455
			vertex -0.000908903602976352 0.04366477578878403 0
		endloop
	endfacet
	facet normal 0.4647190838150818 -0.8854581713091089 0
		outer loop
			vertex -0.0005673678242601454 0.04384402558207512 0
			vertex -0.0005673678242601454 0.04384402558207512 0.0024999999441206455
			vertex -0.000908903602976352 0.04366477578878403 0.0024999999441206455
		endloop
	endfacet
	facet normal 0.23931751268264104 -0.9709413618357157 0
		outer loop
			vertex -0.00019285868620499969 0.04393633455038071 0
			vertex -0.0005673678242601454 0.04384402558207512 0.0024999999441206455
			vertex -0.0005673678242601454 0.04384402558207512 0
		endloop
	endfacet
	facet normal 0.23931751268264104 -0.9709413618357157 0
		outer loop
			vertex -0.00019285868620499969 0.04393633455038071 0
			vertex -0.00019285868620499969 0.04393633455038071 0.0024999999441206455
			vertex -0.0005673678242601454 0.04384402558207512 0.0024999999441206455
		endloop
	endfacet
	facet normal 0 -1 0
		outer loop
			vertex 0.00019285868620499969 0.04393633455038071 0
			vertex -0.00019285868620499969 0.04393633455038071 0.0024999999441206455
			vertex -0.00019285868620499969 0.04393633455038071 0
		endloop
	endfacet
	facet normal 0 -1 0
		outer loop
			vertex 0.00019285868620499969 0.04393633455038071 0
			vertex 0.00019285868620499969 0.04393633455038071 0.0024999999441206455
			vertex -0.00019285868620499969 0.04393633455038071 0.0024999999441206455
		endloop
	endfacet
	facet normal -0.23931751268264104 -0.9709413618357157 0
		outer loop
			vertex 0.0005673678242601454 0.04384402558207512 0
			vertex 0.00019285868620499969 0.04393633455038071 0.0024999999441206455
			vertex 0.00019285868620499969 0.04393633455038071 0
		endloop
	endfacet
	facet normal -0.23931751268264104 -0.9709413618357157 0
		outer loop
			vertex 0.0005673678242601454 0.04384402558207512 0
			vertex 0.0005673678242601454 0.04384402558207512 0.0024999999441206455
			vertex 0.00019285868620499969 0.04393633455038071 0.0024999999441206455
		endloop
	endfacet
	facet normal -0.4647190838150818 -0.8854581713091089 0
		outer loop
			vertex 0.000908903602976352 0.04366477578878403 0
			vertex 0.0005673678242601454 0.04384402558207512 0.0024999999441206455
			vertex 0.0005673678242601454 0.04384402558207512 0
		endloop
	endfacet
	facet normal -0.4647190838150818 -0.8854581713091089 0
		outer loop
			vertex 0.000908903602976352 0.04366477578878403 0
			vertex 0.000908903602976352 0.04366477578878403 0.0024999999441206455
			vertex 0.0005673678242601454 0.04384402558207512 0.0024999999441206455
		endloop
	endfacet
	facet normal -0.6631234528493258 -0.7485100442086186 0
		outer loop
			vertex 0.001197617151774466 0.04340899735689163 0
			vertex 0.000908903602976352 0.04366477578878403 0.0024999999441206455
			vertex 0.000908903602976352 0.04366477578878403 0
		endloop
	endfacet
	facet normal -0.6631234528493258 -0.7485100442086186 0
		outer loop
			vertex 0.001197617151774466 0.04340899735689163 0
			vertex 0.001197617151774466 0.04340899735689163 0.0024999999441206455
			vertex 0.000908903602976352 0.04366477578878403 0.0024999999441206455
		endloop
	endfacet
	facet normal -0.8229840207737622 -0.5680645223485197 0
		outer loop
			vertex 0.0014167296467348933 0.043091557919979095 0
			vertex 0.0014167296467348933 0.043091557919979095 0.0024999999441206455
			vertex 0.001197617151774466 0.04340899735689163 0.0024999999441206455
		endloop
	endfacet
	facet normal -0.8229840207737622 -0.5680645223485197 0
		outer loop
			vertex 0.0014167296467348933 0.043091557919979095 0
			vertex 0.001197617151774466 0.04340899735689163 0.0024999999441206455
			vertex 0.001197617151774466 0.04340899735689163 0
		endloop
	endfacet
	facet normal -0.9350164784309298 -0.35460426543207674 0
		outer loop
			vertex 0.0015535069396719337 0.0427309051156044 0
			vertex 0.0015535069396719337 0.0427309051156044 0.0024999999441206455
			vertex 0.0014167296467348933 0.043091557919979095 0.0024999999441206455
		endloop
	endfacet
	facet normal -0.9350164784309298 -0.35460426543207674 0
		outer loop
			vertex 0.0015535069396719337 0.0427309051156044 0
			vertex 0.0014167296467348933 0.043091557919979095 0.0024999999441206455
			vertex 0.0014167296467348933 0.043091557919979095 0
		endloop
	endfacet
	facet normal -0.9927088550820939 -0.120536836865741 0
		outer loop
			vertex 0.0015999999595806003 0.04234800115227699 0
			vertex 0.0015535069396719337 0.0427309051156044 0.0024999999441206455
			vertex 0.0015535069396719337 0.0427309051156044 0
		endloop
	endfacet
	facet normal -0.9927088550820939 -0.120536836865741 0
		outer loop
			vertex 0.0015999999595806003 0.04234800115227699 0
			vertex 0.0015999999595806003 0.04234800115227699 0.0024999999441206455
			vertex 0.0015535069396719337 0.0427309051156044 0.0024999999441206455
		endloop
	endfacet
	facet normal -0.9927089954040051 0.12053568120673303 0
		outer loop
			vertex 0.0015535069396719337 0.06126909330487251 0
			vertex 0.0015999999595806003 0.06165200099349022 0.0024999999441206455
			vertex 0.0015999999595806003 0.06165200099349022 0
		endloop
	endfacet
	facet normal -0.9927089954040051 0.12053568120673303 0
		outer loop
			vertex 0.0015535069396719337 0.06126909330487251 0
			vertex 0.0015535069396719337 0.06126909330487251 0.0024999999441206455
			vertex 0.0015999999595806003 0.06165200099349022 0.0024999999441206455
		endloop
	endfacet
	facet normal -0.9350152639691098 0.35460746769459917 0
		outer loop
			vertex 0.0014167296467348933 0.060908444225788116 0
			vertex 0.0014167296467348933 0.060908444225788116 0.0024999999441206455
			vertex 0.0015535069396719337 0.06126909330487251 0.0024999999441206455
		endloop
	endfacet
	facet normal -0.9350152639691098 0.35460746769459917 0
		outer loop
			vertex 0.0014167296467348933 0.060908444225788116 0
			vertex 0.0015535069396719337 0.06126909330487251 0.0024999999441206455
			vertex 0.0015535069396719337 0.06126909330487251 0
		endloop
	endfacet
	facet normal -0.8229840207737622 0.5680645223485197 0
		outer loop
			vertex 0.001197617151774466 0.06059100478887558 0
			vertex 0.001197617151774466 0.06059100478887558 0.0024999999441206455
			vertex 0.0014167296467348933 0.060908444225788116 0.0024999999441206455
		endloop
	endfacet
	facet normal -0.8229840207737622 0.5680645223485197 0
		outer loop
			vertex 0.001197617151774466 0.06059100478887558 0
			vertex 0.0014167296467348933 0.060908444225788116 0.0024999999441206455
			vertex 0.0014167296467348933 0.060908444225788116 0
		endloop
	endfacet
	facet normal -0.6631234528493258 0.7485100442086186 0
		outer loop
			vertex 0.000908903602976352 0.060335226356983185 0
			vertex 0.000908903602976352 0.060335226356983185 0.0024999999441206455
			vertex 0.001197617151774466 0.06059100478887558 0.0024999999441206455
		endloop
	endfacet
	facet normal -0.6631234528493258 0.7485100442086186 0
		outer loop
			vertex 0.000908903602976352 0.060335226356983185 0
			vertex 0.001197617151774466 0.06059100478887558 0.0024999999441206455
			vertex 0.001197617151774466 0.06059100478887558 0
		endloop
	endfacet
	facet normal -0.4647266560685275 0.8854541970872152 0
		outer loop
			vertex 0.0005673678242601454 0.060155972838401794 0
			vertex 0.0005673678242601454 0.060155972838401794 0.0024999999441206455
			vertex 0.000908903602976352 0.060335226356983185 0.0024999999441206455
		endloop
	endfacet
	facet normal -0.4647266560685275 0.8854541970872152 0
		outer loop
			vertex 0.0005673678242601454 0.060155972838401794 0
			vertex 0.000908903602976352 0.060335226356983185 0.0024999999441206455
			vertex 0.000908903602976352 0.060335226356983185 0
		endloop
	endfacet
	facet normal -0.23930840771901735 0.9709436059807948 0
		outer loop
			vertex 0.00019285868620499969 0.060063667595386505 0
			vertex 0.00019285868620499969 0.060063667595386505 0.0024999999441206455
			vertex 0.0005673678242601454 0.060155972838401794 0.0024999999441206455
		endloop
	endfacet
	facet normal -0.23930840771901735 0.9709436059807948 0
		outer loop
			vertex 0.00019285868620499969 0.060063667595386505 0
			vertex 0.0005673678242601454 0.060155972838401794 0.0024999999441206455
			vertex 0.0005673678242601454 0.060155972838401794 0
		endloop
	endfacet
	facet normal 0 1 0
		outer loop
			vertex -0.00019285868620499969 0.060063667595386505 0
			vertex -0.00019285868620499969 0.060063667595386505 0.0024999999441206455
			vertex 0.00019285868620499969 0.060063667595386505 0.0024999999441206455
		endloop
	endfacet
	facet normal 0 1 0
		outer loop
			vertex -0.00019285868620499969 0.060063667595386505 0
			vertex 0.00019285868620499969 0.060063667595386505 0.0024999999441206455
			vertex 0.00019285868620499969 0.060063667595386505 0
		endloop
	endfacet
	facet normal 0.23930840771901735 0.9709436059807948 0
		outer loop
			vertex -0.0005673678242601454 0.060155972838401794 0
			vertex -0.0005673678242601454 0.060155972838401794 0.0024999999441206455
			vertex -0.00019285868620499969 0.060063667595386505 0.0024999999441206455
		endloop
	endfacet
	facet normal 0.23930840771901735 0.9709436059807948 0
		outer loop
			vertex -0.0005673678242601454 0.060155972838401794 0
			vertex -0.00019285868620499969 0.060063667595386505 0.0024999999441206455
			vertex -0.00019285868620499969 0.060063667595386505 0
		endloop
	endfacet
	facet normal 0.4647266560685275 0.8854541970872152 0
		outer loop
			vertex -0.000908903602976352 0.060335226356983185 0
			vertex -0.000908903602976352 0.060335226356983185 0.0024999999441206455
			vertex -0.0005673678242601454 0.060155972838401794 0.0024999999441206455
		endloop
	endfacet
	facet normal 0.4647266560685275 0.8854541970872152 0
		outer loop
			vertex -0.000908903602976352 0.060335226356983185 0
			vertex -0.0005673678242601454 0.060155972838401794 0.0024999999441206455
			vertex -0.0005673678242601454 0.060155972838401794 0
		endloop
	endfacet
	facet normal 0.6631234528493258 0.7485100442086186 0
		outer loop
			vertex -0.001197617151774466 0.06059100478887558 0
			vertex -0.001197617151774466 0.06059100478887558 0.0024999999441206455
			vertex -0.000908903602976352 0.060335226356983185 0.0024999999441206455
		endloop
	endfacet
	facet normal 0.6631234528493258 0.7485100442086186 0
		outer loop
			vertex -0.001197617151774466 0.06059100478887558 0
			vertex -0.000908903602976352 0.060335226356983185 0.0024999999441206455
			vertex -0.000908903602976352 0.060335226356983185 0
		endloop
	endfacet
	facet normal 0.8229840207737622 0.5680645223485197 0
		outer loop
			vertex -0.0014167296467348933 0.060908444225788116 0
			vertex -0.0014167296467348933 0.060908444225788116 0.0024999999441206455
			vertex -0.001197617151774466 0.06059100478887558 0.0024999999441206455
		endloop
	endfacet
	facet normal 0.8229840207737622 0.5680645223485197 0
		outer loop
			vertex -0.0014167296467348933 0.060908444225788116 0
			vertex -0.001197617151774466 0.06059100478887558 0.0024999999441206455
			vertex -0.001197617151774466 0.06059100478887558 0
		endloop
	endfacet
	facet normal 0.9350152639691098 0.35460746769459917 0
		outer loop
			vertex -0.0015535069396719337 0.06126909330487251 0
			vertex -0.0014167296467348933 0.060908444225788116 0.0024999999441206455
			vertex -0.0014167296467348933 0.060908444225788116 0
		endloop
	endfacet
	facet normal 0.9350152639691098 0.35460746769459917 0
		outer loop
			vertex -0.0015535069396719337 0.06126909330487251 0
			vertex -0.0015535069396719337 0.06126909330487251 0.0024999999441206455
			vertex -0.0014167296467348933 0.060908444225788116 0.0024999999441206455
		endloop
	endfacet
	facet normal 0.9927089954040051 0.12053568120673303 0
		outer loop
			vertex -0.0015999999595806003 0.06165200099349022 0
			vertex -0.0015535069396719337 0.06126909330487251 0.0024999999441206455
			vertex -0.0015535069396719337 0.06126909330487251 0
		endloop
	endfacet
	facet normal 0.9927089954040051 0.12053568120673303 0
		outer loop
			vertex -0.0015999999595806003 0.06165200099349022 0
			vertex -0.0015999999595806003 0.06165200099349022 0.0024999999441206455
			vertex -0.0015535069396719337 0.06126909330487251 0.0024999999441206455
		endloop
	endfacet
	facet normal 0.9927088550820939 -0.120536836865741 0
		outer loop
			vertex -0.0015535069396719337 0.06203490495681763 0
			vertex -0.0015999999595806003 0.06165200099349022 0.0024999999441206455
			vertex -0.0015999999595806003 0.06165200099349022 0
		endloop
	endfacet
	facet normal 0.9927088550820939 -0.120536836865741 0
		outer loop
			vertex -0.0015535069396719337 0.06203490495681763 0
			vertex -0.0015535069396719337 0.06203490495681763 0.0024999999441206455
			vertex -0.0015999999595806003 0.06165200099349022 0.0024999999441206455
		endloop
	endfacet
	facet normal 0.9350164784309298 -0.35460426543207674 0
		outer loop
			vertex -0.0014167296467348933 0.06239555776119232 0
			vertex -0.0015535069396719337 0.06203490495681763 0.0024999999441206455
			vertex -0.0015535069396719337 0.06203490495681763 0
		endloop
	endfacet
	facet normal 0.9350164784309298 -0.35460426543207674 0
		outer loop
			vertex -0.0014167296467348933 0.06239555776119232 0
			vertex -0.0014167296467348933 0.06239555776119232 0.0024999999441206455
			vertex -0.0015535069396719337 0.06203490495681763 0.0024999999441206455
		endloop
	endfacet
	facet normal 0.8229840207737622 -0.5680645223485197 0
		outer loop
			vertex -0.001197617151774466 0.06271299719810486 0
			vertex -0.0014167296467348933 0.06239555776119232 0.0024999999441206455
			vertex -0.0014167296467348933 0.06239555776119232 0
		endloop
	endfacet
	facet normal 0.8229840207737622 -0.5680645223485197 0
		outer loop
			vertex -0.001197617151774466 0.06271299719810486 0
			vertex -0.001197617151774466 0.06271299719810486 0.0024999999441206455
			vertex -0.0014167296467348933 0.06239555776119232 0.0024999999441206455
		endloop
	endfacet
	facet normal 0.6631234528493258 -0.7485100442086186 0
		outer loop
			vertex -0.000908903602976352 0.06296877562999725 0
			vertex -0.001197617151774466 0.06271299719810486 0.0024999999441206455
			vertex -0.001197617151774466 0.06271299719810486 0
		endloop
	endfacet
	facet normal 0.6631234528493258 -0.7485100442086186 0
		outer loop
			vertex -0.000908903602976352 0.06296877562999725 0
			vertex -0.000908903602976352 0.06296877562999725 0.0024999999441206455
			vertex -0.001197617151774466 0.06271299719810486 0.0024999999441206455
		endloop
	endfacet
	facet normal 0.4647266560685275 -0.8854541970872152 0
		outer loop
			vertex -0.0005673678242601454 0.06314802914857864 0
			vertex -0.000908903602976352 0.06296877562999725 0.0024999999441206455
			vertex -0.000908903602976352 0.06296877562999725 0
		endloop
	endfacet
	facet normal 0.4647266560685275 -0.8854541970872152 0
		outer loop
			vertex -0.0005673678242601454 0.06314802914857864 0
			vertex -0.0005673678242601454 0.06314802914857864 0.0024999999441206455
			vertex -0.000908903602976352 0.06296877562999725 0.0024999999441206455
		endloop
	endfacet
	facet normal 0.23930840771901735 -0.9709436059807948 0
		outer loop
			vertex -0.00019285868620499969 0.06324033439159393 0
			vertex -0.0005673678242601454 0.06314802914857864 0.0024999999441206455
			vertex -0.0005673678242601454 0.06314802914857864 0
		endloop
	endfacet
	facet normal 0.23930840771901735 -0.9709436059807948 0
		outer loop
			vertex -0.00019285868620499969 0.06324033439159393 0
			vertex -0.00019285868620499969 0.06324033439159393 0.0024999999441206455
			vertex -0.0005673678242601454 0.06314802914857864 0.0024999999441206455
		endloop
	endfacet
	facet normal 0 -1 0
		outer loop
			vertex 0.00019285868620499969 0.06324033439159393 0
			vertex -0.00019285868620499969 0.06324033439159393 0.0024999999441206455
			vertex -0.00019285868620499969 0.06324033439159393 0
		endloop
	endfacet
	facet normal 0 -1 0
		outer loop
			vertex 0.00019285868620499969 0.06324033439159393 0
			vertex 0.00019285868620499969 0.06324033439159393 0.0024999999441206455
			vertex -0.00019285868620499969 0.06324033439159393 0.0024999999441206455
		endloop
	endfacet
	facet normal -0.23930840771901735 -0.9709436059807948 0
		outer loop
			vertex 0.0005673678242601454 0.06314802914857864 0
			vertex 0.00019285868620499969 0.06324033439159393 0.0024999999441206455
			vertex 0.00019285868620499969 0.06324033439159393 0
		endloop
	endfacet
	facet normal -0.23930840771901735 -0.9709436059807948 0
		outer loop
			vertex 0.0005673678242601454 0.06314802914857864 0
			vertex 0.0005673678242601454 0.06314802914857864 0.0024999999441206455
			vertex 0.00019285868620499969 0.06324033439159393 0.0024999999441206455
		endloop
	endfacet
	facet normal -0.4647266560685275 -0.8854541970872152 0
		outer loop
			vertex 0.000908903602976352 0.06296877562999725 0
			vertex 0.0005673678242601454 0.06314802914857864 0.0024999999441206455
			vertex 0.0005673678242601454 0.06314802914857864 0
		endloop
	endfacet
	facet normal -0.4647266560685275 -0.8854541970872152 0
		outer loop
			vertex 0.000908903602976352 0.06296877562999725 0
			vertex 0.000908903602976352 0.06296877562999725 0.0024999999441206455
			vertex 0.0005673678242601454 0.06314802914857864 0.0024999999441206455
		endloop
	endfacet
	facet normal -0.6631234528493258 -0.7485100442086186 0
		outer loop
			vertex 0.001197617151774466 0.06271299719810486 0
			vertex 0.000908903602976352 0.06296877562999725 0.0024999999441206455
			vertex 0.000908903602976352 0.06296877562999725 0
		endloop
	endfacet
	facet normal -0.6631234528493258 -0.7485100442086186 0
		outer loop
			vertex 0.001197617151774466 0.06271299719810486 0
			vertex 0.001197617151774466 0.06271299719810486 0.0024999999441206455
			vertex 0.000908903602976352 0.06296877562999725 0.0024999999441206455
		endloop
	endfacet
	facet normal -0.8229840207737622 -0.5680645223485197 0
		outer loop
			vertex 0.0014167296467348933 0.06239555776119232 0
			vertex 0.0014167296467348933 0.06239555776119232 0.0024999999441206455
			vertex 0.001197617151774466 0.06271299719810486 0.0024999999441206455
		endloop
	endfacet
	facet normal -0.8229840207737622 -0.5680645223485197 0
		outer loop
			vertex 0.0014167296467348933 0.06239555776119232 0
			vertex 0.001197617151774466 0.06271299719810486 0.0024999999441206455
			vertex 0.001197617151774466 0.06271299719810486 0
		endloop
	endfacet
	facet normal -0.9350164784309298 -0.35460426543207674 0
		outer loop
			vertex 0.0015535069396719337 0.06203490495681763 0
			vertex 0.0015535069396719337 0.06203490495681763 0.0024999999441206455
			vertex 0.0014167296467348933 0.06239555776119232 0.0024999999441206455
		endloop
	endfacet
	facet normal -0.9350164784309298 -0.35460426543207674 0
		outer loop
			vertex 0.0015535069396719337 0.06203490495681763 0
			vertex 0.0014167296467348933 0.06239555776119232 0.0024999999441206455
			vertex 0.0014167296467348933 0.06239555776119232 0
		endloop
	endfacet
	facet normal -0.9927088550820939 -0.120536836865741 0
		outer loop
			vertex 0.0015999999595806003 0.06165200099349022 0
			vertex 0.0015535069396719337 0.06203490495681763 0.0024999999441206455
			vertex 0.0015535069396719337 0.06203490495681763 0
		endloop
	endfacet
	facet normal -0.9927088550820939 -0.120536836865741 0
		outer loop
			vertex 0.0015999999595806003 0.06165200099349022 0
			vertex 0.0015999999595806003 0.06165200099349022 0.0024999999441206455
			vertex 0.0015535069396719337 0.06203490495681763 0.0024999999441206455
		endloop
	endfacet
endsolid exported
